Season,Div,Date,HomeTeam,AwayTeam,FTHG,FTAG,FTR,HS,AS,HST,AST
2324,E0,2023-08-11,Burnley,Man City,0,3,A,6.0,17.0,1.0,8.0
2324,F1,2023-08-11,Nice,Lille,1,1,D,8.0,12.0,3.0,5.0
2324,SP1,2023-08-11,Almeria,Vallecano,0,2,A,19.0,10.0,5.0,4.0
2324,SP1,2023-08-11,Sevilla,Valencia,1,2,A,9.0,10.0,3.0,3.0
2324,E0,2023-08-12,Arsenal,Nott'm Forest,2,1,H,15.0,6.0,7.0,2.0
2324,E0,2023-08-12,Bournemouth,West Ham,1,1,D,14.0,16.0,5.0,3.0
2324,E0,2023-08-12,Brighton,Luton,4,1,H,27.0,9.0,12.0,3.0
2324,E0,2023-08-12,Everton,Fulham,0,1,A,19.0,9.0,9.0,2.0
2324,E0,2023-08-12,Newcastle,Aston Villa,5,1,H,17.0,16.0,13.0,6.0
2324,E0,2023-08-12,Sheffield United,Crystal Palace,0,1,A,8.0,24.0,1.0,8.0
2324,F1,2023-08-12,Marseille,Reims,2,1,H,14.0,11.0,4.0,4.0
2324,F1,2023-08-12,Paris SG,Lorient,0,0,D,20.0,4.0,4.0,0.0
2324,SP1,2023-08-12,Ath Bilbao,Real Madrid,0,2,A,7.0,14.0,1.0,8.0
2324,SP1,2023-08-12,Las Palmas,Mallorca,1,1,D,5.0,12.0,2.0,2.0
2324,SP1,2023-08-12,Sociedad,Girona,1,1,D,15.0,6.0,2.0,1.0
2324,E0,2023-08-13,Brentford,Tottenham,2,2,D,11.0,18.0,6.0,6.0
2324,E0,2023-08-13,Chelsea,Liverpool,1,1,D,10.0,13.0,4.0,1.0
2324,F1,2023-08-13,Brest,Lens,3,2,H,15.0,10.0,8.0,2.0
2324,F1,2023-08-13,Clermont,Monaco,2,4,A,15.0,14.0,7.0,8.0
2324,F1,2023-08-13,Montpellier,Le Havre,2,2,D,15.0,12.0,5.0,4.0
2324,F1,2023-08-13,Nantes,Toulouse,1,2,A,9.0,9.0,4.0,5.0
2324,F1,2023-08-13,Rennes,Metz,5,1,H,29.0,9.0,14.0,3.0
2324,F1,2023-08-13,Strasbourg,Lyon,2,1,H,8.0,23.0,2.0,7.0
2324,SP1,2023-08-13,Celta,Osasuna,0,2,A,11.0,11.0,1.0,5.0
2324,SP1,2023-08-13,Getafe,Barcelona,0,0,D,5.0,14.0,2.0,4.0
2324,SP1,2023-08-13,Villarreal,Betis,1,2,A,18.0,12.0,5.0,5.0
2324,E0,2023-08-14,Man United,Wolves,1,0,H,15.0,23.0,3.0,6.0
2324,SP1,2023-08-14,Ath Madrid,Granada,3,1,H,14.0,7.0,6.0,4.0
2324,SP1,2023-08-14,Cadiz,Alaves,1,0,H,12.0,10.0,3.0,2.0
2324,D1,2023-08-18,Werder Bremen,Bayern Munich,0,4,A,6.0,25.0,1.0,10.0
2324,E0,2023-08-18,Nott'm Forest,Sheffield United,2,1,H,16.0,7.0,4.0,3.0
2324,F1,2023-08-18,Metz,Marseille,2,2,D,10.0,22.0,5.0,5.0
2324,SP1,2023-08-18,Mallorca,Villarreal,0,1,A,8.0,15.0,1.0,3.0
2324,SP1,2023-08-18,Valencia,Las Palmas,1,0,H,9.0,7.0,4.0,1.0
2324,D1,2023-08-19,Augsburg,M'gladbach,4,4,D,20.0,9.0,8.0,6.0
2324,D1,2023-08-19,Dortmund,FC Koln,1,0,H,12.0,11.0,2.0,4.0
2324,D1,2023-08-19,Hoffenheim,Freiburg,1,2,A,24.0,17.0,5.0,8.0
2324,D1,2023-08-19,Leverkusen,RB Leipzig,3,2,H,11.0,13.0,7.0,6.0
2324,D1,2023-08-19,Stuttgart,Bochum,5,0,H,19.0,4.0,9.0,1.0
2324,D1,2023-08-19,Wolfsburg,Heidenheim,2,0,H,18.0,13.0,8.0,1.0
2324,E0,2023-08-19,Fulham,Brentford,0,3,A,10.0,17.0,2.0,8.0
2324,E0,2023-08-19,Liverpool,Bournemouth,3,1,H,26.0,13.0,10.0,5.0
2324,E0,2023-08-19,Man City,Newcastle,1,0,H,14.0,7.0,4.0,1.0
2324,E0,2023-08-19,Tottenham,Man United,2,0,H,17.0,22.0,6.0,6.0
2324,E0,2023-08-19,Wolves,Brighton,1,4,A,16.0,16.0,5.0,8.0
2324,F1,2023-08-19,Lyon,Montpellier,1,4,A,7.0,14.0,3.0,8.0
2324,F1,2023-08-19,Toulouse,Paris SG,1,1,D,8.0,16.0,2.0,3.0
2324,I1,2023-08-19,Empoli,Verona,0,1,A,10.0,10.0,4.0,4.0
2324,I1,2023-08-19,Frosinone,Napoli,1,3,A,4.0,19.0,1.0,8.0
2324,I1,2023-08-19,Genoa,Fiorentina,1,4,A,4.0,9.0,2.0,5.0
2324,I1,2023-08-19,Inter,Monza,2,0,H,22.0,12.0,3.0,2.0
2324,SP1,2023-08-19,Almeria,Real Madrid,1,3,A,20.0,24.0,8.0,9.0
2324,SP1,2023-08-19,Osasuna,Ath Bilbao,0,2,A,18.0,8.0,7.0,2.0
2324,SP1,2023-08-19,Sociedad,Celta,1,1,D,11.0,17.0,2.0,6.0
2324,D1,2023-08-20,Ein Frankfurt,Darmstadt,1,0,H,10.0,11.0,4.0,2.0
2324,D1,2023-08-20,Union Berlin,Mainz,4,1,H,12.0,9.0,7.0,3.0
2324,E0,2023-08-20,Aston Villa,Everton,4,0,H,13.0,9.0,7.0,2.0
2324,E0,2023-08-20,West Ham,Chelsea,3,1,H,12.0,17.0,6.0,4.0
2324,F1,2023-08-20,Le Havre,Brest,1,2,A,18.0,10.0,7.0,5.0
2324,F1,2023-08-20,Lens,Rennes,1,1,D,15.0,10.0,4.0,5.0
2324,F1,2023-08-20,Lille,Nantes,2,0,H,18.0,14.0,8.0,4.0
2324,F1,2023-08-20,Lorient,Nice,1,1,D,9.0,21.0,2.0,8.0
2324,F1,2023-08-20,Monaco,Strasbourg,3,0,H,9.0,4.0,4.0,1.0
2324,F1,2023-08-20,Reims,Clermont,2,0,H,8.0,11.0,4.0,4.0
2324,I1,2023-08-20,Lecce,Lazio,2,1,H,23.0,10.0,7.0,4.0
2324,I1,2023-08-20,Roma,Salernitana,2,2,D,13.0,3.0,3.0,2.0
2324,I1,2023-08-20,Sassuolo,Atalanta,0,2,A,11.0,16.0,3.0,6.0
2324,I1,2023-08-20,Udinese,Juventus,0,3,A,18.0,9.0,5.0,4.0
2324,SP1,2023-08-20,Barcelona,Cadiz,2,0,H,23.0,10.0,10.0,1.0
2324,SP1,2023-08-20,Betis,Ath Madrid,0,0,D,14.0,5.0,0.0,1.0
2324,SP1,2023-08-20,Girona,Getafe,3,0,H,7.0,9.0,6.0,2.0
2324,E0,2023-08-21,Crystal Palace,Arsenal,0,1,A,14.0,14.0,2.0,3.0
2324,I1,2023-08-21,Bologna,Milan,0,2,A,17.0,10.0,5.0,6.0
2324,I1,2023-08-21,Torino,Cagliari,0,0,D,11.0,8.0,2.0,2.0
2324,SP1,2023-08-21,Alaves,Sevilla,4,3,H,14.0,12.0,7.0,2.0
2324,SP1,2023-08-21,Granada,Vallecano,0,2,A,14.0,17.0,7.0,9.0
2324,D1,2023-08-25,RB Leipzig,Stuttgart,5,1,H,20.0,8.0,11.0,3.0
2324,E0,2023-08-25,Chelsea,Luton,3,0,H,19.0,11.0,8.0,1.0
2324,F1,2023-08-25,Nantes,Monaco,3,3,D,3.0,27.0,3.0,10.0
2324,SP1,2023-08-25,Celta,Real Madrid,0,1,A,13.0,10.0,4.0,3.0
2324,SP1,2023-08-25,Las Palmas,Sociedad,0,0,D,11.0,8.0,5.0,1.0
2324,D1,2023-08-26,Bochum,Dortmund,1,1,D,17.0,13.0,6.0,3.0
2324,D1,2023-08-26,Darmstadt,Union Berlin,1,4,A,18.0,12.0,6.0,6.0
2324,D1,2023-08-26,FC Koln,Wolfsburg,1,2,A,14.0,9.0,2.0,6.0
2324,D1,2023-08-26,Freiburg,Werder Bremen,1,0,H,23.0,16.0,6.0,2.0
2324,D1,2023-08-26,Heidenheim,Hoffenheim,2,3,A,19.0,16.0,9.0,6.0
2324,D1,2023-08-26,M'gladbach,Leverkusen,0,3,A,13.0,24.0,2.0,10.0
2324,E0,2023-08-26,Arsenal,Fulham,2,2,D,19.0,8.0,11.0,3.0
2324,E0,2023-08-26,Bournemouth,Tottenham,0,2,A,11.0,17.0,3.0,6.0
2324,E0,2023-08-26,Brentford,Crystal Palace,1,1,D,12.0,15.0,1.0,5.0
2324,E0,2023-08-26,Brighton,West Ham,1,3,A,25.0,12.0,10.0,3.0
2324,E0,2023-08-26,Everton,Wolves,0,1,A,15.0,11.0,7.0,2.0
2324,E0,2023-08-26,Man United,Nott'm Forest,3,2,H,18.0,9.0,9.0,4.0
2324,F1,2023-08-26,Marseille,Brest,2,0,H,15.0,18.0,6.0,7.0
2324,F1,2023-08-26,Paris SG,Lens,3,1,H,17.0,12.0,7.0,4.0
2324,I1,2023-08-26,Frosinone,Atalanta,2,1,H,13.0,18.0,5.0,6.0
2324,I1,2023-08-26,Milan,Torino,4,1,H,17.0,8.0,7.0,1.0
2324,I1,2023-08-26,Monza,Empoli,2,0,H,20.0,18.0,5.0,6.0
2324,I1,2023-08-26,Verona,Roma,2,1,H,5.0,23.0,3.0,7.0
2324,SP1,2023-08-26,Cadiz,Almeria,1,1,D,11.0,5.0,3.0,2.0
2324,SP1,2023-08-26,Granada,Mallorca,3,2,H,10.0,10.0,4.0,5.0
2324,SP1,2023-08-26,Sevilla,Girona,1,2,A,21.0,8.0,4.0,3.0
2324,D1,2023-08-27,Bayern Munich,Augsburg,3,1,H,19.0,11.0,6.0,2.0
2324,D1,2023-08-27,Mainz,Ein Frankfurt,1,1,D,13.0,8.0,7.0,2.0
2324,E0,2023-08-27,Burnley,Aston Villa,1,3,A,9.0,16.0,2.0,6.0
2324,E0,2023-08-27,Newcastle,Liverpool,1,2,A,23.0,9.0,8.0,4.0
2324,E0,2023-08-27,Sheffield United,Man City,1,2,A,6.0,30.0,2.0,9.0
2324,F1,2023-08-27,Clermont,Metz,0,1,A,16.0,10.0,4.0,5.0
2324,F1,2023-08-27,Lorient,Lille,4,1,H,9.0,18.0,6.0,7.0
2324,F1,2023-08-27,Montpellier,Reims,1,3,A,19.0,12.0,3.0,6.0
2324,F1,2023-08-27,Nice,Lyon,0,0,D,21.0,6.0,4.0,1.0
2324,F1,2023-08-27,Rennes,Le Havre,2,2,D,22.0,7.0,8.0,3.0
2324,F1,2023-08-27,Strasbourg,Toulouse,2,0,H,11.0,7.0,3.0,1.0
2324,I1,2023-08-27,Fiorentina,Lecce,2,2,D,9.0,6.0,4.0,2.0
2324,I1,2023-08-27,Juventus,Bologna,1,1,D,14.0,9.0,3.0,4.0
2324,I1,2023-08-27,Lazio,Genoa,0,1,A,16.0,5.0,2.0,3.0
2324,I1,2023-08-27,Napoli,Sassuolo,2,0,H,25.0,6.0,5.0,1.0
2324,SP1,2023-08-27,Ath Bilbao,Betis,4,2,H,14.0,7.0,6.0,3.0
2324,SP1,2023-08-27,Valencia,Osasuna,1,2,A,16.0,7.0,4.0,2.0
2324,SP1,2023-08-27,Villarreal,Barcelona,3,4,A,13.0,21.0,6.0,11.0
2324,I1,2023-08-28,Cagliari,Inter,0,2,A,12.0,17.0,2.0,3.0
2324,I1,2023-08-28,Salernitana,Udinese,1,1,D,9.0,14.0,4.0,6.0
2324,SP1,2023-08-28,Getafe,Alaves,1,0,H,15.0,16.0,4.0,2.0
2324,SP1,2023-08-28,Vallecano,Ath Madrid,0,7,A,12.0,17.0,3.0,10.0
2324,D1,2023-09-01,Dortmund,Heidenheim,2,2,D,20.0,15.0,9.0,6.0
2324,E0,2023-09-01,Luton,West Ham,1,2,A,16.0,9.0,1.0,3.0
2324,F1,2023-09-01,Nantes,Marseille,1,1,D,10.0,26.0,2.0,9.0
2324,I1,2023-09-01,Roma,Milan,1,2,A,13.0,9.0,2.0,4.0
2324,I1,2023-09-01,Sassuolo,Verona,3,1,H,16.0,11.0,7.0,3.0
2324,SP1,2023-09-01,Almeria,Celta,2,3,A,16.0,14.0,5.0,8.0
2324,SP1,2023-09-01,Cadiz,Villarreal,3,1,H,18.0,7.0,4.0,3.0
2324,D1,2023-09-02,Augsburg,Bochum,2,2,D,11.0,22.0,3.0,9.0
2324,D1,2023-09-02,Hoffenheim,Wolfsburg,3,1,H,11.0,14.0,5.0,7.0
2324,D1,2023-09-02,Leverkusen,Darmstadt,5,1,H,24.0,5.0,13.0,1.0
2324,D1,2023-09-02,M'gladbach,Bayern Munich,1,2,A,8.0,25.0,3.0,9.0
2324,D1,2023-09-02,Stuttgart,Freiburg,5,0,H,13.0,11.0,6.0,5.0
2324,D1,2023-09-02,Werder Bremen,Mainz,4,0,H,12.0,12.0,6.0,3.0
2324,E0,2023-09-02,Brentford,Bournemouth,2,2,D,21.0,12.0,7.0,5.0
2324,E0,2023-09-02,Brighton,Newcastle,3,1,H,15.0,9.0,6.0,2.0
2324,E0,2023-09-02,Burnley,Tottenham,2,5,A,16.0,20.0,4.0,10.0
2324,E0,2023-09-02,Chelsea,Nott'm Forest,0,1,A,21.0,7.0,2.0,3.0
2324,E0,2023-09-02,Man City,Fulham,5,1,H,7.0,6.0,5.0,4.0
2324,E0,2023-09-02,Sheffield United,Everton,2,2,D,13.0,16.0,8.0,6.0
2324,F1,2023-09-02,Brest,Rennes,0,0,D,13.0,6.0,2.0,3.0
2324,F1,2023-09-02,Monaco,Lens,3,0,H,11.0,12.0,6.0,1.0
2324,I1,2023-09-02,Atalanta,Monza,3,0,H,18.0,8.0,8.0,2.0
2324,I1,2023-09-02,Bologna,Cagliari,2,1,H,16.0,7.0,7.0,1.0
2324,I1,2023-09-02,Napoli,Lazio,1,2,A,22.0,6.0,4.0,2.0
2324,I1,2023-09-02,Udinese,Frosinone,0,0,D,12.0,12.0,6.0,2.0
2324,SP1,2023-09-02,Alaves,Valencia,1,0,H,7.0,9.0,1.0,4.0
2324,SP1,2023-09-02,Betis,Vallecano,1,0,H,14.0,15.0,5.0,6.0
2324,SP1,2023-09-02,Real Madrid,Getafe,2,1,H,26.0,6.0,12.0,2.0
2324,SP1,2023-09-02,Sociedad,Granada,5,3,H,15.0,8.0,6.0,5.0
2324,D1,2023-09-03,Ein Frankfurt,FC Koln,1,1,D,12.0,6.0,4.0,2.0
2324,D1,2023-09-03,Union Berlin,RB Leipzig,0,3,A,4.0,15.0,1.0,8.0
2324,E0,2023-09-03,Arsenal,Man United,3,1,H,17.0,10.0,5.0,2.0
2324,E0,2023-09-03,Crystal Palace,Wolves,3,2,H,16.0,12.0,11.0,4.0
2324,E0,2023-09-03,Liverpool,Aston Villa,3,0,H,17.0,9.0,4.0,3.0
2324,F1,2023-09-03,Le Havre,Lorient,3,0,H,17.0,9.0,6.0,2.0
2324,F1,2023-09-03,Lille,Montpellier,1,0,H,15.0,9.0,6.0,5.0
2324,F1,2023-09-03,Lyon,Paris SG,1,4,A,19.0,22.0,8.0,8.0
2324,F1,2023-09-03,Metz,Reims,2,2,D,12.0,12.0,4.0,2.0
2324,F1,2023-09-03,Nice,Strasbourg,2,0,H,16.0,4.0,6.0,0.0
2324,F1,2023-09-03,Toulouse,Clermont,2,2,D,9.0,15.0,5.0,3.0
2324,I1,2023-09-03,Empoli,Juventus,0,2,A,7.0,18.0,0.0,5.0
2324,I1,2023-09-03,Inter,Fiorentina,4,0,H,21.0,6.0,11.0,2.0
2324,I1,2023-09-03,Lecce,Salernitana,2,0,H,20.0,11.0,6.0,4.0
2324,I1,2023-09-03,Torino,Genoa,1,0,H,10.0,7.0,3.0,2.0
2324,SP1,2023-09-03,Girona,Las Palmas,1,0,H,11.0,10.0,6.0,5.0
2324,SP1,2023-09-03,Mallorca,Ath Bilbao,0,0,D,8.0,11.0,2.0,3.0
2324,SP1,2023-09-03,Osasuna,Barcelona,1,2,A,11.0,9.0,3.0,4.0
2324,D1,2023-09-15,Bayern Munich,Leverkusen,2,2,D,15.0,12.0,9.0,5.0
2324,F1,2023-09-15,Paris SG,Nice,2,3,A,12.0,14.0,3.0,8.0
2324,SP1,2023-09-15,Vallecano,Alaves,2,0,H,20.0,9.0,11.0,1.0
2324,D1,2023-09-16,Bochum,Ein Frankfurt,1,1,D,24.0,8.0,10.0,6.0
2324,D1,2023-09-16,FC Koln,Hoffenheim,1,3,A,17.0,17.0,7.0,5.0
2324,D1,2023-09-16,Freiburg,Dortmund,2,4,A,14.0,14.0,4.0,6.0
2324,D1,2023-09-16,Mainz,Stuttgart,1,3,A,15.0,16.0,3.0,6.0
2324,D1,2023-09-16,RB Leipzig,Augsburg,3,0,H,9.0,16.0,6.0,4.0
2324,D1,2023-09-16,Wolfsburg,Union Berlin,2,1,H,8.0,17.0,3.0,5.0
2324,E0,2023-09-16,Aston Villa,Crystal Palace,3,1,H,16.0,6.0,5.0,3.0
2324,E0,2023-09-16,Fulham,Luton,1,0,H,13.0,7.0,2.0,2.0
2324,E0,2023-09-16,Man United,Brighton,1,3,A,14.0,10.0,4.0,8.0
2324,E0,2023-09-16,Newcastle,Brentford,1,0,H,9.0,11.0,2.0,2.0
2324,E0,2023-09-16,Tottenham,Sheffield United,2,1,H,28.0,7.0,10.0,5.0
2324,E0,2023-09-16,West Ham,Man City,1,3,A,6.0,29.0,3.0,15.0
2324,E0,2023-09-16,Wolves,Liverpool,1,3,A,11.0,16.0,2.0,6.0
2324,F1,2023-09-16,Lens,Metz,0,1,A,31.0,2.0,10.0,2.0
2324,F1,2023-09-16,Rennes,Lille,2,2,D,7.0,10.0,4.0,6.0
2324,I1,2023-09-16,Genoa,Napoli,2,2,D,8.0,12.0,3.0,4.0
2324,I1,2023-09-16,Inter,Milan,5,1,H,14.0,9.0,7.0,2.0
2324,I1,2023-09-16,Juventus,Lazio,3,1,H,17.0,16.0,7.0,5.0
2324,SP1,2023-09-16,Ath Bilbao,Cadiz,3,0,H,20.0,5.0,9.0,4.0
2324,SP1,2023-09-16,Barcelona,Betis,5,0,H,17.0,11.0,9.0,2.0
2324,SP1,2023-09-16,Celta,Mallorca,0,1,A,16.0,7.0,4.0,4.0
2324,SP1,2023-09-16,Valencia,Ath Madrid,3,0,H,12.0,11.0,8.0,3.0
2324,D1,2023-09-17,Darmstadt,M'gladbach,3,3,D,15.0,21.0,8.0,10.0
2324,D1,2023-09-17,Heidenheim,Werder Bremen,4,2,H,19.0,11.0,4.0,4.0
2324,E0,2023-09-17,Bournemouth,Chelsea,0,0,D,13.0,14.0,4.0,6.0
2324,E0,2023-09-17,Everton,Arsenal,0,1,A,8.0,13.0,1.0,4.0
2324,F1,2023-09-17,Clermont,Nantes,0,1,A,16.0,8.0,3.0,5.0
2324,F1,2023-09-17,Lorient,Monaco,2,2,D,10.0,20.0,3.0,7.0
2324,F1,2023-09-17,Lyon,Le Havre,0,0,D,23.0,7.0,7.0,0.0
2324,F1,2023-09-17,Marseille,Toulouse,0,0,D,24.0,10.0,6.0,3.0
2324,F1,2023-09-17,Reims,Brest,1,2,A,13.0,18.0,7.0,7.0
2324,F1,2023-09-17,Strasbourg,Montpellier,2,2,D,14.0,11.0,7.0,4.0
2324,I1,2023-09-17,Cagliari,Udinese,0,0,D,10.0,11.0,1.0,1.0
2324,I1,2023-09-17,Fiorentina,Atalanta,3,2,H,15.0,11.0,8.0,4.0
2324,I1,2023-09-17,Frosinone,Sassuolo,4,2,H,16.0,18.0,6.0,7.0
2324,I1,2023-09-17,Monza,Lecce,1,1,D,25.0,4.0,6.0,3.0
2324,I1,2023-09-17,Roma,Empoli,7,0,H,14.0,8.0,9.0,2.0
2324,SP1,2023-09-17,Getafe,Osasuna,3,2,H,11.0,8.0,6.0,3.0
2324,SP1,2023-09-17,Real Madrid,Sociedad,2,1,H,17.0,15.0,8.0,5.0
2324,SP1,2023-09-17,Sevilla,Las Palmas,1,0,H,26.0,12.0,9.0,2.0
2324,SP1,2023-09-17,Villarreal,Almeria,2,1,H,10.0,17.0,4.0,7.0
2324,E0,2023-09-18,Nott'm Forest,Burnley,1,1,D,14.0,10.0,4.0,3.0
2324,I1,2023-09-18,Salernitana,Torino,0,3,A,14.0,11.0,4.0,3.0
2324,I1,2023-09-18,Verona,Bologna,0,0,D,9.0,11.0,1.0,4.0
2324,SP1,2023-09-18,Granada,Girona,2,4,A,12.0,13.0,5.0,7.0
2324,D1,2023-09-22,Stuttgart,Darmstadt,3,1,H,18.0,3.0,11.0,0.0
2324,F1,2023-09-22,Monaco,Nice,0,1,A,9.0,13.0,3.0,7.0
2324,I1,2023-09-22,Lecce,Genoa,1,0,H,18.0,8.0,3.0,1.0
2324,I1,2023-09-22,Salernitana,Frosinone,1,1,D,19.0,9.0,6.0,3.0
2324,SP1,2023-09-22,Alaves,Ath Bilbao,0,2,A,15.0,11.0,5.0,3.0
2324,D1,2023-09-23,Augsburg,Mainz,2,1,H,6.0,13.0,3.0,3.0
2324,D1,2023-09-23,Bayern Munich,Bochum,7,0,H,26.0,4.0,16.0,1.0
2324,D1,2023-09-23,Dortmund,Wolfsburg,1,0,H,18.0,8.0,4.0,2.0
2324,D1,2023-09-23,M'gladbach,RB Leipzig,0,1,A,13.0,8.0,1.0,4.0
2324,D1,2023-09-23,Union Berlin,Hoffenheim,0,2,A,22.0,11.0,6.0,4.0
2324,D1,2023-09-23,Werder Bremen,FC Koln,2,1,H,17.0,13.0,6.0,5.0
2324,E0,2023-09-23,Brentford,Everton,1,3,A,12.0,18.0,2.0,6.0
2324,E0,2023-09-23,Burnley,Man United,0,1,A,12.0,11.0,4.0,4.0
2324,E0,2023-09-23,Crystal Palace,Fulham,0,0,D,7.0,10.0,3.0,5.0
2324,E0,2023-09-23,Luton,Wolves,1,1,D,20.0,3.0,4.0,3.0
2324,E0,2023-09-23,Man City,Nott'm Forest,2,0,H,7.0,10.0,4.0,3.0
2324,F1,2023-09-23,Brest,Lyon,1,0,H,27.0,6.0,11.0,3.0
2324,F1,2023-09-23,Nantes,Lorient,5,3,H,19.0,10.0,9.0,7.0
2324,I1,2023-09-23,Lazio,Monza,1,1,D,8.0,16.0,1.0,4.0
2324,I1,2023-09-23,Milan,Verona,1,0,H,9.0,10.0,4.0,2.0
2324,I1,2023-09-23,Sassuolo,Juventus,4,2,H,18.0,15.0,7.0,2.0
2324,SP1,2023-09-23,Almeria,Valencia,2,2,D,17.0,7.0,10.0,5.0
2324,SP1,2023-09-23,Barcelona,Celta,3,2,H,15.0,13.0,6.0,7.0
2324,SP1,2023-09-23,Girona,Mallorca,5,3,H,23.0,15.0,10.0,5.0
2324,SP1,2023-09-23,Osasuna,Sevilla,0,0,D,16.0,15.0,2.0,3.0
2324,D1,2023-09-24,Ein Frankfurt,Freiburg,0,0,D,13.0,9.0,5.0,2.0
2324,D1,2023-09-24,Leverkusen,Heidenheim,4,1,H,20.0,1.0,10.0,1.0
2324,E0,2023-09-24,Arsenal,Tottenham,2,2,D,13.0,13.0,6.0,5.0
2324,E0,2023-09-24,Brighton,Bournemouth,3,1,H,13.0,12.0,4.0,4.0
2324,E0,2023-09-24,Chelsea,Aston Villa,0,1,A,10.0,15.0,4.0,7.0
2324,E0,2023-09-24,Liverpool,West Ham,3,1,H,22.0,11.0,7.0,4.0
2324,E0,2023-09-24,Sheffield United,Newcastle,0,8,A,9.0,22.0,1.0,15.0
2324,F1,2023-09-24,Le Havre,Clermont,2,1,H,9.0,11.0,3.0,4.0
2324,F1,2023-09-24,Lens,Toulouse,2,1,H,27.0,7.0,7.0,2.0
2324,F1,2023-09-24,Metz,Strasbourg,0,1,A,13.0,4.0,1.0,1.0
2324,F1,2023-09-24,Montpellier,Rennes,0,0,D,13.0,18.0,4.0,6.0
2324,F1,2023-09-24,Paris SG,Marseille,4,0,H,15.0,6.0,5.0,0.0
2324,I1,2023-09-24,Atalanta,Cagliari,2,0,H,10.0,11.0,6.0,1.0
2324,I1,2023-09-24,Bologna,Napoli,0,0,D,5.0,12.0,2.0,4.0
2324,I1,2023-09-24,Empoli,Inter,0,1,A,7.0,23.0,1.0,6.0
2324,I1,2023-09-24,Torino,Roma,1,1,D,13.0,11.0,4.0,3.0
2324,I1,2023-09-24,Udinese,Fiorentina,0,2,A,20.0,6.0,8.0,2.0
2324,SP1,2023-09-24,Ath Madrid,Real Madrid,3,1,H,10.0,20.0,4.0,5.0
2324,SP1,2023-09-24,Betis,Cadiz,1,1,D,21.0,5.0,7.0,1.0
2324,SP1,2023-09-24,Las Palmas,Granada,1,0,H,10.0,2.0,3.0,1.0
2324,SP1,2023-09-24,Sociedad,Getafe,4,3,H,10.0,10.0,6.0,7.0
2324,SP1,2023-09-24,Vallecano,Villarreal,1,1,D,11.0,13.0,6.0,6.0
2324,F1,2023-09-26,Lille,Reims,1,2,A,14.0,4.0,3.0,4.0
2324,I1,2023-09-26,Juventus,Lecce,1,0,H,14.0,2.0,5.0,0.0
2324,SP1,2023-09-26,Mallorca,Barcelona,2,2,D,10.0,10.0,5.0,4.0
2324,SP1,2023-09-26,Sevilla,Almeria,5,1,H,18.0,10.0,9.0,1.0
2324,I1,2023-09-27,Cagliari,Milan,1,3,A,16.0,17.0,6.0,6.0
2324,I1,2023-09-27,Empoli,Salernitana,1,0,H,13.0,14.0,6.0,2.0
2324,I1,2023-09-27,Inter,Sassuolo,1,2,A,13.0,13.0,3.0,6.0
2324,I1,2023-09-27,Lazio,Torino,2,0,H,6.0,7.0,3.0,2.0
2324,I1,2023-09-27,Napoli,Udinese,4,1,H,23.0,13.0,10.0,3.0
2324,I1,2023-09-27,Verona,Atalanta,0,1,A,11.0,8.0,2.0,2.0
2324,SP1,2023-09-27,Ath Bilbao,Getafe,2,2,D,9.0,13.0,4.0,5.0
2324,SP1,2023-09-27,Cadiz,Vallecano,0,0,D,9.0,9.0,2.0,4.0
2324,SP1,2023-09-27,Real Madrid,Las Palmas,2,0,H,21.0,16.0,9.0,2.0
2324,SP1,2023-09-27,Valencia,Sociedad,0,1,A,9.0,2.0,2.0,1.0
2324,SP1,2023-09-27,Villarreal,Girona,1,2,A,14.0,17.0,3.0,5.0
2324,I1,2023-09-28,Frosinone,Fiorentina,1,1,D,11.0,19.0,3.0,6.0
2324,I1,2023-09-28,Genoa,Roma,4,1,H,8.0,13.0,4.0,3.0
2324,I1,2023-09-28,Monza,Bologna,0,0,D,12.0,7.0,3.0,5.0
2324,SP1,2023-09-28,Celta,Alaves,1,1,D,8.0,21.0,0.0,11.0
2324,SP1,2023-09-28,Granada,Betis,1,1,D,19.0,13.0,7.0,3.0
2324,SP1,2023-09-28,Osasuna,Ath Madrid,0,2,A,13.0,4.0,2.0,3.0
2324,D1,2023-09-29,Hoffenheim,Dortmund,1,3,A,15.0,6.0,5.0,5.0
2324,F1,2023-09-29,Strasbourg,Lens,0,1,A,8.0,9.0,2.0,2.0
2324,SP1,2023-09-29,Barcelona,Sevilla,1,0,H,18.0,12.0,5.0,3.0
2324,D1,2023-09-30,Bochum,M'gladbach,1,3,A,23.0,25.0,5.0,9.0
2324,D1,2023-09-30,FC Koln,Stuttgart,0,2,A,14.0,18.0,5.0,4.0
2324,D1,2023-09-30,Heidenheim,Union Berlin,1,0,H,9.0,19.0,4.0,8.0
2324,D1,2023-09-30,Mainz,Leverkusen,0,3,A,10.0,6.0,3.0,3.0
2324,D1,2023-09-30,RB Leipzig,Bayern Munich,2,2,D,7.0,11.0,2.0,5.0
2324,D1,2023-09-30,Wolfsburg,Ein Frankfurt,2,0,H,19.0,7.0,7.0,3.0
2324,E0,2023-09-30,Aston Villa,Brighton,6,1,H,19.0,11.0,9.0,3.0
2324,E0,2023-09-30,Bournemouth,Arsenal,0,4,A,8.0,15.0,1.0,8.0
2324,E0,2023-09-30,Everton,Luton,1,2,A,23.0,9.0,5.0,2.0
2324,E0,2023-09-30,Man United,Crystal Palace,0,1,A,19.0,8.0,4.0,2.0
2324,E0,2023-09-30,Newcastle,Burnley,2,0,H,20.0,8.0,8.0,2.0
2324,E0,2023-09-30,Tottenham,Liverpool,2,1,H,24.0,12.0,8.0,4.0
2324,E0,2023-09-30,West Ham,Sheffield United,2,0,H,20.0,16.0,9.0,2.0
2324,E0,2023-09-30,Wolves,Man City,2,1,H,3.0,23.0,1.0,8.0
2324,F1,2023-09-30,Clermont,Paris SG,0,0,D,12.0,21.0,3.0,10.0
2324,F1,2023-09-30,Monaco,Marseille,3,2,H,10.0,8.0,7.0,4.0
2324,I1,2023-09-30,Lecce,Napoli,0,4,A,9.0,15.0,4.0,6.0
2324,I1,2023-09-30,Milan,Lazio,2,0,H,14.0,13.0,7.0,4.0
2324,I1,2023-09-30,Salernitana,Inter,0,4,A,12.0,16.0,3.0,6.0
2324,SP1,2023-09-30,Getafe,Villarreal,0,0,D,22.0,3.0,9.0,0.0
2324,SP1,2023-09-30,Girona,Real Madrid,0,3,A,13.0,14.0,3.0,7.0
2324,SP1,2023-09-30,Sociedad,Ath Bilbao,3,0,H,8.0,18.0,5.0,3.0
2324,SP1,2023-09-30,Vallecano,Mallorca,2,2,D,19.0,9.0,5.0,4.0
2324,D1,2023-10-01,Darmstadt,Werder Bremen,4,2,H,14.0,10.0,5.0,7.0
2324,D1,2023-10-01,Freiburg,Augsburg,2,0,H,7.0,13.0,3.0,4.0
2324,E0,2023-10-01,Nott'm Forest,Brentford,1,1,D,6.0,18.0,1.0,5.0
2324,F1,2023-10-01,Le Havre,Lille,0,2,A,5.0,16.0,0.0,6.0
2324,F1,2023-10-01,Lorient,Montpellier,0,3,A,14.0,14.0,3.0,8.0
2324,F1,2023-10-01,Nice,Brest,0,0,D,12.0,7.0,1.0,2.0
2324,F1,2023-10-01,Reims,Lyon,2,0,H,8.0,11.0,3.0,6.0
2324,F1,2023-10-01,Rennes,Nantes,3,1,H,16.0,10.0,5.0,3.0
2324,F1,2023-10-01,Toulouse,Metz,3,0,H,15.0,8.0,10.0,3.0
2324,I1,2023-10-01,Atalanta,Juventus,0,0,D,15.0,5.0,2.0,3.0
2324,I1,2023-10-01,Bologna,Empoli,3,0,H,21.0,12.0,9.0,4.0
2324,I1,2023-10-01,Roma,Frosinone,2,0,H,11.0,8.0,5.0,0.0
2324,I1,2023-10-01,Udinese,Genoa,2,2,D,11.0,8.0,2.0,4.0
2324,SP1,2023-10-01,Alaves,Osasuna,0,2,A,17.0,10.0,3.0,3.0
2324,SP1,2023-10-01,Almeria,Granada,3,3,D,17.0,19.0,5.0,4.0
2324,SP1,2023-10-01,Ath Madrid,Cadiz,3,2,H,18.0,8.0,9.0,4.0
2324,SP1,2023-10-01,Betis,Valencia,3,0,H,15.0,9.0,7.0,2.0
2324,E0,2023-10-02,Fulham,Chelsea,0,2,A,10.0,11.0,3.0,4.0
2324,I1,2023-10-02,Fiorentina,Cagliari,3,0,H,14.0,6.0,2.0,4.0
2324,I1,2023-10-02,Sassuolo,Monza,0,1,A,19.0,13.0,7.0,4.0
2324,I1,2023-10-02,Torino,Verona,0,0,D,8.0,5.0,2.0,2.0
2324,SP1,2023-10-02,Las Palmas,Celta,2,1,H,16.0,11.0,5.0,3.0
2324,E0,2023-10-03,Luton,Burnley,1,2,A,18.0,14.0,3.0,4.0
2324,D1,2023-10-06,M'gladbach,Mainz,2,2,D,20.0,13.0,9.0,7.0
2324,F1,2023-10-06,Strasbourg,Nantes,1,2,A,11.0,16.0,3.0,7.0
2324,I1,2023-10-06,Empoli,Udinese,0,0,D,18.0,11.0,3.0,1.0
2324,I1,2023-10-06,Lecce,Sassuolo,1,1,D,13.0,14.0,4.0,1.0
2324,SP1,2023-10-06,Ath Bilbao,Almeria,3,0,H,23.0,4.0,9.0,1.0
2324,D1,2023-10-07,Augsburg,Darmstadt,1,2,A,17.0,17.0,3.0,5.0
2324,D1,2023-10-07,Dortmund,Union Berlin,4,2,H,12.0,12.0,7.0,6.0
2324,D1,2023-10-07,RB Leipzig,Bochum,0,0,D,18.0,9.0,5.0,2.0
2324,D1,2023-10-07,Stuttgart,Wolfsburg,3,1,H,13.0,12.0,7.0,5.0
2324,D1,2023-10-07,Werder Bremen,Hoffenheim,2,3,A,13.0,11.0,3.0,4.0
2324,E0,2023-10-07,Burnley,Chelsea,1,4,A,10.0,9.0,3.0,5.0
2324,E0,2023-10-07,Crystal Palace,Nott'm Forest,0,0,D,8.0,16.0,2.0,5.0
2324,E0,2023-10-07,Everton,Bournemouth,3,0,H,25.0,11.0,8.0,4.0
2324,E0,2023-10-07,Fulham,Sheffield United,3,1,H,20.0,5.0,6.0,2.0
2324,E0,2023-10-07,Luton,Tottenham,0,1,A,12.0,15.0,2.0,4.0
2324,E0,2023-10-07,Man United,Brentford,2,1,H,21.0,11.0,8.0,3.0
2324,F1,2023-10-07,Metz,Nice,0,1,A,10.0,7.0,3.0,4.0
2324,F1,2023-10-07,Reims,Monaco,1,3,A,11.0,11.0,4.0,4.0
2324,I1,2023-10-07,Genoa,Milan,0,1,A,7.0,12.0,1.0,3.0
2324,I1,2023-10-07,Inter,Bologna,2,2,D,14.0,8.0,5.0,3.0
2324,I1,2023-10-07,Juventus,Torino,2,0,H,17.0,10.0,6.0,1.0
2324,SP1,2023-10-07,Cadiz,Girona,0,1,A,8.0,20.0,2.0,5.0
2324,SP1,2023-10-07,Mallorca,Valencia,1,1,D,9.0,11.0,5.0,3.0
2324,SP1,2023-10-07,Real Madrid,Osasuna,4,0,H,19.0,7.0,9.0,1.0
2324,SP1,2023-10-07,Sevilla,Vallecano,2,2,D,22.0,7.0,6.0,4.0
2324,D1,2023-10-08,Bayern Munich,Freiburg,3,0,H,21.0,2.0,5.0,0.0
2324,D1,2023-10-08,Ein Frankfurt,Heidenheim,2,0,H,12.0,7.0,6.0,2.0
2324,D1,2023-10-08,Leverkusen,FC Koln,3,0,H,21.0,7.0,10.0,3.0
2324,E0,2023-10-08,Arsenal,Man City,1,0,H,12.0,4.0,2.0,1.0
2324,E0,2023-10-08,Brighton,Liverpool,2,2,D,14.0,14.0,3.0,4.0
2324,E0,2023-10-08,West Ham,Newcastle,2,2,D,5.0,10.0,3.0,3.0
2324,E0,2023-10-08,Wolves,Aston Villa,1,1,D,8.0,18.0,3.0,4.0
2324,F1,2023-10-08,Brest,Toulouse,1,1,D,13.0,9.0,2.0,3.0
2324,F1,2023-10-08,Lens,Lille,1,1,D,14.0,8.0,5.0,3.0
2324,F1,2023-10-08,Lyon,Lorient,3,3,D,9.0,6.0,6.0,5.0
2324,F1,2023-10-08,Marseille,Le Havre,3,0,H,14.0,7.0,6.0,1.0
2324,F1,2023-10-08,Rennes,Paris SG,1,3,A,14.0,17.0,4.0,7.0
2324,I1,2023-10-08,Cagliari,Roma,1,4,A,16.0,11.0,2.0,5.0
2324,I1,2023-10-08,Frosinone,Verona,2,1,H,11.0,16.0,2.0,4.0
2324,I1,2023-10-08,Lazio,Atalanta,3,2,H,12.0,12.0,4.0,4.0
2324,I1,2023-10-08,Monza,Salernitana,3,0,H,16.0,8.0,7.0,5.0
2324,I1,2023-10-08,Napoli,Fiorentina,1,3,A,16.0,12.0,4.0,3.0
2324,SP1,2023-10-08,Alaves,Betis,1,1,D,15.0,6.0,5.0,2.0
2324,SP1,2023-10-08,Ath Madrid,Sociedad,2,1,H,14.0,13.0,5.0,4.0
2324,SP1,2023-10-08,Celta,Getafe,2,2,D,26.0,3.0,11.0,2.0
2324,SP1,2023-10-08,Granada,Barcelona,2,2,D,7.0,22.0,2.0,10.0
2324,SP1,2023-10-08,Villarreal,Las Palmas,1,2,A,9.0,8.0,4.0,5.0
2324,D1,2023-10-20,Dortmund,Werder Bremen,1,0,H,22.0,6.0,5.0,1.0
2324,F1,2023-10-20,Le Havre,Lens,0,0,D,14.0,13.0,5.0,7.0
2324,SP1,2023-10-20,Osasuna,Granada,2,0,H,12.0,13.0,6.0,3.0
2324,D1,2023-10-21,Darmstadt,RB Leipzig,1,3,A,16.0,10.0,3.0,7.0
2324,D1,2023-10-21,Freiburg,Bochum,2,1,H,15.0,13.0,5.0,5.0
2324,D1,2023-10-21,Hoffenheim,Ein Frankfurt,1,3,A,14.0,13.0,5.0,5.0
2324,D1,2023-10-21,Mainz,Bayern Munich,1,3,A,14.0,12.0,3.0,5.0
2324,D1,2023-10-21,Union Berlin,Stuttgart,0,3,A,10.0,10.0,2.0,5.0
2324,D1,2023-10-21,Wolfsburg,Leverkusen,1,2,A,18.0,13.0,7.0,6.0
2324,E0,2023-10-21,Bournemouth,Wolves,1,2,A,7.0,20.0,4.0,7.0
2324,E0,2023-10-21,Brentford,Burnley,3,0,H,23.0,6.0,10.0,1.0
2324,E0,2023-10-21,Chelsea,Arsenal,2,2,D,11.0,13.0,5.0,3.0
2324,E0,2023-10-21,Liverpool,Everton,2,0,H,26.0,6.0,6.0,1.0
2324,E0,2023-10-21,Man City,Brighton,2,1,H,10.0,5.0,6.0,3.0
2324,E0,2023-10-21,Newcastle,Crystal Palace,4,0,H,10.0,17.0,7.0,3.0
2324,E0,2023-10-21,Nott'm Forest,Luton,2,2,D,19.0,13.0,8.0,4.0
2324,E0,2023-10-21,Sheffield United,Man United,1,2,A,12.0,14.0,6.0,5.0
2324,F1,2023-10-21,Nice,Marseille,1,0,H,10.0,9.0,2.0,1.0
2324,F1,2023-10-21,Paris SG,Strasbourg,3,0,H,8.0,7.0,4.0,1.0
2324,I1,2023-10-21,Sassuolo,Lazio,0,2,A,9.0,18.0,2.0,6.0
2324,I1,2023-10-21,Torino,Inter,0,3,A,7.0,14.0,3.0,4.0
2324,I1,2023-10-21,Verona,Napoli,1,3,A,15.0,22.0,9.0,10.0
2324,SP1,2023-10-21,Celta,Ath Madrid,0,3,A,16.0,12.0,3.0,7.0
2324,SP1,2023-10-21,Getafe,Betis,1,1,D,14.0,13.0,4.0,3.0
2324,SP1,2023-10-21,Sevilla,Real Madrid,1,1,D,17.0,14.0,7.0,5.0
2324,SP1,2023-10-21,Sociedad,Mallorca,1,0,H,14.0,18.0,6.0,7.0
2324,D1,2023-10-22,FC Koln,M'gladbach,3,1,H,21.0,5.0,8.0,2.0
2324,D1,2023-10-22,Heidenheim,Augsburg,2,5,A,16.0,9.0,5.0,6.0
2324,E0,2023-10-22,Aston Villa,West Ham,4,1,H,15.0,14.0,7.0,4.0
2324,F1,2023-10-22,Lille,Brest,1,0,H,6.0,9.0,4.0,1.0
2324,F1,2023-10-22,Lorient,Rennes,2,1,H,5.0,20.0,4.0,6.0
2324,F1,2023-10-22,Lyon,Clermont,1,2,A,25.0,12.0,6.0,5.0
2324,F1,2023-10-22,Monaco,Metz,2,1,H,27.0,8.0,13.0,4.0
2324,F1,2023-10-22,Nantes,Montpellier,2,0,H,14.0,11.0,5.0,6.0
2324,F1,2023-10-22,Toulouse,Reims,1,1,D,11.0,15.0,5.0,4.0
2324,I1,2023-10-22,Atalanta,Genoa,2,0,H,13.0,15.0,8.0,4.0
2324,I1,2023-10-22,Bologna,Frosinone,2,1,H,12.0,12.0,6.0,5.0
2324,I1,2023-10-22,Milan,Juventus,0,1,A,7.0,14.0,1.0,4.0
2324,I1,2023-10-22,Roma,Monza,1,0,H,21.0,11.0,4.0,4.0
2324,I1,2023-10-22,Salernitana,Cagliari,2,2,D,13.0,13.0,2.0,6.0
2324,SP1,2023-10-22,Barcelona,Ath Bilbao,1,0,H,12.0,10.0,7.0,3.0
2324,SP1,2023-10-22,Girona,Almeria,5,2,H,19.0,9.0,8.0,5.0
2324,SP1,2023-10-22,Las Palmas,Vallecano,0,1,A,12.0,12.0,6.0,4.0
2324,SP1,2023-10-22,Villarreal,Alaves,1,1,D,12.0,16.0,3.0,7.0
2324,E0,2023-10-23,Tottenham,Fulham,2,0,H,15.0,10.0,5.0,3.0
2324,I1,2023-10-23,Fiorentina,Empoli,0,2,A,19.0,7.0,7.0,3.0
2324,I1,2023-10-23,Udinese,Lecce,1,1,D,12.0,12.0,6.0,1.0
2324,SP1,2023-10-23,Valencia,Cadiz,2,0,H,12.0,5.0,4.0,4.0
2324,D1,2023-10-27,Bochum,Mainz,2,2,D,10.0,10.0,4.0,4.0
2324,E0,2023-10-27,Crystal Palace,Tottenham,1,2,A,13.0,10.0,3.0,1.0
2324,F1,2023-10-27,Clermont,Nice,0,1,A,8.0,11.0,3.0,5.0
2324,I1,2023-10-27,Genoa,Salernitana,1,0,H,8.0,7.0,4.0,2.0
2324,SP1,2023-10-27,Girona,Celta,1,0,H,12.0,4.0,2.0,2.0
2324,D1,2023-10-28,Augsburg,Wolfsburg,3,2,H,9.0,13.0,5.0,6.0
2324,D1,2023-10-28,Bayern Munich,Darmstadt,8,0,H,28.0,10.0,16.0,4.0
2324,D1,2023-10-28,M'gladbach,Heidenheim,2,1,H,11.0,8.0,6.0,3.0
2324,D1,2023-10-28,RB Leipzig,FC Koln,6,0,H,24.0,6.0,13.0,1.0
2324,D1,2023-10-28,Stuttgart,Hoffenheim,2,3,A,23.0,7.0,10.0,5.0
2324,D1,2023-10-28,Werder Bremen,Union Berlin,2,0,H,9.0,7.0,3.0,2.0
2324,E0,2023-10-28,Arsenal,Sheffield United,5,0,H,13.0,2.0,8.0,0.0
2324,E0,2023-10-28,Bournemouth,Burnley,2,1,H,13.0,6.0,6.0,3.0
2324,E0,2023-10-28,Chelsea,Brentford,0,2,A,17.0,7.0,2.0,5.0
2324,E0,2023-10-28,Wolves,Newcastle,2,2,D,11.0,13.0,6.0,5.0
2324,F1,2023-10-28,Lens,Nantes,4,0,H,11.0,11.0,7.0,1.0
2324,F1,2023-10-28,Reims,Lorient,1,0,H,12.0,9.0,5.0,1.0
2324,I1,2023-10-28,Juventus,Verona,1,0,H,30.0,7.0,6.0,1.0
2324,I1,2023-10-28,Lecce,Torino,0,1,A,11.0,10.0,6.0,2.0
2324,I1,2023-10-28,Sassuolo,Bologna,1,1,D,17.0,9.0,6.0,5.0
2324,SP1,2023-10-28,Almeria,Las Palmas,1,2,A,10.0,10.0,4.0,3.0
2324,SP1,2023-10-28,Barcelona,Real Madrid,1,2,A,15.0,13.0,3.0,4.0
2324,SP1,2023-10-28,Cadiz,Sevilla,2,2,D,10.0,20.0,5.0,10.0
2324,SP1,2023-10-28,Mallorca,Getafe,0,0,D,15.0,8.0,4.0,0.0
2324,D1,2023-10-29,Ein Frankfurt,Dortmund,3,3,D,11.0,14.0,7.0,4.0
2324,D1,2023-10-29,Leverkusen,Freiburg,2,1,H,19.0,10.0,4.0,4.0
2324,E0,2023-10-29,Aston Villa,Luton,3,1,H,17.0,7.0,6.0,1.0
2324,E0,2023-10-29,Brighton,Fulham,1,1,D,18.0,10.0,7.0,5.0
2324,E0,2023-10-29,Liverpool,Nott'm Forest,3,0,H,21.0,9.0,8.0,1.0
2324,E0,2023-10-29,Man United,Man City,0,3,A,7.0,21.0,3.0,10.0
2324,E0,2023-10-29,West Ham,Everton,0,1,A,12.0,10.0,2.0,4.0
2324,F1,2023-10-29,Brest,Paris SG,2,3,A,20.0,17.0,5.0,10.0
2324,F1,2023-10-29,Lille,Monaco,2,0,H,7.0,16.0,5.0,6.0
2324,F1,2023-10-29,Metz,Le Havre,0,0,D,9.0,12.0,3.0,1.0
2324,F1,2023-10-29,Montpellier,Toulouse,3,0,H,19.0,16.0,6.0,5.0
2324,F1,2023-10-29,Rennes,Strasbourg,1,1,D,20.0,11.0,3.0,3.0
2324,I1,2023-10-29,Cagliari,Frosinone,4,3,H,24.0,10.0,6.0,6.0
2324,I1,2023-10-29,Inter,Roma,1,0,H,19.0,3.0,3.0,1.0
2324,I1,2023-10-29,Monza,Udinese,1,1,D,10.0,10.0,4.0,3.0
2324,I1,2023-10-29,Napoli,Milan,2,2,D,17.0,20.0,4.0,6.0
2324,SP1,2023-10-29,Ath Bilbao,Valencia,2,2,D,12.0,11.0,7.0,5.0
2324,SP1,2023-10-29,Ath Madrid,Alaves,2,1,H,11.0,8.0,7.0,1.0
2324,SP1,2023-10-29,Betis,Osasuna,2,1,H,9.0,7.0,2.0,1.0
2324,SP1,2023-10-29,Vallecano,Sociedad,2,2,D,16.0,15.0,7.0,3.0
2324,I1,2023-10-30,Empoli,Atalanta,0,3,A,9.0,18.0,2.0,6.0
2324,I1,2023-10-30,Lazio,Fiorentina,1,0,H,11.0,9.0,4.0,5.0
2324,SP1,2023-10-30,Granada,Villarreal,2,3,A,18.0,6.0,8.0,5.0
2324,D1,2023-11-03,Darmstadt,Bochum,1,2,A,15.0,9.0,4.0,4.0
2324,F1,2023-11-03,Paris SG,Montpellier,3,0,H,21.0,7.0,10.0,2.0
2324,I1,2023-11-03,Bologna,Lazio,1,0,H,6.0,11.0,2.0,1.0
2324,SP1,2023-11-03,Las Palmas,Ath Madrid,2,1,H,9.0,13.0,3.0,5.0
2324,D1,2023-11-04,Dortmund,Bayern Munich,0,4,A,15.0,14.0,1.0,8.0
2324,D1,2023-11-04,FC Koln,Augsburg,1,1,D,28.0,18.0,12.0,3.0
2324,D1,2023-11-04,Freiburg,M'gladbach,3,3,D,15.0,10.0,8.0,5.0
2324,D1,2023-11-04,Hoffenheim,Leverkusen,2,3,A,12.0,10.0,7.0,4.0
2324,D1,2023-11-04,Mainz,RB Leipzig,2,0,H,10.0,10.0,3.0,2.0
2324,D1,2023-11-04,Union Berlin,Ein Frankfurt,0,3,A,10.0,4.0,3.0,3.0
2324,E0,2023-11-04,Brentford,West Ham,3,2,H,16.0,12.0,4.0,2.0
2324,E0,2023-11-04,Burnley,Crystal Palace,0,2,A,17.0,4.0,5.0,3.0
2324,E0,2023-11-04,Everton,Brighton,1,1,D,10.0,7.0,4.0,2.0
2324,E0,2023-11-04,Fulham,Man United,0,1,A,18.0,12.0,3.0,5.0
2324,E0,2023-11-04,Man City,Bournemouth,6,1,H,21.0,5.0,8.0,1.0
2324,E0,2023-11-04,Newcastle,Arsenal,1,0,H,9.0,14.0,2.0,1.0
2324,E0,2023-11-04,Sheffield United,Wolves,2,1,H,11.0,10.0,2.0,3.0
2324,F1,2023-11-04,Lorient,Lens,0,0,D,7.0,14.0,2.0,7.0
2324,F1,2023-11-04,Marseille,Lille,0,0,D,8.0,10.0,3.0,1.0
2324,I1,2023-11-04,Atalanta,Inter,1,2,A,14.0,10.0,4.0,4.0
2324,I1,2023-11-04,Milan,Udinese,0,1,A,14.0,12.0,5.0,2.0
2324,I1,2023-11-04,Salernitana,Napoli,0,2,A,10.0,21.0,3.0,8.0
2324,SP1,2023-11-04,Betis,Mallorca,2,0,H,22.0,8.0,3.0,1.0
2324,SP1,2023-11-04,Celta,Sevilla,1,1,D,15.0,13.0,3.0,5.0
2324,SP1,2023-11-04,Osasuna,Girona,2,4,A,15.0,11.0,3.0,4.0
2324,SP1,2023-11-04,Sociedad,Barcelona,0,1,A,13.0,12.0,6.0,4.0
2324,D1,2023-11-05,Heidenheim,Stuttgart,2,0,H,19.0,14.0,2.0,2.0
2324,D1,2023-11-05,Wolfsburg,Werder Bremen,2,2,D,15.0,13.0,5.0,4.0
2324,E0,2023-11-05,Luton,Liverpool,1,1,D,8.0,24.0,5.0,6.0
2324,E0,2023-11-05,Nott'm Forest,Aston Villa,2,0,H,5.0,13.0,3.0,3.0
2324,F1,2023-11-05,Lyon,Metz,1,1,D,15.0,10.0,4.0,5.0
2324,F1,2023-11-05,Monaco,Brest,2,0,H,12.0,15.0,6.0,1.0
2324,F1,2023-11-05,Nantes,Reims,0,1,A,17.0,7.0,4.0,4.0
2324,F1,2023-11-05,Nice,Rennes,2,0,H,16.0,11.0,4.0,4.0
2324,F1,2023-11-05,Strasbourg,Clermont,0,0,D,18.0,10.0,5.0,2.0
2324,F1,2023-11-05,Toulouse,Le Havre,1,2,A,17.0,15.0,5.0,7.0
2324,I1,2023-11-05,Cagliari,Genoa,2,1,H,12.0,8.0,4.0,2.0
2324,I1,2023-11-05,Fiorentina,Juventus,0,1,A,25.0,4.0,4.0,3.0
2324,I1,2023-11-05,Roma,Lecce,2,1,H,15.0,15.0,5.0,4.0
2324,I1,2023-11-05,Verona,Monza,1,3,A,16.0,12.0,5.0,6.0
2324,SP1,2023-11-05,Alaves,Almeria,1,0,H,23.0,9.0,3.0,3.0
2324,SP1,2023-11-05,Real Madrid,Vallecano,0,0,D,22.0,4.0,5.0,0.0
2324,SP1,2023-11-05,Valencia,Granada,1,0,H,11.0,6.0,2.0,1.0
2324,SP1,2023-11-05,Villarreal,Ath Bilbao,2,3,A,17.0,17.0,6.0,7.0
2324,E0,2023-11-06,Tottenham,Chelsea,1,4,A,8.0,17.0,5.0,8.0
2324,I1,2023-11-06,Frosinone,Empoli,2,1,H,17.0,10.0,5.0,2.0
2324,I1,2023-11-06,Torino,Sassuolo,2,1,H,21.0,5.0,9.0,2.0
2324,SP1,2023-11-06,Getafe,Cadiz,1,0,H,13.0,6.0,3.0,2.0
2324,D1,2023-11-10,M'gladbach,Wolfsburg,4,0,H,16.0,12.0,8.0,4.0
2324,F1,2023-11-10,Montpellier,Nice,0,0,D,9.0,15.0,1.0,4.0
2324,I1,2023-11-10,Genoa,Verona,1,0,H,16.0,7.0,6.0,1.0
2324,I1,2023-11-10,Sassuolo,Salernitana,2,2,D,29.0,9.0,9.0,2.0
2324,SP1,2023-11-10,Ath Bilbao,Celta,4,3,H,21.0,13.0,12.0,5.0
2324,D1,2023-11-11,Augsburg,Hoffenheim,1,1,D,11.0,12.0,6.0,6.0
2324,D1,2023-11-11,Bayern Munich,Heidenheim,4,2,H,18.0,7.0,8.0,2.0
2324,D1,2023-11-11,Bochum,FC Koln,1,1,D,25.0,10.0,9.0,6.0
2324,D1,2023-11-11,Darmstadt,Mainz,0,0,D,9.0,9.0,3.0,0.0
2324,D1,2023-11-11,Stuttgart,Dortmund,2,1,H,22.0,5.0,10.0,1.0
2324,E0,2023-11-11,Arsenal,Burnley,3,1,H,16.0,8.0,6.0,5.0
2324,E0,2023-11-11,Bournemouth,Newcastle,2,0,H,19.0,8.0,10.0,5.0
2324,E0,2023-11-11,Crystal Palace,Everton,2,3,A,13.0,8.0,4.0,4.0
2324,E0,2023-11-11,Man United,Luton,1,0,H,15.0,10.0,4.0,4.0
2324,E0,2023-11-11,Wolves,Tottenham,2,1,H,17.0,6.0,4.0,2.0
2324,F1,2023-11-11,Le Havre,Monaco,0,0,D,9.0,10.0,5.0,4.0
2324,F1,2023-11-11,Reims,Paris SG,0,3,A,19.0,14.0,6.0,6.0
2324,I1,2023-11-11,Juventus,Cagliari,2,1,H,18.0,11.0,4.0,2.0
2324,I1,2023-11-11,Lecce,Milan,2,2,D,14.0,10.0,5.0,6.0
2324,I1,2023-11-11,Monza,Torino,1,1,D,12.0,12.0,5.0,5.0
2324,SP1,2023-11-11,Almeria,Sociedad,1,3,A,7.0,18.0,2.0,6.0
2324,SP1,2023-11-11,Granada,Getafe,1,1,D,12.0,10.0,6.0,6.0
2324,SP1,2023-11-11,Osasuna,Las Palmas,1,1,D,11.0,6.0,3.0,1.0
2324,SP1,2023-11-11,Real Madrid,Valencia,5,1,H,16.0,10.0,7.0,4.0
2324,SP1,2023-11-11,Vallecano,Girona,1,2,A,22.0,19.0,9.0,7.0
2324,D1,2023-11-12,Leverkusen,Union Berlin,4,0,H,19.0,2.0,10.0,2.0
2324,D1,2023-11-12,RB Leipzig,Freiburg,3,1,H,15.0,9.0,6.0,3.0
2324,D1,2023-11-12,Werder Bremen,Ein Frankfurt,2,2,D,14.0,14.0,5.0,3.0
2324,E0,2023-11-12,Aston Villa,Fulham,3,1,H,12.0,9.0,6.0,5.0
2324,E0,2023-11-12,Brighton,Sheffield United,1,1,D,11.0,9.0,6.0,1.0
2324,E0,2023-11-12,Chelsea,Man City,4,4,D,17.0,15.0,9.0,10.0
2324,E0,2023-11-12,Liverpool,Brentford,3,0,H,17.0,16.0,10.0,3.0
2324,E0,2023-11-12,West Ham,Nott'm Forest,3,2,H,16.0,10.0,6.0,5.0
2324,F1,2023-11-12,Clermont,Lorient,1,0,H,17.0,10.0,6.0,3.0
2324,F1,2023-11-12,Lens,Marseille,1,0,H,14.0,8.0,3.0,2.0
2324,F1,2023-11-12,Lille,Toulouse,1,1,D,13.0,2.0,6.0,1.0
2324,F1,2023-11-12,Metz,Nantes,3,1,H,9.0,16.0,4.0,3.0
2324,F1,2023-11-12,Rennes,Lyon,0,1,A,8.0,12.0,2.0,5.0
2324,I1,2023-11-12,Fiorentina,Bologna,2,1,H,12.0,11.0,4.0,4.0
2324,I1,2023-11-12,Inter,Frosinone,2,0,H,21.0,12.0,6.0,3.0
2324,I1,2023-11-12,Lazio,Roma,0,0,D,7.0,8.0,2.0,1.0
2324,I1,2023-11-12,Napoli,Empoli,0,1,A,18.0,8.0,7.0,3.0
2324,I1,2023-11-12,Udinese,Atalanta,1,1,D,13.0,8.0,4.0,2.0
2324,SP1,2023-11-12,Ath Madrid,Villarreal,3,1,H,25.0,11.0,10.0,7.0
2324,SP1,2023-11-12,Barcelona,Alaves,2,1,H,11.0,8.0,6.0,1.0
2324,SP1,2023-11-12,Sevilla,Betis,1,1,D,13.0,14.0,4.0,6.0
2324,D1,2023-11-24,FC Koln,Bayern Munich,0,1,A,6.0,19.0,2.0,5.0
2324,F1,2023-11-24,Paris SG,Monaco,5,2,H,16.0,14.0,11.0,7.0
2324,SP1,2023-11-24,Alaves,Granada,3,1,H,8.0,11.0,5.0,4.0
2324,D1,2023-11-25,Dortmund,M'gladbach,4,2,H,20.0,10.0,13.0,3.0
2324,D1,2023-11-25,Ein Frankfurt,Stuttgart,1,2,A,14.0,11.0,1.0,5.0
2324,D1,2023-11-25,Freiburg,Darmstadt,1,1,D,16.0,7.0,3.0,1.0
2324,D1,2023-11-25,Union Berlin,Augsburg,1,1,D,16.0,11.0,6.0,2.0
2324,D1,2023-11-25,Werder Bremen,Leverkusen,0,3,A,2.0,13.0,1.0,4.0
2324,D1,2023-11-25,Wolfsburg,RB Leipzig,2,1,H,10.0,26.0,4.0,10.0
2324,E0,2023-11-25,Brentford,Arsenal,0,1,A,9.0,15.0,3.0,4.0
2324,E0,2023-11-25,Burnley,West Ham,1,2,A,11.0,11.0,5.0,3.0
2324,E0,2023-11-25,Luton,Crystal Palace,2,1,H,8.0,16.0,3.0,8.0
2324,E0,2023-11-25,Man City,Liverpool,1,1,D,16.0,8.0,5.0,3.0
2324,E0,2023-11-25,Newcastle,Chelsea,4,1,H,14.0,7.0,5.0,4.0
2324,E0,2023-11-25,Nott'm Forest,Brighton,2,3,A,18.0,11.0,5.0,5.0
2324,E0,2023-11-25,Sheffield United,Bournemouth,1,3,A,10.0,23.0,2.0,11.0
2324,F1,2023-11-25,Clermont,Lens,0,3,A,13.0,16.0,4.0,10.0
2324,F1,2023-11-25,Strasbourg,Marseille,1,1,D,15.0,16.0,7.0,3.0
2324,I1,2023-11-25,Atalanta,Napoli,1,2,A,16.0,11.0,5.0,4.0
2324,I1,2023-11-25,Milan,Fiorentina,1,0,H,9.0,20.0,6.0,4.0
2324,I1,2023-11-25,Salernitana,Lazio,2,1,H,13.0,13.0,6.0,2.0
2324,SP1,2023-11-25,Ath Madrid,Mallorca,1,0,H,20.0,8.0,3.0,1.0
2324,SP1,2023-11-25,Getafe,Almeria,2,1,H,18.0,13.0,5.0,4.0
2324,SP1,2023-11-25,Valencia,Celta,0,0,D,8.0,13.0,0.0,1.0
2324,SP1,2023-11-25,Vallecano,Barcelona,1,1,D,10.0,15.0,4.0,4.0
2324,D1,2023-11-26,Heidenheim,Bochum,0,0,D,9.0,9.0,3.0,2.0
2324,D1,2023-11-26,Hoffenheim,Mainz,1,1,D,15.0,15.0,6.0,6.0
2324,E0,2023-11-26,Everton,Man United,0,3,A,24.0,9.0,6.0,4.0
2324,E0,2023-11-26,Tottenham,Aston Villa,1,2,A,18.0,15.0,8.0,5.0
2324,F1,2023-11-26,Lorient,Metz,2,3,A,11.0,14.0,5.0,5.0
2324,F1,2023-11-26,Lyon,Lille,0,2,A,11.0,15.0,5.0,8.0
2324,F1,2023-11-26,Montpellier,Brest,1,3,A,17.0,17.0,5.0,5.0
2324,F1,2023-11-26,Nantes,Le Havre,0,0,D,19.0,6.0,3.0,0.0
2324,F1,2023-11-26,Nice,Toulouse,1,0,H,8.0,19.0,3.0,3.0
2324,F1,2023-11-26,Rennes,Reims,3,1,H,10.0,15.0,5.0,5.0
2324,I1,2023-11-26,Cagliari,Monza,1,1,D,17.0,12.0,6.0,4.0
2324,I1,2023-11-26,Empoli,Sassuolo,3,4,A,11.0,17.0,9.0,9.0
2324,I1,2023-11-26,Frosinone,Genoa,2,1,H,9.0,13.0,5.0,3.0
2324,I1,2023-11-26,Juventus,Inter,1,1,D,4.0,8.0,1.0,4.0
2324,I1,2023-11-26,Roma,Udinese,3,1,H,12.0,6.0,5.0,2.0
2324,SP1,2023-11-26,Betis,Las Palmas,1,0,H,12.0,15.0,6.0,4.0
2324,SP1,2023-11-26,Cadiz,Real Madrid,0,3,A,13.0,14.0,4.0,5.0
2324,SP1,2023-11-26,Sociedad,Sevilla,2,1,H,11.0,8.0,8.0,2.0
2324,SP1,2023-11-26,Villarreal,Osasuna,3,1,H,10.0,15.0,3.0,7.0
2324,E0,2023-11-27,Fulham,Wolves,3,2,H,12.0,10.0,6.0,6.0
2324,I1,2023-11-27,Bologna,Torino,2,0,H,13.0,9.0,2.0,3.0
2324,I1,2023-11-27,Verona,Lecce,2,2,D,19.0,14.0,11.0,5.0
2324,SP1,2023-11-27,Girona,Ath Bilbao,1,1,D,12.0,13.0,2.0,6.0
2324,F1,2023-11-29,Montpellier,Clermont,1,1,D,32.0,5.0,10.0,1.0
2324,SP1,2023-11-29,Mallorca,Cadiz,1,1,D,16.0,6.0,3.0,3.0
2324,D1,2023-12-01,Darmstadt,FC Koln,0,1,A,11.0,11.0,1.0,6.0
2324,F1,2023-12-01,Reims,Strasbourg,2,1,H,13.0,10.0,4.0,3.0
2324,I1,2023-12-01,Monza,Juventus,1,2,A,16.0,18.0,1.0,7.0
2324,SP1,2023-12-01,Las Palmas,Getafe,2,0,H,11.0,12.0,6.0,4.0
2324,D1,2023-12-02,Bochum,Wolfsburg,3,1,H,19.0,15.0,9.0,6.0
2324,D1,2023-12-02,M'gladbach,Hoffenheim,2,1,H,9.0,17.0,3.0,5.0
2324,D1,2023-12-02,RB Leipzig,Heidenheim,2,1,H,23.0,7.0,8.0,1.0
2324,D1,2023-12-02,Stuttgart,Werder Bremen,2,0,H,17.0,11.0,6.0,3.0
2324,E0,2023-12-02,Arsenal,Wolves,2,1,H,19.0,6.0,6.0,3.0
2324,E0,2023-12-02,Brentford,Luton,3,1,H,27.0,7.0,6.0,1.0
2324,E0,2023-12-02,Burnley,Sheffield United,5,0,H,19.0,6.0,7.0,3.0
2324,E0,2023-12-02,Newcastle,Man United,1,0,H,22.0,8.0,4.0,1.0
2324,E0,2023-12-02,Nott'm Forest,Everton,0,1,A,13.0,12.0,2.0,3.0
2324,F1,2023-12-02,Lens,Lyon,3,2,H,10.0,12.0,7.0,7.0
2324,F1,2023-12-02,Nantes,Nice,1,0,H,13.0,13.0,4.0,6.0
2324,I1,2023-12-02,Genoa,Empoli,1,1,D,21.0,9.0,1.0,1.0
2324,I1,2023-12-02,Lazio,Cagliari,1,0,H,10.0,9.0,5.0,2.0
2324,I1,2023-12-02,Milan,Frosinone,3,1,H,10.0,15.0,3.0,3.0
2324,SP1,2023-12-02,Ath Bilbao,Vallecano,4,0,H,9.0,11.0,4.0,3.0
2324,SP1,2023-12-02,Girona,Valencia,2,1,H,9.0,9.0,5.0,3.0
2324,SP1,2023-12-02,Osasuna,Sociedad,1,1,D,9.0,17.0,3.0,5.0
2324,SP1,2023-12-02,Real Madrid,Granada,2,0,H,11.0,1.0,4.0,0.0
2324,D1,2023-12-03,Augsburg,Ein Frankfurt,2,1,H,9.0,12.0,4.0,6.0
2324,D1,2023-12-03,Leverkusen,Dortmund,1,1,D,22.0,6.0,6.0,2.0
2324,D1,2023-12-03,Mainz,Freiburg,0,1,A,19.0,13.0,6.0,5.0
2324,E0,2023-12-03,Bournemouth,Aston Villa,2,2,D,15.0,11.0,7.0,3.0
2324,E0,2023-12-03,Chelsea,Brighton,3,2,H,8.0,18.0,5.0,9.0
2324,E0,2023-12-03,Liverpool,Fulham,4,3,H,26.0,9.0,12.0,5.0
2324,E0,2023-12-03,Man City,Tottenham,3,3,D,18.0,8.0,4.0,4.0
2324,E0,2023-12-03,West Ham,Crystal Palace,1,1,D,9.0,9.0,3.0,2.0
2324,F1,2023-12-03,Brest,Clermont,3,0,H,12.0,10.0,7.0,1.0
2324,F1,2023-12-03,Le Havre,Paris SG,0,2,A,22.0,9.0,7.0,5.0
2324,F1,2023-12-03,Lille,Metz,2,0,H,16.0,7.0,6.0,4.0
2324,F1,2023-12-03,Marseille,Rennes,2,0,H,5.0,10.0,2.0,0.0
2324,F1,2023-12-03,Monaco,Montpellier,2,0,H,27.0,9.0,9.0,4.0
2324,F1,2023-12-03,Toulouse,Lorient,1,1,D,11.0,11.0,6.0,5.0
2324,I1,2023-12-03,Fiorentina,Salernitana,3,0,H,22.0,11.0,9.0,1.0
2324,I1,2023-12-03,Lecce,Bologna,1,1,D,14.0,11.0,4.0,4.0
2324,I1,2023-12-03,Napoli,Inter,0,3,A,15.0,11.0,4.0,4.0
2324,I1,2023-12-03,Sassuolo,Roma,1,2,A,8.0,15.0,2.0,7.0
2324,I1,2023-12-03,Udinese,Verona,3,3,D,12.0,13.0,6.0,4.0
2324,SP1,2023-12-03,Almeria,Betis,0,0,D,20.0,6.0,8.0,2.0
2324,SP1,2023-12-03,Barcelona,Ath Madrid,1,0,H,13.0,9.0,2.0,4.0
2324,SP1,2023-12-03,Mallorca,Alaves,0,0,D,7.0,7.0,3.0,4.0
2324,SP1,2023-12-03,Sevilla,Villarreal,1,1,D,18.0,5.0,4.0,4.0
2324,I1,2023-12-04,Torino,Atalanta,3,0,H,9.0,10.0,5.0,4.0
2324,SP1,2023-12-04,Celta,Cadiz,1,1,D,26.0,2.0,7.0,1.0
2324,E0,2023-12-05,Luton,Arsenal,3,4,A,6.0,23.0,4.0,9.0
2324,E0,2023-12-05,Wolves,Burnley,1,0,H,7.0,12.0,4.0,3.0
2324,E0,2023-12-06,Aston Villa,Man City,1,0,H,22.0,2.0,7.0,2.0
2324,E0,2023-12-06,Brighton,Brentford,2,1,H,18.0,8.0,7.0,2.0
2324,E0,2023-12-06,Crystal Palace,Bournemouth,0,2,A,16.0,11.0,3.0,4.0
2324,E0,2023-12-06,Fulham,Nott'm Forest,5,0,H,14.0,4.0,6.0,1.0
2324,E0,2023-12-06,Man United,Chelsea,2,1,H,28.0,13.0,9.0,3.0
2324,E0,2023-12-06,Sheffield United,Liverpool,0,2,A,6.0,15.0,1.0,8.0
2324,F1,2023-12-06,Marseille,Lyon,3,0,H,12.0,6.0,5.0,1.0
2324,E0,2023-12-07,Everton,Newcastle,3,0,H,21.0,13.0,6.0,3.0
2324,E0,2023-12-07,Tottenham,West Ham,1,2,A,23.0,11.0,7.0,5.0
2324,F1,2023-12-07,Brest,Strasbourg,1,1,D,13.0,9.0,3.0,5.0
2324,D1,2023-12-08,Hoffenheim,Bochum,3,1,H,18.0,22.0,7.0,5.0
2324,F1,2023-12-08,Montpellier,Lens,0,0,D,18.0,13.0,4.0,5.0
2324,I1,2023-12-08,Juventus,Napoli,1,0,H,11.0,13.0,2.0,1.0
2324,SP1,2023-12-08,Getafe,Valencia,1,0,H,8.0,3.0,6.0,0.0
2324,D1,2023-12-09,Dortmund,RB Leipzig,2,3,A,18.0,24.0,6.0,8.0
2324,D1,2023-12-09,Ein Frankfurt,Bayern Munich,5,1,H,14.0,17.0,6.0,6.0
2324,D1,2023-12-09,Heidenheim,Darmstadt,3,2,H,16.0,20.0,7.0,7.0
2324,D1,2023-12-09,Union Berlin,M'gladbach,3,1,H,16.0,13.0,6.0,4.0
2324,D1,2023-12-09,Werder Bremen,Augsburg,2,0,H,12.0,11.0,5.0,1.0
2324,D1,2023-12-09,Wolfsburg,Freiburg,0,1,A,10.0,4.0,3.0,1.0
2324,E0,2023-12-09,Aston Villa,Arsenal,1,0,H,10.0,12.0,3.0,5.0
2324,E0,2023-12-09,Brighton,Burnley,1,1,D,29.0,6.0,11.0,3.0
2324,E0,2023-12-09,Crystal Palace,Liverpool,1,2,A,8.0,14.0,4.0,2.0
2324,E0,2023-12-09,Man United,Bournemouth,0,3,A,20.0,10.0,3.0,4.0
2324,E0,2023-12-09,Sheffield United,Brentford,1,0,H,9.0,10.0,4.0,4.0
2324,E0,2023-12-09,Wolves,Nott'm Forest,1,1,D,10.0,8.0,4.0,2.0
2324,F1,2023-12-09,Paris SG,Nantes,2,1,H,16.0,10.0,6.0,4.0
2324,F1,2023-12-09,Rennes,Monaco,1,2,A,15.0,12.0,5.0,5.0
2324,I1,2023-12-09,Atalanta,Milan,3,2,H,19.0,14.0,7.0,4.0
2324,I1,2023-12-09,Inter,Udinese,4,0,H,17.0,11.0,8.0,1.0
2324,I1,2023-12-09,Verona,Lazio,1,1,D,5.0,14.0,1.0,5.0
2324,SP1,2023-12-09,Alaves,Las Palmas,0,1,A,19.0,9.0,5.0,2.0
2324,SP1,2023-12-09,Betis,Real Madrid,1,1,D,14.0,12.0,6.0,2.0
2324,SP1,2023-12-09,Mallorca,Sevilla,1,0,H,6.0,19.0,3.0,5.0
2324,SP1,2023-12-09,Villarreal,Sociedad,0,3,A,20.0,16.0,4.0,5.0
2324,D1,2023-12-10,FC Koln,Mainz,0,0,D,7.0,13.0,3.0,5.0
2324,D1,2023-12-10,Stuttgart,Leverkusen,1,1,D,22.0,20.0,12.0,6.0
2324,E0,2023-12-10,Everton,Chelsea,2,0,H,9.0,16.0,5.0,4.0
2324,E0,2023-12-10,Fulham,West Ham,5,0,H,14.0,9.0,8.0,5.0
2324,E0,2023-12-10,Luton,Man City,1,2,A,4.0,18.0,2.0,6.0
2324,E0,2023-12-10,Tottenham,Newcastle,4,1,H,23.0,9.0,12.0,3.0
2324,F1,2023-12-10,Clermont,Lille,0,0,D,16.0,12.0,5.0,3.0
2324,F1,2023-12-10,Lorient,Marseille,2,4,A,15.0,18.0,9.0,8.0
2324,F1,2023-12-10,Lyon,Toulouse,3,0,H,15.0,16.0,7.0,6.0
2324,F1,2023-12-10,Metz,Brest,0,1,A,6.0,4.0,3.0,3.0
2324,F1,2023-12-10,Nice,Reims,2,1,H,15.0,9.0,5.0,2.0
2324,F1,2023-12-10,Strasbourg,Le Havre,2,1,H,12.0,15.0,3.0,3.0
2324,I1,2023-12-10,Frosinone,Torino,0,0,D,11.0,16.0,5.0,3.0
2324,I1,2023-12-10,Monza,Genoa,1,0,H,6.0,16.0,3.0,1.0
2324,I1,2023-12-10,Roma,Fiorentina,1,1,D,4.0,14.0,1.0,8.0
2324,I1,2023-12-10,Salernitana,Bologna,1,2,A,9.0,10.0,2.0,5.0
2324,SP1,2023-12-10,Ath Madrid,Almeria,2,1,H,13.0,19.0,4.0,5.0
2324,SP1,2023-12-10,Barcelona,Girona,2,4,A,31.0,15.0,11.0,7.0
2324,SP1,2023-12-10,Cadiz,Osasuna,1,1,D,12.0,13.0,5.0,5.0
2324,I1,2023-12-11,Cagliari,Sassuolo,2,1,H,18.0,8.0,6.0,4.0
2324,I1,2023-12-11,Empoli,Lecce,1,1,D,18.0,14.0,6.0,5.0
2324,SP1,2023-12-11,Granada,Ath Bilbao,1,1,D,7.0,19.0,4.0,4.0
2324,SP1,2023-12-11,Vallecano,Celta,0,0,D,17.0,4.0,4.0,2.0
2324,D1,2023-12-15,M'gladbach,Werder Bremen,2,2,D,15.0,10.0,4.0,5.0
2324,E0,2023-12-15,Nott'm Forest,Tottenham,0,2,A,15.0,12.0,1.0,6.0
2324,F1,2023-12-15,Monaco,Lyon,0,1,A,19.0,5.0,4.0,2.0
2324,I1,2023-12-15,Genoa,Juventus,1,1,D,11.0,11.0,3.0,4.0
2324,SP1,2023-12-15,Osasuna,Vallecano,1,0,H,10.0,9.0,4.0,3.0
2324,D1,2023-12-16,Augsburg,Dortmund,1,1,D,20.0,24.0,4.0,6.0
2324,D1,2023-12-16,Bochum,Union Berlin,3,0,H,21.0,10.0,7.0,2.0
2324,D1,2023-12-16,Darmstadt,Wolfsburg,0,1,A,14.0,11.0,4.0,3.0
2324,D1,2023-12-16,Mainz,Heidenheim,0,1,A,16.0,5.0,4.0,2.0
2324,D1,2023-12-16,RB Leipzig,Hoffenheim,3,1,H,23.0,10.0,11.0,4.0
2324,E0,2023-12-16,Burnley,Everton,0,2,A,14.0,9.0,2.0,6.0
2324,E0,2023-12-16,Chelsea,Sheffield United,2,0,H,15.0,6.0,6.0,1.0
2324,E0,2023-12-16,Man City,Crystal Palace,2,2,D,19.0,5.0,9.0,2.0
2324,E0,2023-12-16,Newcastle,Fulham,3,0,H,27.0,6.0,10.0,4.0
2324,F1,2023-12-16,Le Havre,Nice,3,1,H,9.0,13.0,5.0,6.0
2324,F1,2023-12-16,Lens,Reims,2,0,H,7.0,14.0,2.0,3.0
2324,I1,2023-12-16,Lecce,Frosinone,2,1,H,18.0,11.0,6.0,5.0
2324,I1,2023-12-16,Napoli,Cagliari,2,1,H,21.0,9.0,5.0,3.0
2324,I1,2023-12-16,Torino,Empoli,1,0,H,10.0,7.0,3.0,2.0
2324,SP1,2023-12-16,Ath Bilbao,Ath Madrid,2,0,H,16.0,7.0,7.0,3.0
2324,SP1,2023-12-16,Celta,Granada,1,0,H,11.0,7.0,4.0,2.0
2324,SP1,2023-12-16,Sevilla,Getafe,0,3,A,12.0,14.0,4.0,7.0
2324,SP1,2023-12-16,Valencia,Barcelona,1,1,D,11.0,16.0,4.0,8.0
2324,D1,2023-12-17,Bayern Munich,Stuttgart,3,0,H,17.0,5.0,8.0,2.0
2324,D1,2023-12-17,Freiburg,FC Koln,2,0,H,23.0,7.0,7.0,1.0
2324,D1,2023-12-17,Leverkusen,Ein Frankfurt,3,0,H,14.0,4.0,6.0,2.0
2324,E0,2023-12-17,Arsenal,Brighton,2,0,H,26.0,6.0,9.0,1.0
2324,E0,2023-12-17,Brentford,Aston Villa,1,2,A,4.0,15.0,3.0,5.0
2324,E0,2023-12-17,Liverpool,Man United,0,0,D,34.0,6.0,8.0,1.0
2324,E0,2023-12-17,West Ham,Wolves,3,0,H,13.0,14.0,4.0,3.0
2324,F1,2023-12-17,Lille,Paris SG,1,1,D,15.0,10.0,3.0,2.0
2324,F1,2023-12-17,Lorient,Strasbourg,1,2,A,7.0,12.0,1.0,9.0
2324,F1,2023-12-17,Marseille,Clermont,2,1,H,15.0,5.0,6.0,2.0
2324,F1,2023-12-17,Metz,Montpellier,0,1,A,19.0,6.0,4.0,3.0
2324,F1,2023-12-17,Nantes,Brest,0,2,A,12.0,14.0,4.0,8.0
2324,F1,2023-12-17,Toulouse,Rennes,0,0,D,15.0,11.0,6.0,4.0
2324,I1,2023-12-17,Bologna,Roma,2,0,H,8.0,8.0,2.0,3.0
2324,I1,2023-12-17,Fiorentina,Verona,1,0,H,5.0,19.0,3.0,7.0
2324,I1,2023-12-17,Lazio,Inter,0,2,A,13.0,12.0,4.0,4.0
2324,I1,2023-12-17,Milan,Monza,3,0,H,17.0,21.0,9.0,4.0
2324,I1,2023-12-17,Udinese,Sassuolo,2,2,D,9.0,21.0,7.0,7.0
2324,SP1,2023-12-17,Almeria,Mallorca,0,0,D,7.0,20.0,1.0,2.0
2324,SP1,2023-12-17,Las Palmas,Cadiz,1,1,D,7.0,13.0,2.0,5.0
2324,SP1,2023-12-17,Real Madrid,Villarreal,4,1,H,22.0,3.0,9.0,1.0
2324,SP1,2023-12-17,Sociedad,Betis,0,0,D,12.0,12.0,4.0,3.0
2324,I1,2023-12-18,Atalanta,Salernitana,4,1,H,20.0,10.0,11.0,3.0
2324,SP1,2023-12-18,Girona,Alaves,3,0,H,9.0,12.0,4.0,2.0
2324,D1,2023-12-19,Dortmund,Mainz,1,1,D,21.0,11.0,8.0,6.0
2324,D1,2023-12-19,Hoffenheim,Darmstadt,3,3,D,13.0,14.0,4.0,3.0
2324,D1,2023-12-19,Werder Bremen,RB Leipzig,1,1,D,11.0,18.0,3.0,9.0
2324,SP1,2023-12-19,Ath Madrid,Getafe,3,3,D,8.0,29.0,4.0,9.0
2324,SP1,2023-12-19,Granada,Sevilla,0,3,A,12.0,12.0,3.0,5.0
2324,SP1,2023-12-19,Vallecano,Valencia,0,1,A,7.0,8.0,1.0,3.0
2324,D1,2023-12-20,Ein Frankfurt,M'gladbach,2,1,H,15.0,7.0,7.0,2.0
2324,D1,2023-12-20,Heidenheim,Freiburg,3,2,H,14.0,10.0,3.0,4.0
2324,D1,2023-12-20,Leverkusen,Bochum,4,0,H,15.0,6.0,8.0,1.0
2324,D1,2023-12-20,Stuttgart,Augsburg,3,0,H,17.0,6.0,7.0,5.0
2324,D1,2023-12-20,Union Berlin,FC Koln,2,0,H,12.0,15.0,8.0,7.0
2324,D1,2023-12-20,Wolfsburg,Bayern Munich,1,2,A,5.0,20.0,4.0,7.0
2324,F1,2023-12-20,Brest,Lorient,4,0,H,12.0,7.0,7.0,3.0
2324,F1,2023-12-20,Clermont,Rennes,1,3,A,14.0,25.0,6.0,11.0
2324,F1,2023-12-20,Lyon,Nantes,1,0,H,8.0,7.0,7.0,0.0
2324,F1,2023-12-20,Montpellier,Marseille,1,1,D,12.0,17.0,6.0,4.0
2324,F1,2023-12-20,Nice,Lens,2,0,H,14.0,10.0,5.0,3.0
2324,F1,2023-12-20,Paris SG,Metz,3,1,H,13.0,3.0,5.0,1.0
2324,F1,2023-12-20,Reims,Le Havre,1,0,H,22.0,4.0,7.0,1.0
2324,F1,2023-12-20,Strasbourg,Lille,2,1,H,9.0,9.0,2.0,2.0
2324,F1,2023-12-20,Toulouse,Monaco,1,2,A,20.0,12.0,5.0,4.0
2324,SP1,2023-12-20,Ath Bilbao,Las Palmas,1,0,H,19.0,5.0,10.0,1.0
2324,SP1,2023-12-20,Barcelona,Almeria,3,2,H,30.0,10.0,11.0,5.0
2324,SP1,2023-12-20,Villarreal,Celta,3,2,H,12.0,15.0,8.0,5.0
2324,E0,2023-12-21,Crystal Palace,Brighton,1,1,D,11.0,18.0,3.0,6.0
2324,SP1,2023-12-21,Alaves,Real Madrid,0,1,A,8.0,9.0,2.0,4.0
2324,SP1,2023-12-21,Betis,Girona,1,1,D,21.0,12.0,4.0,4.0
2324,SP1,2023-12-21,Cadiz,Sociedad,0,0,D,10.0,8.0,2.0,1.0
2324,SP1,2023-12-21,Mallorca,Osasuna,3,2,H,15.0,12.0,8.0,7.0
2324,E0,2023-12-22,Aston Villa,Sheffield United,1,1,D,12.0,5.0,4.0,2.0
2324,I1,2023-12-22,Empoli,Lazio,0,2,A,21.0,14.0,7.0,7.0
2324,I1,2023-12-22,Monza,Fiorentina,0,1,A,7.0,14.0,2.0,5.0
2324,I1,2023-12-22,Salernitana,Milan,2,2,D,19.0,21.0,7.0,9.0
2324,I1,2023-12-22,Sassuolo,Genoa,1,2,A,12.0,14.0,3.0,5.0
2324,E0,2023-12-23,Fulham,Burnley,0,2,A,19.0,7.0,5.0,2.0
2324,E0,2023-12-23,Liverpool,Arsenal,1,1,D,13.0,13.0,3.0,2.0
2324,E0,2023-12-23,Luton,Newcastle,1,0,H,16.0,15.0,5.0,2.0
2324,E0,2023-12-23,Nott'm Forest,Bournemouth,2,3,A,11.0,18.0,5.0,7.0
2324,E0,2023-12-23,Tottenham,Everton,2,1,H,13.0,18.0,6.0,8.0
2324,E0,2023-12-23,West Ham,Man United,2,0,H,12.0,11.0,5.0,3.0
2324,I1,2023-12-23,Bologna,Atalanta,1,0,H,9.0,12.0,1.0,2.0
2324,I1,2023-12-23,Frosinone,Juventus,1,2,A,10.0,13.0,3.0,3.0
2324,I1,2023-12-23,Inter,Lecce,2,0,H,20.0,11.0,8.0,5.0
2324,I1,2023-12-23,Roma,Napoli,2,0,H,17.0,7.0,4.0,2.0
2324,I1,2023-12-23,Torino,Udinese,1,1,D,14.0,10.0,4.0,4.0
2324,I1,2023-12-23,Verona,Cagliari,2,0,H,13.0,12.0,5.0,3.0
2324,SP1,2023-12-23,Ath Madrid,Sevilla,1,0,H,12.0,8.0,4.0,2.0
2324,E0,2023-12-24,Wolves,Chelsea,2,1,H,14.0,16.0,6.0,5.0
2324,E0,2023-12-26,Bournemouth,Fulham,3,0,H,16.0,8.0,4.0,3.0
2324,E0,2023-12-26,Burnley,Liverpool,0,2,A,9.0,19.0,0.0,10.0
2324,E0,2023-12-26,Man United,Aston Villa,3,2,H,13.0,10.0,7.0,4.0
2324,E0,2023-12-26,Newcastle,Nott'm Forest,1,3,A,19.0,15.0,7.0,6.0
2324,E0,2023-12-26,Sheffield United,Luton,2,3,A,21.0,12.0,6.0,4.0
2324,E0,2023-12-27,Brentford,Wolves,1,4,A,14.0,11.0,4.0,5.0
2324,E0,2023-12-27,Chelsea,Crystal Palace,2,1,H,9.0,13.0,4.0,5.0
2324,E0,2023-12-27,Everton,Man City,1,3,A,7.0,23.0,2.0,9.0
2324,E0,2023-12-28,Arsenal,West Ham,0,2,A,30.0,6.0,8.0,3.0
2324,E0,2023-12-28,Brighton,Tottenham,4,2,H,15.0,19.0,9.0,3.0
2324,I1,2023-12-29,Fiorentina,Torino,1,0,H,12.0,6.0,3.0,3.0
2324,I1,2023-12-29,Genoa,Inter,1,1,D,13.0,16.0,4.0,6.0
2324,I1,2023-12-29,Lazio,Frosinone,3,1,H,13.0,11.0,5.0,2.0
2324,I1,2023-12-29,Napoli,Monza,0,0,D,25.0,8.0,9.0,3.0
2324,E0,2023-12-30,Aston Villa,Burnley,3,2,H,19.0,9.0,7.0,5.0
2324,E0,2023-12-30,Crystal Palace,Brentford,3,1,H,13.0,9.0,6.0,4.0
2324,E0,2023-12-30,Luton,Chelsea,2,3,A,15.0,12.0,6.0,8.0
2324,E0,2023-12-30,Man City,Sheffield United,2,0,H,18.0,4.0,4.0,2.0
2324,E0,2023-12-30,Nott'm Forest,Man United,2,1,H,8.0,10.0,2.0,5.0
2324,E0,2023-12-30,Wolves,Everton,3,0,H,12.0,10.0,6.0,0.0
2324,I1,2023-12-30,Atalanta,Lecce,1,0,H,17.0,15.0,4.0,2.0
2324,I1,2023-12-30,Cagliari,Empoli,0,0,D,15.0,5.0,3.0,1.0
2324,I1,2023-12-30,Juventus,Roma,1,0,H,13.0,11.0,4.0,2.0
2324,I1,2023-12-30,Milan,Sassuolo,1,0,H,20.0,12.0,2.0,6.0
2324,I1,2023-12-30,Udinese,Bologna,3,0,H,15.0,14.0,7.0,5.0
2324,I1,2023-12-30,Verona,Salernitana,0,1,A,11.0,9.0,0.0,3.0
2324,E0,2023-12-31,Fulham,Arsenal,2,1,H,15.0,13.0,4.0,3.0
2324,E0,2023-12-31,Tottenham,Bournemouth,3,1,H,12.0,24.0,6.0,4.0
2324,E0,2024-01-01,Liverpool,Newcastle,4,2,H,34.0,5.0,15.0,3.0
2324,E0,2024-01-02,West Ham,Brighton,0,0,D,6.0,22.0,2.0,8.0
2324,SP1,2024-01-02,Getafe,Vallecano,0,2,A,5.0,12.0,0.0,8.0
2324,SP1,2024-01-02,Sociedad,Alaves,1,1,D,16.0,7.0,6.0,2.0
2324,SP1,2024-01-02,Valencia,Villarreal,3,1,H,11.0,8.0,8.0,4.0
2324,SP1,2024-01-03,Celta,Betis,2,1,H,19.0,14.0,6.0,3.0
2324,SP1,2024-01-03,Girona,Ath Madrid,4,3,H,17.0,18.0,9.0,12.0
2324,SP1,2024-01-03,Granada,Cadiz,2,0,H,15.0,15.0,8.0,2.0
2324,SP1,2024-01-03,Real Madrid,Mallorca,1,0,H,17.0,7.0,5.0,0.0
2324,SP1,2024-01-04,Las Palmas,Barcelona,1,2,A,12.0,15.0,3.0,5.0
2324,SP1,2024-01-04,Osasuna,Almeria,1,0,H,14.0,4.0,2.0,0.0
2324,SP1,2024-01-04,Sevilla,Ath Bilbao,0,2,A,11.0,15.0,2.0,6.0
2324,I1,2024-01-05,Bologna,Genoa,1,1,D,21.0,3.0,8.0,1.0
2324,I1,2024-01-06,Frosinone,Monza,2,3,A,10.0,7.0,5.0,2.0
2324,I1,2024-01-06,Inter,Verona,2,1,H,15.0,8.0,6.0,3.0
2324,I1,2024-01-06,Lecce,Cagliari,1,1,D,15.0,14.0,2.0,2.0
2324,I1,2024-01-06,Sassuolo,Fiorentina,1,0,H,7.0,9.0,1.0,3.0
2324,I1,2024-01-07,Empoli,Milan,0,3,A,17.0,13.0,2.0,6.0
2324,I1,2024-01-07,Roma,Atalanta,1,1,D,16.0,8.0,6.0,2.0
2324,I1,2024-01-07,Salernitana,Juventus,1,2,A,8.0,18.0,3.0,3.0
2324,I1,2024-01-07,Torino,Napoli,3,0,H,10.0,10.0,6.0,3.0
2324,I1,2024-01-07,Udinese,Lazio,1,2,A,13.0,7.0,2.0,2.0
2324,D1,2024-01-12,Bayern Munich,Hoffenheim,3,0,H,27.0,12.0,12.0,4.0
2324,E0,2024-01-12,Burnley,Luton,1,1,D,13.0,14.0,7.0,5.0
2324,F1,2024-01-12,Marseille,Strasbourg,1,1,D,8.0,18.0,2.0,4.0
2324,SP1,2024-01-12,Sevilla,Alaves,2,3,A,19.0,16.0,4.0,8.0
2324,D1,2024-01-13,Augsburg,Leverkusen,0,1,A,2.0,25.0,0.0,6.0
2324,D1,2024-01-13,Darmstadt,Dortmund,0,3,A,10.0,17.0,2.0,8.0
2324,D1,2024-01-13,FC Koln,Heidenheim,1,1,D,13.0,10.0,6.0,2.0
2324,D1,2024-01-13,Freiburg,Union Berlin,0,0,D,14.0,8.0,4.0,4.0
2324,D1,2024-01-13,Mainz,Wolfsburg,1,1,D,12.0,9.0,4.0,4.0
2324,D1,2024-01-13,RB Leipzig,Ein Frankfurt,0,1,A,26.0,5.0,7.0,1.0
2324,E0,2024-01-13,Chelsea,Fulham,1,0,H,17.0,14.0,3.0,4.0
2324,E0,2024-01-13,Newcastle,Man City,2,3,A,12.0,27.0,5.0,11.0
2324,F1,2024-01-13,Monaco,Reims,1,3,A,9.0,12.0,5.0,5.0
2324,F1,2024-01-13,Rennes,Nice,2,0,H,15.0,9.0,5.0,2.0
2324,I1,2024-01-13,Genoa,Torino,0,0,D,11.0,6.0,6.0,0.0
2324,I1,2024-01-13,Monza,Inter,1,5,A,9.0,20.0,2.0,7.0
2324,I1,2024-01-13,Napoli,Salernitana,2,1,H,20.0,6.0,7.0,2.0
2324,I1,2024-01-13,Verona,Empoli,2,1,H,12.0,14.0,7.0,1.0
2324,SP1,2024-01-13,Ath Bilbao,Sociedad,2,1,H,10.0,9.0,3.0,1.0
2324,SP1,2024-01-13,Betis,Granada,1,0,H,25.0,6.0,6.0,2.0
2324,SP1,2024-01-13,Las Palmas,Villarreal,3,0,H,8.0,17.0,3.0,3.0
2324,SP1,2024-01-13,Mallorca,Celta,1,1,D,17.0,6.0,6.0,2.0
2324,D1,2024-01-14,Bochum,Werder Bremen,1,1,D,13.0,15.0,4.0,4.0
2324,D1,2024-01-14,M'gladbach,Stuttgart,3,1,H,8.0,14.0,4.0,2.0
2324,E0,2024-01-14,Everton,Aston Villa,0,0,D,10.0,16.0,2.0,5.0
2324,E0,2024-01-14,Man United,Tottenham,2,2,D,9.0,16.0,2.0,6.0
2324,F1,2024-01-14,Brest,Montpellier,2,0,H,26.0,9.0,9.0,4.0
2324,F1,2024-01-14,Le Havre,Lyon,3,1,H,14.0,9.0,7.0,2.0
2324,F1,2024-01-14,Lens,Paris SG,0,2,A,17.0,15.0,5.0,7.0
2324,F1,2024-01-14,Lille,Lorient,3,0,H,24.0,1.0,10.0,0.0
2324,F1,2024-01-14,Metz,Toulouse,0,1,A,14.0,4.0,2.0,2.0
2324,F1,2024-01-14,Nantes,Clermont,1,2,A,20.0,15.0,9.0,6.0
2324,I1,2024-01-14,Cagliari,Bologna,2,1,H,4.0,11.0,2.0,4.0
2324,I1,2024-01-14,Fiorentina,Udinese,2,2,D,10.0,12.0,3.0,6.0
2324,I1,2024-01-14,Lazio,Lecce,1,0,H,8.0,11.0,2.0,3.0
2324,I1,2024-01-14,Milan,Roma,3,1,H,17.0,12.0,5.0,5.0
2324,SP1,2024-01-14,Almeria,Girona,0,0,D,20.0,5.0,3.0,1.0
2324,SP1,2024-01-14,Cadiz,Valencia,1,4,A,10.0,9.0,2.0,5.0
2324,I1,2024-01-15,Atalanta,Frosinone,5,0,H,21.0,8.0,9.0,5.0
2324,I1,2024-01-16,Juventus,Sassuolo,3,0,H,12.0,8.0,5.0,4.0
2324,SP1,2024-01-19,Alaves,Cadiz,1,0,H,13.0,9.0,3.0,1.0
2324,D1,2024-01-20,Bochum,Stuttgart,1,0,H,6.0,17.0,1.0,4.0
2324,D1,2024-01-20,Darmstadt,Ein Frankfurt,2,2,D,13.0,7.0,3.0,4.0
2324,D1,2024-01-20,FC Koln,Dortmund,0,4,A,16.0,11.0,5.0,7.0
2324,D1,2024-01-20,Freiburg,Hoffenheim,3,2,H,16.0,16.0,8.0,4.0
2324,D1,2024-01-20,Heidenheim,Wolfsburg,1,1,D,12.0,12.0,3.0,3.0
2324,D1,2024-01-20,RB Leipzig,Leverkusen,2,3,A,11.0,18.0,6.0,5.0
2324,E0,2024-01-20,Arsenal,Crystal Palace,5,0,H,21.0,12.0,6.0,5.0
2324,E0,2024-01-20,Brentford,Nott'm Forest,3,2,H,11.0,12.0,5.0,3.0
2324,I1,2024-01-20,Roma,Verona,2,1,H,9.0,12.0,2.0,3.0
2324,I1,2024-01-20,Udinese,Milan,2,3,A,11.0,15.0,6.0,7.0
2324,SP1,2024-01-20,Celta,Sociedad,0,1,A,6.0,6.0,2.0,2.0
2324,SP1,2024-01-20,Valencia,Ath Bilbao,1,0,H,6.0,6.0,1.0,3.0
2324,SP1,2024-01-20,Vallecano,Las Palmas,0,2,A,16.0,10.0,3.0,5.0
2324,SP1,2024-01-20,Villarreal,Mallorca,1,1,D,18.0,8.0,5.0,2.0
2324,D1,2024-01-21,Bayern Munich,Werder Bremen,0,1,A,21.0,8.0,6.0,3.0
2324,D1,2024-01-21,M'gladbach,Augsburg,1,2,A,18.0,15.0,4.0,7.0
2324,E0,2024-01-21,Bournemouth,Liverpool,0,4,A,11.0,14.0,1.0,7.0
2324,E0,2024-01-21,Sheffield United,West Ham,2,2,D,21.0,16.0,6.0,5.0
2324,I1,2024-01-21,Empoli,Monza,3,0,H,9.0,15.0,5.0,5.0
2324,I1,2024-01-21,Frosinone,Cagliari,3,1,H,17.0,9.0,7.0,4.0
2324,I1,2024-01-21,Lecce,Juventus,0,3,A,12.0,15.0,3.0,8.0
2324,I1,2024-01-21,Salernitana,Genoa,1,2,A,11.0,5.0,2.0,5.0
2324,SP1,2024-01-21,Betis,Barcelona,2,4,A,14.0,11.0,5.0,4.0
2324,SP1,2024-01-21,Girona,Sevilla,5,1,H,12.0,9.0,8.0,3.0
2324,SP1,2024-01-21,Osasuna,Getafe,3,2,H,13.0,10.0,7.0,7.0
2324,SP1,2024-01-21,Real Madrid,Almeria,3,2,H,18.0,10.0,6.0,2.0
2324,E0,2024-01-22,Brighton,Wolves,0,0,D,11.0,8.0,4.0,3.0
2324,SP1,2024-01-22,Granada,Ath Madrid,0,1,A,17.0,10.0,2.0,5.0
2324,D1,2024-01-24,Bayern Munich,Union Berlin,1,0,H,24.0,4.0,10.0,1.0
2324,D1,2024-01-26,Ein Frankfurt,Mainz,1,0,H,13.0,7.0,4.0,0.0
2324,F1,2024-01-26,Lyon,Rennes,2,3,A,12.0,11.0,6.0,5.0
2324,I1,2024-01-26,Cagliari,Torino,1,2,A,25.0,16.0,10.0,6.0
2324,SP1,2024-01-26,Almeria,Alaves,0,3,A,19.0,11.0,7.0,3.0
2324,D1,2024-01-27,Augsburg,Bayern Munich,2,3,A,14.0,13.0,7.0,4.0
2324,D1,2024-01-27,Hoffenheim,Heidenheim,1,1,D,20.0,15.0,8.0,3.0
2324,D1,2024-01-27,Leverkusen,M'gladbach,0,0,D,28.0,4.0,8.0,3.0
2324,D1,2024-01-27,Stuttgart,RB Leipzig,5,2,H,19.0,4.0,11.0,2.0
2324,D1,2024-01-27,Werder Bremen,Freiburg,3,1,H,14.0,7.0,4.0,4.0
2324,D1,2024-01-27,Wolfsburg,FC Koln,1,1,D,12.0,6.0,5.0,2.0
2324,F1,2024-01-27,Marseille,Monaco,2,2,D,22.0,6.0,9.0,5.0
2324,F1,2024-01-27,Nice,Metz,1,0,H,15.0,2.0,9.0,1.0
2324,I1,2024-01-27,Atalanta,Udinese,2,0,H,14.0,13.0,11.0,5.0
2324,I1,2024-01-27,Juventus,Empoli,1,1,D,9.0,16.0,3.0,5.0
2324,I1,2024-01-27,Milan,Bologna,2,2,D,14.0,15.0,4.0,4.0
2324,SP1,2024-01-27,Barcelona,Villarreal,3,5,A,22.0,9.0,10.0,6.0
2324,SP1,2024-01-27,Las Palmas,Real Madrid,1,2,A,7.0,13.0,2.0,5.0
2324,SP1,2024-01-27,Mallorca,Betis,0,1,A,14.0,8.0,1.0,2.0
2324,SP1,2024-01-27,Sociedad,Vallecano,0,0,D,6.0,5.0,3.0,0.0
2324,D1,2024-01-28,Dortmund,Bochum,3,1,H,15.0,10.0,6.0,4.0
2324,D1,2024-01-28,Union Berlin,Darmstadt,1,0,H,19.0,15.0,6.0,1.0
2324,F1,2024-01-28,Clermont,Strasbourg,1,1,D,14.0,6.0,6.0,2.0
2324,F1,2024-01-28,Lorient,Le Havre,3,3,D,13.0,14.0,6.0,5.0
2324,F1,2024-01-28,Montpellier,Lille,0,0,D,12.0,12.0,7.0,0.0
2324,F1,2024-01-28,Paris SG,Brest,2,2,D,10.0,9.0,4.0,6.0
2324,F1,2024-01-28,Reims,Nantes,0,0,D,10.0,7.0,1.0,5.0
2324,F1,2024-01-28,Toulouse,Lens,0,2,A,13.0,13.0,4.0,5.0
2324,I1,2024-01-28,Fiorentina,Inter,0,1,A,14.0,8.0,4.0,4.0
2324,I1,2024-01-28,Genoa,Lecce,2,1,H,19.0,19.0,7.0,5.0
2324,I1,2024-01-28,Lazio,Napoli,0,0,D,10.0,5.0,1.0,0.0
2324,I1,2024-01-28,Monza,Sassuolo,1,0,H,12.0,14.0,1.0,3.0
2324,I1,2024-01-28,Verona,Frosinone,1,1,D,15.0,11.0,5.0,6.0
2324,SP1,2024-01-28,Ath Madrid,Valencia,2,0,H,12.0,10.0,8.0,3.0
2324,SP1,2024-01-28,Cadiz,Ath Bilbao,0,0,D,9.0,8.0,2.0,0.0
2324,SP1,2024-01-28,Celta,Girona,0,1,A,10.0,15.0,5.0,6.0
2324,SP1,2024-01-28,Sevilla,Osasuna,1,1,D,10.0,11.0,5.0,4.0
2324,I1,2024-01-29,Salernitana,Roma,1,2,A,15.0,5.0,7.0,2.0
2324,SP1,2024-01-29,Getafe,Granada,2,0,H,7.0,16.0,4.0,3.0
2324,E0,2024-01-30,Aston Villa,Newcastle,1,3,A,12.0,14.0,6.0,5.0
2324,E0,2024-01-30,Crystal Palace,Sheffield United,3,2,H,12.0,9.0,4.0,5.0
2324,E0,2024-01-30,Fulham,Everton,0,0,D,25.0,21.0,6.0,4.0
2324,E0,2024-01-30,Luton,Brighton,4,0,H,18.0,9.0,8.0,2.0
2324,E0,2024-01-30,Nott'm Forest,Arsenal,1,2,A,9.0,19.0,3.0,3.0
2324,E0,2024-01-31,Liverpool,Chelsea,4,1,H,28.0,4.0,13.0,3.0
2324,E0,2024-01-31,Man City,Burnley,3,1,H,14.0,8.0,4.0,3.0
2324,E0,2024-01-31,Tottenham,Brentford,3,2,H,19.0,9.0,5.0,5.0
2324,SP1,2024-01-31,Ath Madrid,Vallecano,2,1,H,8.0,10.0,3.0,2.0
2324,SP1,2024-01-31,Barcelona,Osasuna,1,0,H,16.0,9.0,4.0,1.0
2324,E0,2024-02-01,West Ham,Bournemouth,1,1,D,9.0,9.0,3.0,4.0
2324,E0,2024-02-01,Wolves,Man United,3,4,A,16.0,21.0,7.0,8.0
2324,SP1,2024-02-01,Getafe,Real Madrid,0,2,A,10.0,16.0,2.0,9.0
2324,D1,2024-02-02,Heidenheim,Dortmund,0,0,D,11.0,13.0,0.0,5.0
2324,F1,2024-02-02,Strasbourg,Paris SG,1,2,A,20.0,9.0,8.0,5.0
2324,I1,2024-02-02,Lecce,Fiorentina,3,2,H,16.0,10.0,8.0,3.0
2324,SP1,2024-02-02,Ath Bilbao,Mallorca,4,0,H,13.0,6.0,6.0,2.0
2324,D1,2024-02-03,Bayern Munich,M'gladbach,3,1,H,21.0,11.0,6.0,4.0
2324,D1,2024-02-03,Bochum,Augsburg,1,1,D,9.0,12.0,4.0,6.0
2324,D1,2024-02-03,Darmstadt,Leverkusen,0,2,A,8.0,18.0,6.0,7.0
2324,D1,2024-02-03,FC Koln,Ein Frankfurt,2,0,H,14.0,11.0,4.0,4.0
2324,D1,2024-02-03,Freiburg,Stuttgart,1,3,A,7.0,17.0,4.0,9.0
2324,D1,2024-02-03,Mainz,Werder Bremen,0,1,A,20.0,6.0,5.0,1.0
2324,E0,2024-02-03,Brighton,Crystal Palace,4,1,H,13.0,7.0,6.0,5.0
2324,E0,2024-02-03,Burnley,Fulham,2,2,D,12.0,15.0,4.0,7.0
2324,E0,2024-02-03,Everton,Tottenham,2,2,D,14.0,9.0,5.0,6.0
2324,E0,2024-02-03,Newcastle,Luton,4,4,D,19.0,11.0,6.0,8.0
2324,E0,2024-02-03,Sheffield United,Aston Villa,0,5,A,10.0,14.0,5.0,10.0
2324,F1,2024-02-03,Nantes,Lens,0,1,A,7.0,12.0,2.0,4.0
2324,F1,2024-02-03,Rennes,Montpellier,2,1,H,9.0,17.0,3.0,9.0
2324,I1,2024-02-03,Bologna,Sassuolo,4,2,H,19.0,12.0,4.0,4.0
2324,I1,2024-02-03,Empoli,Genoa,0,0,D,15.0,10.0,4.0,2.0
2324,I1,2024-02-03,Frosinone,Milan,2,3,A,7.0,13.0,4.0,5.0
2324,I1,2024-02-03,Udinese,Monza,0,0,D,21.0,3.0,6.0,2.0
2324,SP1,2024-02-03,Alaves,Barcelona,1,3,A,13.0,8.0,2.0,5.0
2324,SP1,2024-02-03,Girona,Sociedad,0,0,D,11.0,11.0,3.0,2.0
2324,SP1,2024-02-03,Granada,Las Palmas,1,1,D,3.0,16.0,1.0,6.0
2324,SP1,2024-02-03,Valencia,Almeria,2,1,H,7.0,15.0,2.0,5.0
2324,D1,2024-02-04,RB Leipzig,Union Berlin,2,0,H,16.0,10.0,6.0,2.0
2324,D1,2024-02-04,Wolfsburg,Hoffenheim,2,2,D,14.0,17.0,8.0,7.0
2324,E0,2024-02-04,Arsenal,Liverpool,3,1,H,15.0,10.0,7.0,1.0
2324,E0,2024-02-04,Bournemouth,Nott'm Forest,1,1,D,9.0,8.0,2.0,6.0
2324,E0,2024-02-04,Chelsea,Wolves,2,4,A,15.0,14.0,6.0,7.0
2324,E0,2024-02-04,Man United,West Ham,3,0,H,12.0,22.0,5.0,3.0
2324,F1,2024-02-04,Brest,Nice,0,0,D,17.0,13.0,2.0,1.0
2324,F1,2024-02-04,Lille,Clermont,4,0,H,23.0,4.0,13.0,3.0
2324,F1,2024-02-04,Lyon,Marseille,1,0,H,12.0,8.0,7.0,1.0
2324,F1,2024-02-04,Metz,Lorient,1,2,A,10.0,12.0,3.0,4.0
2324,F1,2024-02-04,Monaco,Le Havre,1,1,D,17.0,3.0,5.0,0.0
2324,F1,2024-02-04,Reims,Toulouse,2,3,A,17.0,9.0,5.0,4.0
2324,I1,2024-02-04,Atalanta,Lazio,3,1,H,19.0,7.0,5.0,1.0
2324,I1,2024-02-04,Inter,Juventus,1,0,H,15.0,12.0,3.0,1.0
2324,I1,2024-02-04,Napoli,Verona,2,1,H,19.0,12.0,8.0,2.0
2324,I1,2024-02-04,Torino,Salernitana,0,0,D,13.0,3.0,1.0,1.0
2324,SP1,2024-02-04,Betis,Getafe,1,1,D,9.0,11.0,3.0,2.0
2324,SP1,2024-02-04,Osasuna,Celta,0,3,A,18.0,6.0,1.0,5.0
2324,SP1,2024-02-04,Real Madrid,Ath Madrid,1,1,D,17.0,10.0,4.0,5.0
2324,SP1,2024-02-04,Villarreal,Cadiz,0,0,D,19.0,8.0,4.0,2.0
2324,E0,2024-02-05,Brentford,Man City,1,3,A,9.0,25.0,3.0,15.0
2324,I1,2024-02-05,Roma,Cagliari,4,0,H,20.0,12.0,6.0,3.0
2324,SP1,2024-02-05,Vallecano,Sevilla,1,2,A,22.0,10.0,5.0,6.0
2324,D1,2024-02-07,Mainz,Union Berlin,1,1,D,16.0,15.0,7.0,4.0
2324,D1,2024-02-09,Dortmund,Freiburg,3,0,H,17.0,6.0,8.0,3.0
2324,F1,2024-02-09,Marseille,Metz,1,1,D,18.0,7.0,6.0,3.0
2324,I1,2024-02-09,Salernitana,Empoli,1,3,A,13.0,17.0,4.0,3.0
2324,SP1,2024-02-09,Cadiz,Betis,0,2,A,14.0,13.0,5.0,5.0
2324,D1,2024-02-10,Augsburg,RB Leipzig,2,2,D,11.0,9.0,4.0,6.0
2324,D1,2024-02-10,Ein Frankfurt,Bochum,1,1,D,8.0,14.0,2.0,5.0
2324,D1,2024-02-10,Leverkusen,Bayern Munich,3,0,H,14.0,8.0,8.0,1.0
2324,D1,2024-02-10,M'gladbach,Darmstadt,0,0,D,22.0,10.0,8.0,1.0
2324,D1,2024-02-10,Union Berlin,Wolfsburg,1,0,H,7.0,15.0,2.0,5.0
2324,D1,2024-02-10,Werder Bremen,Heidenheim,1,2,A,14.0,10.0,3.0,3.0
2324,E0,2024-02-10,Fulham,Bournemouth,3,1,H,7.0,25.0,6.0,4.0
2324,E0,2024-02-10,Liverpool,Burnley,3,1,H,25.0,9.0,10.0,4.0
2324,E0,2024-02-10,Luton,Sheffield United,1,3,A,20.0,7.0,5.0,3.0
2324,E0,2024-02-10,Man City,Everton,2,0,H,19.0,5.0,3.0,1.0
2324,E0,2024-02-10,Nott'm Forest,Newcastle,2,3,A,13.0,7.0,3.0,5.0
2324,E0,2024-02-10,Tottenham,Brighton,2,1,H,16.0,6.0,6.0,3.0
2324,E0,2024-02-10,Wolves,Brentford,0,2,A,17.0,9.0,5.0,6.0
2324,F1,2024-02-10,Lens,Strasbourg,3,1,H,10.0,19.0,6.0,5.0
2324,F1,2024-02-10,Paris SG,Lille,3,1,H,16.0,10.0,8.0,3.0
2324,I1,2024-02-10,Cagliari,Lazio,1,3,A,13.0,12.0,6.0,5.0
2324,I1,2024-02-10,Roma,Inter,2,4,A,8.0,10.0,3.0,6.0
2324,I1,2024-02-10,Sassuolo,Torino,1,1,D,11.0,13.0,4.0,2.0
2324,SP1,2024-02-10,Alaves,Villarreal,1,1,D,17.0,12.0,4.0,4.0
2324,SP1,2024-02-10,Las Palmas,Valencia,2,0,H,8.0,7.0,3.0,1.0
2324,SP1,2024-02-10,Real Madrid,Girona,4,0,H,16.0,5.0,6.0,0.0
2324,SP1,2024-02-10,Sociedad,Osasuna,0,1,A,21.0,9.0,3.0,2.0
2324,D1,2024-02-11,Hoffenheim,FC Koln,1,1,D,10.0,5.0,4.0,1.0
2324,D1,2024-02-11,Stuttgart,Mainz,3,1,H,10.0,16.0,7.0,6.0
2324,E0,2024-02-11,Aston Villa,Man United,1,2,A,23.0,17.0,10.0,5.0
2324,E0,2024-02-11,West Ham,Arsenal,0,6,A,5.0,25.0,1.0,12.0
2324,F1,2024-02-11,Clermont,Brest,1,1,D,7.0,15.0,2.0,9.0
2324,F1,2024-02-11,Le Havre,Rennes,0,1,A,13.0,11.0,5.0,2.0
2324,F1,2024-02-11,Lorient,Reims,2,0,H,17.0,23.0,5.0,6.0
2324,F1,2024-02-11,Montpellier,Lyon,1,2,A,15.0,19.0,8.0,5.0
2324,F1,2024-02-11,Nice,Monaco,2,3,A,15.0,9.0,5.0,5.0
2324,F1,2024-02-11,Toulouse,Nantes,1,2,A,16.0,5.0,3.0,2.0
2324,I1,2024-02-11,Bologna,Lecce,4,0,H,16.0,14.0,6.0,3.0
2324,I1,2024-02-11,Fiorentina,Frosinone,5,1,H,18.0,11.0,7.0,3.0
2324,I1,2024-02-11,Genoa,Atalanta,1,4,A,15.0,14.0,6.0,9.0
2324,I1,2024-02-11,Milan,Napoli,1,0,H,10.0,12.0,6.0,2.0
2324,I1,2024-02-11,Monza,Verona,0,0,D,11.0,10.0,1.0,1.0
2324,SP1,2024-02-11,Barcelona,Granada,3,3,D,11.0,11.0,6.0,5.0
2324,SP1,2024-02-11,Getafe,Celta,3,2,H,11.0,9.0,4.0,4.0
2324,SP1,2024-02-11,Mallorca,Vallecano,2,1,H,8.0,11.0,5.0,4.0
2324,SP1,2024-02-11,Sevilla,Ath Madrid,1,0,H,10.0,16.0,6.0,5.0
2324,E0,2024-02-12,Crystal Palace,Chelsea,1,3,A,13.0,14.0,4.0,5.0
2324,I1,2024-02-12,Juventus,Udinese,0,1,A,14.0,8.0,6.0,1.0
2324,SP1,2024-02-12,Almeria,Ath Bilbao,0,0,D,10.0,12.0,4.0,4.0
2324,I1,2024-02-14,Bologna,Fiorentina,2,0,H,18.0,12.0,7.0,3.0
2324,D1,2024-02-16,FC Koln,Werder Bremen,0,1,A,10.0,13.0,2.0,4.0
2324,F1,2024-02-16,Lyon,Nice,1,0,H,9.0,20.0,1.0,6.0
2324,I1,2024-02-16,Inter,Salernitana,4,0,H,26.0,1.0,10.0,0.0
2324,I1,2024-02-16,Torino,Lecce,2,0,H,12.0,8.0,4.0,4.0
2324,SP1,2024-02-16,Villarreal,Getafe,1,1,D,20.0,11.0,7.0,2.0
2324,D1,2024-02-17,Darmstadt,Stuttgart,1,2,A,21.0,13.0,9.0,4.0
2324,D1,2024-02-17,Heidenheim,Leverkusen,1,2,A,6.0,17.0,3.0,4.0
2324,D1,2024-02-17,Hoffenheim,Union Berlin,0,1,A,16.0,10.0,4.0,3.0
2324,D1,2024-02-17,Mainz,Augsburg,1,0,H,19.0,10.0,4.0,4.0
2324,D1,2024-02-17,RB Leipzig,M'gladbach,2,0,H,16.0,13.0,9.0,0.0
2324,D1,2024-02-17,Wolfsburg,Dortmund,1,1,D,9.0,12.0,4.0,5.0
2324,E0,2024-02-17,Brentford,Liverpool,1,4,A,15.0,15.0,6.0,8.0
2324,E0,2024-02-17,Burnley,Arsenal,0,5,A,8.0,16.0,0.0,7.0
2324,E0,2024-02-17,Fulham,Aston Villa,1,2,A,15.0,12.0,4.0,3.0
2324,E0,2024-02-17,Man City,Chelsea,1,1,D,31.0,9.0,5.0,6.0
2324,E0,2024-02-17,Newcastle,Bournemouth,2,2,D,17.0,12.0,5.0,7.0
2324,E0,2024-02-17,Nott'm Forest,West Ham,2,0,H,19.0,10.0,8.0,3.0
2324,E0,2024-02-17,Tottenham,Wolves,1,2,A,15.0,12.0,4.0,7.0
2324,F1,2024-02-17,Lille,Le Havre,3,0,H,17.0,6.0,8.0,2.0
2324,F1,2024-02-17,Nantes,Paris SG,0,2,A,12.0,12.0,7.0,2.0
2324,I1,2024-02-17,Atalanta,Sassuolo,3,0,H,28.0,12.0,13.0,4.0
2324,I1,2024-02-17,Napoli,Genoa,1,1,D,25.0,6.0,7.0,4.0
2324,I1,2024-02-17,Verona,Juventus,2,2,D,14.0,18.0,9.0,4.0
2324,SP1,2024-02-17,Ath Madrid,Las Palmas,5,0,H,13.0,11.0,7.0,2.0
2324,SP1,2024-02-17,Celta,Barcelona,1,2,A,13.0,14.0,4.0,4.0
2324,SP1,2024-02-17,Osasuna,Cadiz,2,0,H,11.0,5.0,4.0,1.0
2324,SP1,2024-02-17,Valencia,Sevilla,0,0,D,14.0,1.0,4.0,1.0
2324,D1,2024-02-18,Bochum,Bayern Munich,3,2,H,14.0,26.0,5.0,10.0
2324,D1,2024-02-18,Freiburg,Ein Frankfurt,3,3,D,13.0,10.0,8.0,6.0
2324,E0,2024-02-18,Luton,Man United,1,2,A,22.0,21.0,4.0,9.0
2324,E0,2024-02-18,Sheffield United,Brighton,0,5,A,6.0,24.0,1.0,10.0
2324,F1,2024-02-18,Brest,Marseille,1,0,H,15.0,9.0,5.0,2.0
2324,F1,2024-02-18,Monaco,Toulouse,1,2,A,22.0,14.0,5.0,7.0
2324,F1,2024-02-18,Montpellier,Metz,3,0,H,21.0,14.0,7.0,4.0
2324,F1,2024-02-18,Reims,Lens,1,1,D,11.0,9.0,2.0,1.0
2324,F1,2024-02-18,Rennes,Clermont,3,1,H,16.0,14.0,8.0,5.0
2324,F1,2024-02-18,Strasbourg,Lorient,1,3,A,18.0,13.0,4.0,6.0
2324,I1,2024-02-18,Empoli,Fiorentina,1,1,D,5.0,9.0,4.0,4.0
2324,I1,2024-02-18,Frosinone,Roma,0,3,A,25.0,13.0,7.0,5.0
2324,I1,2024-02-18,Lazio,Bologna,1,2,A,12.0,11.0,7.0,3.0
2324,I1,2024-02-18,Monza,Milan,4,2,H,12.0,16.0,6.0,6.0
2324,I1,2024-02-18,Udinese,Cagliari,1,1,D,17.0,5.0,3.0,2.0
2324,SP1,2024-02-18,Betis,Alaves,0,0,D,13.0,13.0,2.0,4.0
2324,SP1,2024-02-18,Granada,Almeria,1,1,D,19.0,13.0,7.0,3.0
2324,SP1,2024-02-18,Mallorca,Sociedad,1,2,A,4.0,19.0,1.0,5.0
2324,SP1,2024-02-18,Vallecano,Real Madrid,1,1,D,8.0,11.0,3.0,4.0
2324,E0,2024-02-19,Everton,Crystal Palace,1,1,D,19.0,10.0,4.0,4.0
2324,SP1,2024-02-19,Ath Bilbao,Girona,3,2,H,14.0,12.0,7.0,6.0
2324,E0,2024-02-20,Man City,Brentford,1,0,H,25.0,6.0,11.0,2.0
2324,E0,2024-02-21,Liverpool,Luton,4,1,H,29.0,12.0,13.0,3.0
2324,I1,2024-02-22,Torino,Lazio,0,2,A,24.0,7.0,4.0,4.0
2324,D1,2024-02-23,Leverkusen,Mainz,2,1,H,18.0,13.0,7.0,4.0
2324,F1,2024-02-23,Metz,Lyon,1,2,A,15.0,11.0,4.0,5.0
2324,I1,2024-02-23,Bologna,Verona,2,0,H,12.0,7.0,3.0,3.0
2324,SP1,2024-02-23,Sociedad,Villarreal,1,3,A,21.0,6.0,8.0,4.0
2324,D1,2024-02-24,Bayern Munich,RB Leipzig,2,1,H,16.0,11.0,4.0,5.0
2324,D1,2024-02-24,M'gladbach,Bochum,5,2,H,22.0,15.0,6.0,5.0
2324,D1,2024-02-24,Stuttgart,FC Koln,1,1,D,13.0,12.0,5.0,6.0
2324,D1,2024-02-24,Union Berlin,Heidenheim,2,2,D,12.0,9.0,3.0,4.0
2324,D1,2024-02-24,Werder Bremen,Darmstadt,1,1,D,13.0,11.0,4.0,3.0
2324,E0,2024-02-24,Arsenal,Newcastle,4,1,H,18.0,3.0,8.0,2.0
2324,E0,2024-02-24,Aston Villa,Nott'm Forest,4,2,H,16.0,10.0,6.0,3.0
2324,E0,2024-02-24,Bournemouth,Man City,0,1,A,13.0,15.0,4.0,6.0
2324,E0,2024-02-24,Brighton,Everton,1,1,D,23.0,6.0,7.0,3.0
2324,E0,2024-02-24,Crystal Palace,Burnley,3,0,H,15.0,2.0,6.0,0.0
2324,E0,2024-02-24,Man United,Fulham,1,2,A,21.0,17.0,9.0,5.0
2324,F1,2024-02-24,Lorient,Nantes,0,1,A,6.0,7.0,1.0,6.0
2324,F1,2024-02-24,Strasbourg,Brest,0,3,A,6.0,15.0,2.0,8.0
2324,I1,2024-02-24,Genoa,Udinese,2,0,H,19.0,5.0,4.0,1.0
2324,I1,2024-02-24,Salernitana,Monza,0,2,A,11.0,17.0,3.0,7.0
2324,I1,2024-02-24,Sassuolo,Empoli,2,3,A,19.0,14.0,5.0,6.0
2324,SP1,2024-02-24,Alaves,Mallorca,1,1,D,9.0,15.0,1.0,8.0
2324,SP1,2024-02-24,Almeria,Ath Madrid,2,2,D,9.0,18.0,4.0,9.0
2324,SP1,2024-02-24,Barcelona,Getafe,4,0,H,17.0,10.0,9.0,4.0
2324,D1,2024-02-25,Augsburg,Freiburg,2,1,H,21.0,5.0,8.0,1.0
2324,D1,2024-02-25,Dortmund,Hoffenheim,2,3,A,19.0,7.0,7.0,5.0
2324,D1,2024-02-25,Ein Frankfurt,Wolfsburg,2,2,D,12.0,14.0,5.0,8.0
2324,E0,2024-02-25,Wolves,Sheffield United,1,0,H,13.0,12.0,2.0,4.0
2324,F1,2024-02-25,Le Havre,Reims,1,2,A,18.0,16.0,4.0,5.0
2324,F1,2024-02-25,Lens,Monaco,2,3,A,20.0,15.0,10.0,9.0
2324,F1,2024-02-25,Marseille,Montpellier,4,1,H,16.0,9.0,6.0,4.0
2324,F1,2024-02-25,Nice,Clermont,0,0,D,23.0,13.0,4.0,5.0
2324,F1,2024-02-25,Paris SG,Rennes,1,1,D,15.0,3.0,3.0,1.0
2324,F1,2024-02-25,Toulouse,Lille,3,1,H,14.0,12.0,4.0,2.0
2324,I1,2024-02-25,Cagliari,Napoli,1,1,D,8.0,9.0,3.0,4.0
2324,I1,2024-02-25,Juventus,Frosinone,3,2,H,22.0,7.0,5.0,3.0
2324,I1,2024-02-25,Lecce,Inter,0,4,A,14.0,11.0,2.0,7.0
2324,I1,2024-02-25,Milan,Atalanta,1,1,D,20.0,8.0,7.0,3.0
2324,SP1,2024-02-25,Betis,Ath Bilbao,3,1,H,13.0,3.0,5.0,1.0
2324,SP1,2024-02-25,Cadiz,Celta,2,2,D,19.0,7.0,6.0,3.0
2324,SP1,2024-02-25,Las Palmas,Osasuna,1,1,D,9.0,6.0,3.0,2.0
2324,SP1,2024-02-25,Real Madrid,Sevilla,1,0,H,16.0,4.0,6.0,1.0
2324,E0,2024-02-26,West Ham,Brentford,4,2,H,17.0,14.0,6.0,8.0
2324,I1,2024-02-26,Fiorentina,Lazio,2,1,H,22.0,5.0,7.0,1.0
2324,I1,2024-02-26,Roma,Torino,3,2,H,6.0,14.0,3.0,6.0
2324,SP1,2024-02-26,Girona,Vallecano,3,0,H,14.0,7.0,8.0,1.0
2324,I1,2024-02-28,Inter,Atalanta,4,0,H,15.0,6.0,7.0,1.0
2324,I1,2024-02-28,Sassuolo,Napoli,1,6,A,5.0,27.0,2.0,9.0
2324,D1,2024-03-01,Freiburg,Bayern Munich,2,2,D,17.0,21.0,5.0,9.0
2324,F1,2024-03-01,Monaco,Paris SG,0,0,D,14.0,14.0,6.0,7.0
2324,I1,2024-03-01,Lazio,Milan,0,1,A,11.0,14.0,3.0,5.0
2324,SP1,2024-03-01,Celta,Almeria,1,0,H,15.0,3.0,6.0,0.0
2324,D1,2024-03-02,Bochum,RB Leipzig,1,4,A,15.0,10.0,4.0,4.0
2324,D1,2024-03-02,Darmstadt,Augsburg,0,6,A,10.0,21.0,5.0,6.0
2324,D1,2024-03-02,Heidenheim,Ein Frankfurt,1,2,A,16.0,11.0,3.0,6.0
2324,D1,2024-03-02,Mainz,M'gladbach,1,1,D,21.0,14.0,5.0,5.0
2324,D1,2024-03-02,Union Berlin,Dortmund,0,2,A,13.0,12.0,5.0,7.0
2324,D1,2024-03-02,Wolfsburg,Stuttgart,2,3,A,12.0,7.0,2.0,3.0
2324,E0,2024-03-02,Brentford,Chelsea,2,2,D,14.0,17.0,5.0,6.0
2324,E0,2024-03-02,Everton,West Ham,1,3,A,22.0,12.0,11.0,5.0
2324,E0,2024-03-02,Fulham,Brighton,3,0,H,12.0,15.0,5.0,5.0
2324,E0,2024-03-02,Luton,Aston Villa,2,3,A,13.0,12.0,5.0,8.0
2324,E0,2024-03-02,Newcastle,Wolves,3,0,H,14.0,12.0,7.0,3.0
2324,E0,2024-03-02,Nott'm Forest,Liverpool,0,1,A,8.0,22.0,2.0,2.0
2324,E0,2024-03-02,Tottenham,Crystal Palace,3,1,H,14.0,4.0,6.0,1.0
2324,F1,2024-03-02,Clermont,Marseille,1,5,A,7.0,17.0,2.0,11.0
2324,F1,2024-03-02,Reims,Lille,0,1,A,8.0,8.0,3.0,3.0
2324,I1,2024-03-02,Monza,Roma,1,4,A,16.0,12.0,5.0,6.0
2324,I1,2024-03-02,Torino,Fiorentina,0,0,D,8.0,14.0,2.0,3.0
2324,I1,2024-03-02,Udinese,Salernitana,1,1,D,18.0,17.0,5.0,1.0
2324,SP1,2024-03-02,Getafe,Las Palmas,3,3,D,16.0,14.0,5.0,5.0
2324,SP1,2024-03-02,Sevilla,Sociedad,3,2,H,12.0,13.0,5.0,4.0
2324,SP1,2024-03-02,Valencia,Real Madrid,2,2,D,12.0,10.0,5.0,5.0
2324,SP1,2024-03-02,Vallecano,Cadiz,1,1,D,9.0,16.0,5.0,5.0
2324,D1,2024-03-03,FC Koln,Leverkusen,0,2,A,6.0,17.0,0.0,6.0
2324,D1,2024-03-03,Hoffenheim,Werder Bremen,2,1,H,14.0,18.0,7.0,8.0
2324,E0,2024-03-03,Burnley,Bournemouth,0,2,A,20.0,10.0,6.0,3.0
2324,E0,2024-03-03,Man City,Man United,3,1,H,27.0,3.0,8.0,1.0
2324,F1,2024-03-03,Brest,Le Havre,1,0,H,8.0,11.0,4.0,2.0
2324,F1,2024-03-03,Lyon,Lens,0,3,A,13.0,18.0,4.0,8.0
2324,F1,2024-03-03,Montpellier,Strasbourg,2,2,D,21.0,12.0,7.0,4.0
2324,F1,2024-03-03,Nantes,Metz,0,2,A,9.0,13.0,2.0,4.0
2324,F1,2024-03-03,Rennes,Lorient,1,2,A,22.0,12.0,6.0,6.0
2324,F1,2024-03-03,Toulouse,Nice,2,1,H,17.0,9.0,6.0,6.0
2324,I1,2024-03-03,Atalanta,Bologna,1,2,A,11.0,11.0,2.0,6.0
2324,I1,2024-03-03,Empoli,Cagliari,0,1,A,16.0,8.0,3.0,4.0
2324,I1,2024-03-03,Frosinone,Lecce,1,1,D,15.0,11.0,7.0,4.0
2324,I1,2024-03-03,Napoli,Juventus,2,1,H,14.0,18.0,7.0,4.0
2324,I1,2024-03-03,Verona,Sassuolo,1,0,H,10.0,13.0,5.0,2.0
2324,SP1,2024-03-03,Ath Bilbao,Barcelona,0,0,D,8.0,8.0,2.0,2.0
2324,SP1,2024-03-03,Ath Madrid,Betis,2,1,H,17.0,12.0,12.0,6.0
2324,SP1,2024-03-03,Mallorca,Girona,1,0,H,16.0,15.0,2.0,4.0
2324,SP1,2024-03-03,Villarreal,Granada,5,1,H,16.0,9.0,10.0,3.0
2324,E0,2024-03-04,Sheffield United,Arsenal,0,6,A,4.0,22.0,0.0,10.0
2324,I1,2024-03-04,Inter,Genoa,2,1,H,16.0,10.0,5.0,2.0
2324,SP1,2024-03-04,Osasuna,Alaves,1,0,H,15.0,10.0,4.0,4.0
2324,D1,2024-03-08,Stuttgart,Union Berlin,2,0,H,14.0,10.0,5.0,4.0
2324,F1,2024-03-08,Nice,Montpellier,1,2,A,19.0,7.0,5.0,2.0
2324,I1,2024-03-08,Napoli,Torino,1,1,D,22.0,11.0,8.0,2.0
2324,SP1,2024-03-08,Barcelona,Mallorca,1,0,H,20.0,9.0,6.0,3.0
2324,D1,2024-03-09,Augsburg,Heidenheim,1,0,H,8.0,6.0,4.0,1.0
2324,D1,2024-03-09,Bayern Munich,Mainz,8,1,H,25.0,13.0,12.0,3.0
2324,D1,2024-03-09,M'gladbach,FC Koln,3,3,D,16.0,12.0,5.0,5.0
2324,D1,2024-03-09,RB Leipzig,Darmstadt,2,0,H,28.0,9.0,8.0,4.0
2324,D1,2024-03-09,Werder Bremen,Dortmund,1,2,A,15.0,13.0,5.0,6.0
2324,E0,2024-03-09,Arsenal,Brentford,2,1,H,17.0,9.0,6.0,4.0
2324,E0,2024-03-09,Bournemouth,Sheffield United,2,2,D,32.0,13.0,12.0,9.0
2324,E0,2024-03-09,Crystal Palace,Luton,1,1,D,21.0,8.0,4.0,2.0
2324,E0,2024-03-09,Man United,Everton,2,0,H,15.0,23.0,8.0,6.0
2324,E0,2024-03-09,Wolves,Fulham,2,1,H,8.0,23.0,3.0,6.0
2324,F1,2024-03-09,Lens,Brest,1,0,H,6.0,9.0,2.0,3.0
2324,F1,2024-03-09,Lorient,Lyon,0,2,A,9.0,13.0,0.0,6.0
2324,I1,2024-03-09,Bologna,Inter,0,1,A,19.0,5.0,3.0,4.0
2324,I1,2024-03-09,Cagliari,Salernitana,4,2,H,12.0,12.0,7.0,5.0
2324,I1,2024-03-09,Genoa,Monza,2,3,A,22.0,9.0,6.0,5.0
2324,I1,2024-03-09,Sassuolo,Frosinone,1,0,H,10.0,11.0,4.0,1.0
2324,SP1,2024-03-09,Cadiz,Ath Madrid,2,0,H,7.0,8.0,3.0,4.0
2324,SP1,2024-03-09,Girona,Osasuna,2,0,H,11.0,7.0,6.0,1.0
2324,SP1,2024-03-09,Granada,Sociedad,2,3,A,13.0,11.0,6.0,8.0
2324,SP1,2024-03-09,Valencia,Getafe,1,0,H,10.0,15.0,3.0,5.0
2324,D1,2024-03-10,Bochum,Freiburg,1,2,A,18.0,9.0,6.0,5.0
2324,D1,2024-03-10,Ein Frankfurt,Hoffenheim,3,1,H,17.0,6.0,7.0,2.0
2324,D1,2024-03-10,Leverkusen,Wolfsburg,2,0,H,19.0,2.0,7.0,1.0
2324,E0,2024-03-10,Aston Villa,Tottenham,0,4,A,10.0,9.0,1.0,5.0
2324,E0,2024-03-10,Brighton,Nott'm Forest,1,0,H,10.0,9.0,3.0,4.0
2324,E0,2024-03-10,Liverpool,Man City,1,1,D,19.0,10.0,6.0,6.0
2324,E0,2024-03-10,West Ham,Burnley,2,2,D,22.0,11.0,4.0,4.0
2324,F1,2024-03-10,Le Havre,Toulouse,1,0,H,12.0,5.0,4.0,0.0
2324,F1,2024-03-10,Lille,Rennes,2,2,D,15.0,11.0,8.0,3.0
2324,F1,2024-03-10,Marseille,Nantes,2,0,H,12.0,10.0,4.0,3.0
2324,F1,2024-03-10,Metz,Clermont,1,0,H,11.0,13.0,2.0,6.0
2324,F1,2024-03-10,Paris SG,Reims,2,2,D,19.0,8.0,6.0,3.0
2324,F1,2024-03-10,Strasbourg,Monaco,0,1,A,8.0,17.0,1.0,6.0
2324,I1,2024-03-10,Fiorentina,Roma,2,2,D,15.0,10.0,5.0,5.0
2324,I1,2024-03-10,Juventus,Atalanta,2,2,D,18.0,7.0,5.0,3.0
2324,I1,2024-03-10,Lecce,Verona,0,1,A,15.0,13.0,3.0,4.0
2324,I1,2024-03-10,Milan,Empoli,1,0,H,15.0,5.0,5.0,2.0
2324,SP1,2024-03-10,Alaves,Vallecano,1,0,H,12.0,9.0,4.0,3.0
2324,SP1,2024-03-10,Betis,Villarreal,2,3,A,13.0,6.0,4.0,4.0
2324,SP1,2024-03-10,Las Palmas,Ath Bilbao,0,2,A,14.0,7.0,2.0,2.0
2324,SP1,2024-03-10,Real Madrid,Celta,4,0,H,24.0,11.0,13.0,1.0
2324,E0,2024-03-11,Chelsea,Newcastle,3,2,H,12.0,11.0,8.0,3.0
2324,I1,2024-03-11,Lazio,Udinese,1,2,A,18.0,14.0,6.0,5.0
2324,SP1,2024-03-11,Almeria,Sevilla,2,2,D,14.0,19.0,4.0,6.0
2324,E0,2024-03-13,Bournemouth,Luton,4,3,H,24.0,8.0,10.0,4.0
2324,D1,2024-03-15,FC Koln,RB Leipzig,1,5,A,9.0,23.0,2.0,7.0
2324,F1,2024-03-15,Toulouse,Lyon,2,3,A,13.0,18.0,5.0,6.0
2324,I1,2024-03-15,Empoli,Bologna,0,1,A,10.0,20.0,1.0,9.0
2324,SP1,2024-03-15,Sociedad,Cadiz,2,0,H,14.0,13.0,6.0,2.0
2324,D1,2024-03-16,Darmstadt,Bayern Munich,2,5,A,7.0,26.0,3.0,6.0
2324,D1,2024-03-16,Heidenheim,M'gladbach,1,1,D,16.0,6.0,5.0,2.0
2324,D1,2024-03-16,Hoffenheim,Stuttgart,0,3,A,8.0,25.0,1.0,12.0
2324,D1,2024-03-16,Mainz,Bochum,2,0,H,13.0,11.0,4.0,4.0
2324,D1,2024-03-16,Union Berlin,Werder Bremen,2,1,H,11.0,10.0,5.0,2.0
2324,D1,2024-03-16,Wolfsburg,Augsburg,1,3,A,15.0,14.0,4.0,5.0
2324,E0,2024-03-16,Burnley,Brentford,2,1,H,17.0,9.0,6.0,5.0
2324,E0,2024-03-16,Fulham,Tottenham,3,0,H,16.0,14.0,7.0,5.0
2324,E0,2024-03-16,Luton,Nott'm Forest,1,1,D,10.0,16.0,4.0,6.0
2324,F1,2024-03-16,Lens,Nice,1,3,A,20.0,7.0,4.0,3.0
2324,F1,2024-03-16,Nantes,Strasbourg,1,3,A,11.0,11.0,2.0,6.0
2324,I1,2024-03-16,Frosinone,Lazio,2,3,A,14.0,22.0,5.0,7.0
2324,I1,2024-03-16,Monza,Cagliari,1,0,H,15.0,10.0,3.0,0.0
2324,I1,2024-03-16,Salernitana,Lecce,0,1,A,15.0,17.0,6.0,4.0
2324,I1,2024-03-16,Udinese,Torino,0,2,A,12.0,12.0,1.0,5.0
2324,SP1,2024-03-16,Ath Bilbao,Alaves,2,0,H,16.0,7.0,4.0,3.0
2324,SP1,2024-03-16,Getafe,Girona,1,0,H,11.0,13.0,3.0,3.0
2324,SP1,2024-03-16,Mallorca,Granada,1,0,H,18.0,8.0,8.0,3.0
2324,SP1,2024-03-16,Osasuna,Real Madrid,2,4,A,9.0,17.0,4.0,9.0
2324,D1,2024-03-17,Dortmund,Ein Frankfurt,3,1,H,16.0,8.0,6.0,6.0
2324,D1,2024-03-17,Freiburg,Leverkusen,2,3,A,9.0,18.0,3.0,7.0
2324,E0,2024-03-17,West Ham,Aston Villa,1,1,D,13.0,13.0,5.0,5.0
2324,F1,2024-03-17,Brest,Lille,1,1,D,16.0,13.0,4.0,8.0
2324,F1,2024-03-17,Clermont,Le Havre,2,1,H,9.0,14.0,4.0,5.0
2324,F1,2024-03-17,Monaco,Lorient,2,2,D,23.0,11.0,8.0,6.0
2324,F1,2024-03-17,Montpellier,Paris SG,2,6,A,12.0,16.0,7.0,9.0
2324,F1,2024-03-17,Reims,Metz,2,1,H,17.0,12.0,7.0,4.0
2324,F1,2024-03-17,Rennes,Marseille,2,0,H,7.0,8.0,4.0,1.0
2324,I1,2024-03-17,Inter,Napoli,1,1,D,19.0,11.0,6.0,3.0
2324,I1,2024-03-17,Juventus,Genoa,0,0,D,17.0,5.0,2.0,2.0
2324,I1,2024-03-17,Roma,Sassuolo,1,0,H,10.0,8.0,4.0,2.0
2324,I1,2024-03-17,Verona,Milan,1,3,A,15.0,18.0,4.0,6.0
2324,SP1,2024-03-17,Ath Madrid,Barcelona,0,3,A,12.0,9.0,3.0,5.0
2324,SP1,2024-03-17,Las Palmas,Almeria,0,1,A,21.0,3.0,6.0,2.0
2324,SP1,2024-03-17,Sevilla,Celta,1,2,A,11.0,18.0,4.0,5.0
2324,SP1,2024-03-17,Vallecano,Betis,2,0,H,8.0,11.0,4.0,1.0
2324,SP1,2024-03-17,Villarreal,Valencia,1,0,H,13.0,14.0,7.0,7.0
2324,F1,2024-03-29,Lille,Lens,2,1,H,15.0,9.0,6.0,3.0
2324,SP1,2024-03-29,Cadiz,Granada,1,0,H,13.0,10.0,5.0,2.0
2324,D1,2024-03-30,Bayern Munich,Dortmund,0,2,A,16.0,11.0,3.0,5.0
2324,D1,2024-03-30,Ein Frankfurt,Union Berlin,0,0,D,18.0,10.0,4.0,2.0
2324,D1,2024-03-30,Leverkusen,Hoffenheim,2,1,H,36.0,6.0,12.0,2.0
2324,D1,2024-03-30,M'gladbach,Freiburg,0,3,A,18.0,13.0,4.0,8.0
2324,D1,2024-03-30,RB Leipzig,Mainz,0,0,D,23.0,8.0,10.0,2.0
2324,D1,2024-03-30,Werder Bremen,Wolfsburg,0,2,A,6.0,15.0,1.0,5.0
2324,E0,2024-03-30,Aston Villa,Wolves,2,0,H,11.0,13.0,5.0,3.0
2324,E0,2024-03-30,Bournemouth,Everton,2,1,H,11.0,7.0,4.0,3.0
2324,E0,2024-03-30,Brentford,Man United,1,1,D,31.0,11.0,5.0,5.0
2324,E0,2024-03-30,Chelsea,Burnley,2,2,D,33.0,18.0,13.0,7.0
2324,E0,2024-03-30,Newcastle,West Ham,4,3,H,24.0,10.0,9.0,4.0
2324,E0,2024-03-30,Nott'm Forest,Crystal Palace,1,1,D,12.0,10.0,5.0,3.0
2324,E0,2024-03-30,Sheffield United,Fulham,3,3,D,8.0,24.0,4.0,9.0
2324,E0,2024-03-30,Tottenham,Luton,2,1,H,17.0,7.0,4.0,3.0
2324,F1,2024-03-30,Lyon,Reims,1,1,D,16.0,17.0,3.0,5.0
2324,F1,2024-03-30,Metz,Monaco,2,5,A,13.0,17.0,7.0,7.0
2324,I1,2024-03-30,Fiorentina,Milan,1,2,A,17.0,14.0,7.0,10.0
2324,I1,2024-03-30,Genoa,Frosinone,1,1,D,9.0,15.0,3.0,3.0
2324,I1,2024-03-30,Lazio,Juventus,1,0,H,16.0,9.0,4.0,3.0
2324,I1,2024-03-30,Napoli,Atalanta,0,3,A,20.0,12.0,6.0,6.0
2324,I1,2024-03-30,Torino,Monza,1,0,H,15.0,9.0,6.0,2.0
2324,SP1,2024-03-30,Almeria,Osasuna,0,3,A,12.0,6.0,5.0,4.0
2324,SP1,2024-03-30,Barcelona,Las Palmas,1,0,H,14.0,8.0,2.0,0.0
2324,SP1,2024-03-30,Getafe,Sevilla,0,1,A,18.0,10.0,5.0,3.0
2324,SP1,2024-03-30,Valencia,Mallorca,0,0,D,14.0,11.0,5.0,3.0
2324,D1,2024-03-31,Augsburg,FC Koln,1,1,D,24.0,12.0,6.0,2.0
2324,D1,2024-03-31,Bochum,Darmstadt,2,2,D,20.0,13.0,7.0,3.0
2324,D1,2024-03-31,Stuttgart,Heidenheim,3,3,D,20.0,6.0,6.0,3.0
2324,E0,2024-03-31,Liverpool,Brighton,2,1,H,30.0,9.0,8.0,3.0
2324,E0,2024-03-31,Man City,Arsenal,0,0,D,12.0,6.0,1.0,2.0
2324,F1,2024-03-31,Clermont,Toulouse,0,3,A,15.0,11.0,5.0,5.0
2324,F1,2024-03-31,Le Havre,Montpellier,0,2,A,14.0,14.0,3.0,5.0
2324,F1,2024-03-31,Lorient,Brest,0,1,A,11.0,10.0,5.0,2.0
2324,F1,2024-03-31,Marseille,Paris SG,0,2,A,22.0,8.0,10.0,3.0
2324,F1,2024-03-31,Nice,Nantes,1,2,A,12.0,13.0,3.0,4.0
2324,F1,2024-03-31,Strasbourg,Rennes,2,0,H,14.0,12.0,7.0,0.0
2324,SP1,2024-03-31,Alaves,Sociedad,0,1,A,3.0,12.0,0.0,3.0
2324,SP1,2024-03-31,Celta,Vallecano,0,0,D,13.0,8.0,0.0,2.0
2324,SP1,2024-03-31,Girona,Betis,3,2,H,9.0,7.0,5.0,4.0
2324,SP1,2024-03-31,Real Madrid,Ath Bilbao,2,0,H,9.0,7.0,4.0,3.0
2324,I1,2024-04-01,Bologna,Salernitana,3,0,H,14.0,8.0,3.0,2.0
2324,I1,2024-04-01,Cagliari,Verona,1,1,D,11.0,8.0,2.0,5.0
2324,I1,2024-04-01,Inter,Empoli,2,0,H,19.0,14.0,7.0,3.0
2324,I1,2024-04-01,Lecce,Roma,0,0,D,27.0,10.0,6.0,3.0
2324,I1,2024-04-01,Sassuolo,Udinese,1,1,D,14.0,12.0,5.0,3.0
2324,SP1,2024-04-01,Villarreal,Ath Madrid,1,2,A,11.0,14.0,2.0,8.0
2324,E0,2024-04-02,Bournemouth,Crystal Palace,1,0,H,11.0,3.0,6.0,2.0
2324,E0,2024-04-02,Burnley,Wolves,1,1,D,13.0,8.0,6.0,2.0
2324,E0,2024-04-02,Newcastle,Everton,1,1,D,18.0,10.0,6.0,3.0
2324,E0,2024-04-02,Nott'm Forest,Fulham,3,1,H,16.0,18.0,4.0,3.0
2324,E0,2024-04-02,West Ham,Tottenham,1,1,D,11.0,13.0,4.0,4.0
2324,E0,2024-04-03,Arsenal,Luton,2,0,H,13.0,5.0,4.0,1.0
2324,E0,2024-04-03,Brentford,Brighton,0,0,D,5.0,24.0,2.0,6.0
2324,E0,2024-04-03,Man City,Aston Villa,4,1,H,25.0,8.0,11.0,3.0
2324,E0,2024-04-04,Chelsea,Man United,4,3,H,28.0,19.0,10.0,5.0
2324,E0,2024-04-04,Liverpool,Sheffield United,3,1,H,29.0,8.0,9.0,3.0
2324,SP1,2024-04-04,Granada,Valencia,0,1,A,13.0,6.0,3.0,2.0
2324,D1,2024-04-05,Ein Frankfurt,Werder Bremen,1,1,D,19.0,10.0,5.0,7.0
2324,F1,2024-04-05,Lille,Marseille,3,1,H,14.0,13.0,6.0,4.0
2324,I1,2024-04-05,Salernitana,Sassuolo,2,2,D,5.0,16.0,2.0,5.0
2324,D1,2024-04-06,Dortmund,Stuttgart,0,1,A,14.0,10.0,7.0,2.0
2324,D1,2024-04-06,FC Koln,Bochum,2,1,H,17.0,8.0,6.0,2.0
2324,D1,2024-04-06,Freiburg,RB Leipzig,1,4,A,15.0,15.0,4.0,6.0
2324,D1,2024-04-06,Heidenheim,Bayern Munich,3,2,H,9.0,15.0,4.0,8.0
2324,D1,2024-04-06,Mainz,Darmstadt,4,0,H,18.0,14.0,9.0,2.0
2324,D1,2024-04-06,Union Berlin,Leverkusen,0,1,A,8.0,19.0,1.0,8.0
2324,E0,2024-04-06,Aston Villa,Brentford,3,3,D,11.0,8.0,3.0,3.0
2324,E0,2024-04-06,Brighton,Arsenal,0,3,A,10.0,20.0,2.0,7.0
2324,E0,2024-04-06,Crystal Palace,Man City,2,4,A,7.0,18.0,4.0,8.0
2324,E0,2024-04-06,Everton,Burnley,1,0,H,12.0,6.0,3.0,1.0
2324,E0,2024-04-06,Fulham,Newcastle,0,1,A,14.0,12.0,4.0,5.0
2324,E0,2024-04-06,Luton,Bournemouth,2,1,H,19.0,8.0,9.0,1.0
2324,E0,2024-04-06,Wolves,West Ham,1,2,A,14.0,11.0,7.0,4.0
2324,F1,2024-04-06,Lens,Le Havre,1,1,D,18.0,11.0,8.0,3.0
2324,F1,2024-04-06,Paris SG,Clermont,1,1,D,23.0,6.0,7.0,3.0
2324,I1,2024-04-06,Empoli,Torino,3,2,H,4.0,19.0,3.0,5.0
2324,I1,2024-04-06,Milan,Lecce,3,0,H,16.0,12.0,8.0,7.0
2324,I1,2024-04-06,Roma,Lazio,1,0,H,15.0,11.0,3.0,1.0
2324,D1,2024-04-07,Hoffenheim,Augsburg,3,1,H,17.0,14.0,6.0,7.0
2324,D1,2024-04-07,Wolfsburg,M'gladbach,1,3,A,13.0,10.0,4.0,6.0
2324,E0,2024-04-07,Man United,Liverpool,2,2,D,9.0,28.0,5.0,7.0
2324,E0,2024-04-07,Sheffield United,Chelsea,2,2,D,11.0,6.0,6.0,3.0
2324,E0,2024-04-07,Tottenham,Nott'm Forest,3,1,H,17.0,13.0,7.0,6.0
2324,F1,2024-04-07,Brest,Metz,4,3,H,24.0,8.0,10.0,6.0
2324,F1,2024-04-07,Monaco,Rennes,1,0,H,16.0,12.0,5.0,7.0
2324,F1,2024-04-07,Montpellier,Lorient,2,0,H,13.0,19.0,5.0,5.0
2324,F1,2024-04-07,Nantes,Lyon,1,3,A,14.0,19.0,6.0,10.0
2324,F1,2024-04-07,Reims,Nice,0,0,D,10.0,18.0,3.0,3.0
2324,F1,2024-04-07,Toulouse,Strasbourg,0,0,D,11.0,8.0,2.0,1.0
2324,I1,2024-04-07,Cagliari,Atalanta,2,1,H,11.0,7.0,3.0,2.0
2324,I1,2024-04-07,Frosinone,Bologna,0,0,D,12.0,13.0,5.0,5.0
2324,I1,2024-04-07,Juventus,Fiorentina,1,0,H,7.0,13.0,2.0,2.0
2324,I1,2024-04-07,Monza,Napoli,2,4,A,7.0,19.0,2.0,8.0
2324,I1,2024-04-07,Verona,Genoa,1,2,A,12.0,11.0,3.0,5.0
2324,I1,2024-04-08,Udinese,Inter,1,2,A,3.0,23.0,1.0,6.0
2324,D1,2024-04-12,Augsburg,Union Berlin,2,0,H,12.0,17.0,4.0,4.0
2324,F1,2024-04-12,Metz,Lens,2,1,H,11.0,17.0,5.0,2.0
2324,I1,2024-04-12,Lazio,Salernitana,4,1,H,17.0,8.0,6.0,5.0
2324,SP1,2024-04-12,Betis,Celta,2,1,H,15.0,12.0,3.0,5.0
2324,D1,2024-04-13,Bayern Munich,FC Koln,2,0,H,17.0,11.0,7.0,5.0
2324,D1,2024-04-13,Bochum,Heidenheim,1,1,D,24.0,10.0,5.0,3.0
2324,D1,2024-04-13,M'gladbach,Dortmund,1,2,A,16.0,12.0,5.0,4.0
2324,D1,2024-04-13,Mainz,Hoffenheim,4,1,H,23.0,5.0,8.0,1.0
2324,D1,2024-04-13,RB Leipzig,Wolfsburg,3,0,H,15.0,10.0,6.0,3.0
2324,D1,2024-04-13,Stuttgart,Ein Frankfurt,3,0,H,9.0,10.0,6.0,3.0
2324,E0,2024-04-13,Bournemouth,Man United,2,2,D,20.0,8.0,5.0,2.0
2324,E0,2024-04-13,Brentford,Sheffield United,2,0,H,9.0,8.0,5.0,2.0
2324,E0,2024-04-13,Burnley,Brighton,1,1,D,11.0,20.0,3.0,8.0
2324,E0,2024-04-13,Man City,Luton,5,1,H,33.0,4.0,13.0,2.0
2324,E0,2024-04-13,Newcastle,Tottenham,4,0,H,18.0,11.0,5.0,2.0
2324,E0,2024-04-13,Nott'm Forest,Wolves,2,2,D,18.0,11.0,9.0,4.0
2324,F1,2024-04-13,Rennes,Toulouse,1,2,A,19.0,10.0,4.0,3.0
2324,F1,2024-04-13,Strasbourg,Reims,3,1,H,13.0,8.0,6.0,2.0
2324,I1,2024-04-13,Bologna,Monza,0,0,D,17.0,4.0,7.0,0.0
2324,I1,2024-04-13,Lecce,Empoli,1,0,H,14.0,3.0,7.0,0.0
2324,I1,2024-04-13,Torino,Juventus,0,0,D,13.0,8.0,2.0,3.0
2324,SP1,2024-04-13,Ath Madrid,Girona,3,1,H,17.0,12.0,4.0,5.0
2324,SP1,2024-04-13,Cadiz,Barcelona,0,1,A,14.0,12.0,3.0,2.0
2324,SP1,2024-04-13,Mallorca,Real Madrid,0,1,A,6.0,16.0,2.0,9.0
2324,SP1,2024-04-13,Vallecano,Getafe,0,0,D,11.0,7.0,2.0,0.0
2324,D1,2024-04-14,Darmstadt,Freiburg,0,1,A,16.0,9.0,4.0,3.0
2324,D1,2024-04-14,Leverkusen,Werder Bremen,5,0,H,19.0,7.0,10.0,3.0
2324,E0,2024-04-14,Arsenal,Aston Villa,0,2,A,18.0,11.0,4.0,2.0
2324,E0,2024-04-14,Liverpool,Crystal Palace,0,1,A,21.0,8.0,6.0,5.0
2324,E0,2024-04-14,West Ham,Fulham,0,2,A,15.0,18.0,4.0,10.0
2324,F1,2024-04-14,Clermont,Montpellier,1,1,D,10.0,14.0,2.0,6.0
2324,F1,2024-04-14,Le Havre,Nantes,0,1,A,10.0,12.0,1.0,4.0
2324,F1,2024-04-14,Lyon,Brest,4,3,H,16.0,22.0,8.0,7.0
2324,I1,2024-04-14,Inter,Cagliari,2,2,D,12.0,11.0,7.0,6.0
2324,I1,2024-04-14,Napoli,Frosinone,2,2,D,20.0,13.0,9.0,6.0
2324,I1,2024-04-14,Sassuolo,Milan,3,3,D,10.0,23.0,5.0,7.0
2324,SP1,2024-04-14,Ath Bilbao,Villarreal,1,1,D,13.0,10.0,6.0,2.0
2324,SP1,2024-04-14,Granada,Alaves,2,0,H,9.0,8.0,3.0,3.0
2324,SP1,2024-04-14,Las Palmas,Sevilla,0,2,A,5.0,10.0,2.0,3.0
2324,SP1,2024-04-14,Sociedad,Almeria,2,2,D,17.0,7.0,4.0,3.0
2324,E0,2024-04-15,Chelsea,Everton,6,0,H,14.0,10.0,10.0,2.0
2324,I1,2024-04-15,Atalanta,Verona,2,2,D,16.0,13.0,9.0,5.0
2324,I1,2024-04-15,Fiorentina,Genoa,1,1,D,20.0,7.0,3.0,3.0
2324,SP1,2024-04-15,Osasuna,Valencia,0,1,A,13.0,4.0,2.0,3.0
2324,D1,2024-04-19,Ein Frankfurt,Augsburg,3,1,H,12.0,6.0,7.0,1.0
2324,F1,2024-04-19,Nice,Lorient,3,0,H,19.0,9.0,10.0,4.0
2324,I1,2024-04-19,Cagliari,Juventus,2,2,D,9.0,11.0,4.0,3.0
2324,I1,2024-04-19,Genoa,Lazio,0,1,A,8.0,13.0,2.0,1.0
2324,SP1,2024-04-19,Ath Bilbao,Granada,1,1,D,17.0,5.0,6.0,0.0
2324,D1,2024-04-20,FC Koln,Darmstadt,0,2,A,18.0,12.0,4.0,6.0
2324,D1,2024-04-20,Heidenheim,RB Leipzig,1,2,A,9.0,11.0,5.0,4.0
2324,D1,2024-04-20,Hoffenheim,M'gladbach,4,3,H,27.0,13.0,9.0,7.0
2324,D1,2024-04-20,Union Berlin,Bayern Munich,1,5,A,15.0,18.0,4.0,9.0
2324,D1,2024-04-20,Wolfsburg,Bochum,1,0,H,10.0,9.0,5.0,1.0
2324,E0,2024-04-20,Luton,Brentford,1,5,A,6.0,21.0,3.0,9.0
2324,E0,2024-04-20,Sheffield United,Burnley,1,4,A,18.0,16.0,11.0,9.0
2324,E0,2024-04-20,Wolves,Arsenal,0,2,A,5.0,24.0,3.0,9.0
2324,F1,2024-04-20,Lens,Clermont,1,0,H,17.0,8.0,4.0,1.0
2324,F1,2024-04-20,Nantes,Rennes,0,3,A,6.0,14.0,4.0,5.0
2324,I1,2024-04-20,Empoli,Napoli,1,0,H,7.0,9.0,1.0,1.0
2324,I1,2024-04-20,Verona,Udinese,1,0,H,16.0,18.0,4.0,1.0
2324,SP1,2024-04-20,Celta,Las Palmas,4,1,H,21.0,9.0,13.0,4.0
2324,SP1,2024-04-20,Girona,Cadiz,4,1,H,10.0,12.0,5.0,5.0
2324,SP1,2024-04-20,Valencia,Betis,1,2,A,8.0,12.0,5.0,6.0
2324,SP1,2024-04-20,Vallecano,Osasuna,2,1,H,17.0,6.0,6.0,2.0
2324,D1,2024-04-21,Dortmund,Leverkusen,1,1,D,9.0,13.0,2.0,5.0
2324,D1,2024-04-21,Freiburg,Mainz,1,1,D,7.0,17.0,3.0,4.0
2324,D1,2024-04-21,Werder Bremen,Stuttgart,2,1,H,9.0,14.0,2.0,5.0
2324,E0,2024-04-21,Aston Villa,Bournemouth,3,1,H,14.0,14.0,4.0,6.0
2324,E0,2024-04-21,Crystal Palace,West Ham,5,2,H,18.0,4.0,7.0,1.0
2324,E0,2024-04-21,Everton,Nott'm Forest,2,0,H,7.0,8.0,4.0,3.0
2324,E0,2024-04-21,Fulham,Liverpool,1,3,A,12.0,14.0,5.0,7.0
2324,F1,2024-04-21,Brest,Monaco,0,2,A,12.0,8.0,2.0,3.0
2324,F1,2024-04-21,Le Havre,Metz,0,1,A,16.0,9.0,4.0,2.0
2324,F1,2024-04-21,Lille,Strasbourg,1,0,H,6.0,8.0,2.0,2.0
2324,F1,2024-04-21,Paris SG,Lyon,4,1,H,14.0,16.0,6.0,6.0
2324,F1,2024-04-21,Reims,Montpellier,1,2,A,22.0,12.0,4.0,5.0
2324,F1,2024-04-21,Toulouse,Marseille,2,2,D,10.0,11.0,3.0,3.0
2324,I1,2024-04-21,Monza,Atalanta,1,2,A,17.0,12.0,2.0,6.0
2324,I1,2024-04-21,Salernitana,Fiorentina,0,2,A,5.0,12.0,1.0,7.0
2324,I1,2024-04-21,Sassuolo,Lecce,0,3,A,10.0,14.0,3.0,8.0
2324,I1,2024-04-21,Torino,Frosinone,0,0,D,13.0,12.0,2.0,3.0
2324,SP1,2024-04-21,Alaves,Ath Madrid,2,0,H,8.0,15.0,3.0,4.0
2324,SP1,2024-04-21,Almeria,Villarreal,1,2,A,24.0,11.0,5.0,3.0
2324,SP1,2024-04-21,Getafe,Sociedad,1,1,D,6.0,7.0,4.0,3.0
2324,SP1,2024-04-21,Real Madrid,Barcelona,3,2,H,14.0,14.0,8.0,6.0
2324,I1,2024-04-22,Milan,Inter,1,2,A,15.0,11.0,6.0,3.0
2324,I1,2024-04-22,Roma,Bologna,1,3,A,14.0,11.0,5.0,3.0
2324,SP1,2024-04-22,Sevilla,Mallorca,2,1,H,11.0,8.0,4.0,6.0
2324,E0,2024-04-23,Arsenal,Chelsea,5,0,H,27.0,7.0,10.0,1.0
2324,E0,2024-04-24,Crystal Palace,Newcastle,2,0,H,20.0,7.0,7.0,2.0
2324,E0,2024-04-24,Everton,Liverpool,2,0,H,16.0,23.0,6.0,7.0
2324,E0,2024-04-24,Man United,Sheffield United,4,2,H,25.0,10.0,13.0,4.0
2324,E0,2024-04-24,Wolves,Bournemouth,0,1,A,15.0,21.0,4.0,6.0
2324,F1,2024-04-24,Lorient,Paris SG,1,4,A,11.0,15.0,6.0,7.0
2324,F1,2024-04-24,Marseille,Nice,2,2,D,11.0,10.0,4.0,4.0
2324,F1,2024-04-24,Monaco,Lille,1,0,H,19.0,13.0,7.0,4.0
2324,E0,2024-04-25,Brighton,Man City,0,4,A,7.0,14.0,3.0,6.0
2324,I1,2024-04-25,Udinese,Roma,1,2,A,9.0,19.0,3.0,5.0
2324,D1,2024-04-26,Bochum,Hoffenheim,3,2,H,35.0,12.0,13.0,4.0
2324,F1,2024-04-26,Montpellier,Nantes,1,1,D,8.0,15.0,1.0,5.0
2324,I1,2024-04-26,Frosinone,Salernitana,3,0,H,11.0,17.0,4.0,2.0
2324,SP1,2024-04-26,Sociedad,Real Madrid,0,1,A,9.0,5.0,3.0,3.0
2324,D1,2024-04-27,Augsburg,Werder Bremen,0,3,A,14.0,16.0,1.0,8.0
2324,D1,2024-04-27,Bayern Munich,Ein Frankfurt,2,1,H,19.0,10.0,9.0,3.0
2324,D1,2024-04-27,Freiburg,Wolfsburg,1,2,A,16.0,13.0,3.0,5.0
2324,D1,2024-04-27,Leverkusen,Stuttgart,2,2,D,14.0,11.0,6.0,4.0
2324,D1,2024-04-27,RB Leipzig,Dortmund,4,1,H,21.0,12.0,7.0,5.0
2324,E0,2024-04-27,Aston Villa,Chelsea,2,2,D,9.0,21.0,4.0,5.0
2324,E0,2024-04-27,Everton,Brentford,1,0,H,18.0,10.0,1.0,4.0
2324,E0,2024-04-27,Fulham,Crystal Palace,1,1,D,9.0,14.0,2.0,4.0
2324,E0,2024-04-27,Man United,Burnley,1,1,D,27.0,16.0,10.0,7.0
2324,E0,2024-04-27,Newcastle,Sheffield United,5,1,H,20.0,15.0,7.0,5.0
2324,E0,2024-04-27,West Ham,Liverpool,2,2,D,11.0,28.0,8.0,8.0
2324,E0,2024-04-27,Wolves,Luton,2,1,H,13.0,9.0,5.0,6.0
2324,F1,2024-04-27,Paris SG,Le Havre,3,3,D,17.0,6.0,4.0,4.0
2324,I1,2024-04-27,Juventus,Milan,0,0,D,18.0,9.0,7.0,0.0
2324,I1,2024-04-27,Lazio,Verona,1,0,H,17.0,7.0,5.0,1.0
2324,I1,2024-04-27,Lecce,Monza,1,1,D,12.0,9.0,4.0,1.0
2324,SP1,2024-04-27,Alaves,Celta,3,0,H,16.0,4.0,8.0,0.0
2324,SP1,2024-04-27,Almeria,Getafe,1,3,A,21.0,8.0,11.0,5.0
2324,SP1,2024-04-27,Ath Madrid,Ath Bilbao,3,1,H,8.0,7.0,3.0,1.0
2324,SP1,2024-04-27,Las Palmas,Girona,0,2,A,10.0,6.0,5.0,3.0
2324,D1,2024-04-28,Darmstadt,Heidenheim,0,1,A,12.0,19.0,4.0,6.0
2324,D1,2024-04-28,M'gladbach,Union Berlin,0,0,D,13.0,14.0,4.0,7.0
2324,D1,2024-04-28,Mainz,FC Koln,1,1,D,16.0,16.0,4.0,6.0
2324,E0,2024-04-28,Bournemouth,Brighton,3,0,H,15.0,13.0,6.0,1.0
2324,E0,2024-04-28,Nott'm Forest,Man City,0,2,A,14.0,11.0,2.0,5.0
2324,E0,2024-04-28,Tottenham,Arsenal,2,3,A,14.0,9.0,2.0,3.0
2324,F1,2024-04-28,Clermont,Reims,4,1,H,12.0,10.0,6.0,3.0
2324,F1,2024-04-28,Lorient,Toulouse,1,2,A,15.0,14.0,5.0,5.0
2324,F1,2024-04-28,Lyon,Monaco,3,2,H,15.0,13.0,4.0,5.0
2324,F1,2024-04-28,Marseille,Lens,2,1,H,13.0,18.0,6.0,5.0
2324,F1,2024-04-28,Metz,Lille,1,2,A,5.0,14.0,2.0,4.0
2324,F1,2024-04-28,Rennes,Brest,4,5,A,21.0,10.0,7.0,5.0
2324,F1,2024-04-28,Strasbourg,Nice,1,3,A,13.0,8.0,5.0,4.0
2324,I1,2024-04-28,Atalanta,Empoli,2,0,H,17.0,11.0,5.0,2.0
2324,I1,2024-04-28,Bologna,Udinese,1,1,D,15.0,11.0,4.0,4.0
2324,I1,2024-04-28,Fiorentina,Sassuolo,5,1,H,22.0,7.0,10.0,2.0
2324,I1,2024-04-28,Inter,Torino,2,0,H,17.0,11.0,5.0,3.0
2324,I1,2024-04-28,Napoli,Roma,2,2,D,27.0,10.0,9.0,4.0
2324,SP1,2024-04-28,Betis,Sevilla,1,1,D,15.0,10.0,5.0,1.0
2324,SP1,2024-04-28,Cadiz,Mallorca,1,1,D,10.0,9.0,2.0,2.0
2324,SP1,2024-04-28,Granada,Osasuna,3,0,H,12.0,11.0,4.0,2.0
2324,SP1,2024-04-28,Villarreal,Vallecano,3,0,H,15.0,20.0,7.0,4.0
2324,I1,2024-04-29,Genoa,Cagliari,3,0,H,12.0,12.0,5.0,1.0
2324,SP1,2024-04-29,Barcelona,Valencia,4,2,H,27.0,5.0,13.0,3.0
2324,E0,2024-05-02,Chelsea,Tottenham,2,0,H,16.0,19.0,5.0,3.0
2324,D1,2024-05-03,Hoffenheim,RB Leipzig,1,1,D,18.0,8.0,8.0,5.0
2324,E0,2024-05-03,Luton,Everton,1,1,D,18.0,10.0,5.0,3.0
2324,F1,2024-05-03,Lens,Lorient,2,0,H,18.0,11.0,6.0,5.0
2324,F1,2024-05-03,Toulouse,Montpellier,1,2,A,15.0,5.0,5.0,3.0
2324,I1,2024-05-03,Torino,Bologna,0,0,D,8.0,5.0,1.0,1.0
2324,SP1,2024-05-03,Getafe,Ath Bilbao,0,2,A,34.0,7.0,9.0,2.0
2324,D1,2024-05-04,Dortmund,Augsburg,5,1,H,21.0,20.0,10.0,4.0
2324,D1,2024-05-04,FC Koln,Freiburg,0,0,D,20.0,4.0,7.0,0.0
2324,D1,2024-05-04,Stuttgart,Bayern Munich,3,1,H,24.0,10.0,11.0,3.0
2324,D1,2024-05-04,Werder Bremen,M'gladbach,2,2,D,17.0,17.0,6.0,7.0
2324,D1,2024-05-04,Wolfsburg,Darmstadt,3,0,H,18.0,6.0,6.0,1.0
2324,E0,2024-05-04,Arsenal,Bournemouth,3,0,H,25.0,7.0,9.0,2.0
2324,E0,2024-05-04,Brentford,Fulham,0,0,D,7.0,15.0,3.0,3.0
2324,E0,2024-05-04,Burnley,Newcastle,1,4,A,17.0,23.0,5.0,11.0
2324,E0,2024-05-04,Man City,Wolves,5,1,H,20.0,2.0,12.0,1.0
2324,E0,2024-05-04,Sheffield United,Nott'm Forest,1,3,A,17.0,15.0,5.0,4.0
2324,F1,2024-05-04,Brest,Nantes,0,0,D,9.0,9.0,2.0,1.0
2324,F1,2024-05-04,Le Havre,Strasbourg,3,1,H,15.0,5.0,7.0,3.0
2324,F1,2024-05-04,Metz,Rennes,2,3,A,7.0,21.0,4.0,9.0
2324,F1,2024-05-04,Monaco,Clermont,4,1,H,23.0,9.0,8.0,1.0
2324,I1,2024-05-04,Monza,Lazio,2,2,D,17.0,9.0,7.0,5.0
2324,I1,2024-05-04,Sassuolo,Inter,1,0,H,6.0,14.0,2.0,1.0
2324,SP1,2024-05-04,Girona,Barcelona,4,2,H,9.0,16.0,7.0,7.0
2324,SP1,2024-05-04,Mallorca,Ath Madrid,0,1,A,7.0,9.0,4.0,4.0
2324,SP1,2024-05-04,Real Madrid,Cadiz,3,0,H,19.0,7.0,9.0,2.0
2324,SP1,2024-05-04,Sociedad,Las Palmas,2,0,H,9.0,7.0,4.0,1.0
2324,D1,2024-05-05,Ein Frankfurt,Leverkusen,1,5,A,16.0,10.0,5.0,6.0
2324,D1,2024-05-05,Heidenheim,Mainz,1,1,D,16.0,10.0,6.0,4.0
2324,D1,2024-05-05,Union Berlin,Bochum,3,4,A,12.0,17.0,6.0,5.0
2324,E0,2024-05-05,Brighton,Aston Villa,1,0,H,15.0,2.0,8.0,1.0
2324,E0,2024-05-05,Chelsea,West Ham,5,0,H,25.0,13.0,14.0,2.0
2324,E0,2024-05-05,Liverpool,Tottenham,4,2,H,25.0,11.0,13.0,6.0
2324,I1,2024-05-05,Cagliari,Lecce,1,1,D,9.0,16.0,3.0,3.0
2324,I1,2024-05-05,Empoli,Frosinone,0,0,D,7.0,17.0,1.0,5.0
2324,I1,2024-05-05,Milan,Genoa,3,3,D,26.0,6.0,7.0,2.0
2324,I1,2024-05-05,Roma,Juventus,1,1,D,19.0,16.0,5.0,6.0
2324,I1,2024-05-05,Verona,Fiorentina,2,1,H,9.0,13.0,4.0,4.0
2324,SP1,2024-05-05,Celta,Villarreal,3,2,H,23.0,11.0,7.0,3.0
2324,SP1,2024-05-05,Osasuna,Betis,0,2,A,12.0,10.0,2.0,4.0
2324,SP1,2024-05-05,Sevilla,Granada,3,0,H,11.0,8.0,5.0,3.0
2324,SP1,2024-05-05,Valencia,Alaves,0,1,A,13.0,14.0,1.0,4.0
2324,SP1,2024-05-05,Vallecano,Almeria,0,1,A,27.0,7.0,10.0,2.0
2324,E0,2024-05-06,Crystal Palace,Man United,4,0,H,18.0,7.0,10.0,2.0
2324,F1,2024-05-06,Lille,Lyon,3,4,A,8.0,11.0,5.0,7.0
2324,I1,2024-05-06,Salernitana,Atalanta,1,2,A,9.0,17.0,2.0,4.0
2324,I1,2024-05-06,Udinese,Napoli,1,1,D,10.0,12.0,2.0,4.0
2324,D1,2024-05-10,Augsburg,Stuttgart,0,1,A,9.0,19.0,1.0,7.0
2324,F1,2024-05-10,Brest,Reims,1,1,D,16.0,8.0,5.0,2.0
2324,F1,2024-05-10,Nice,Le Havre,1,0,H,13.0,12.0,6.0,3.0
2324,I1,2024-05-10,Frosinone,Inter,0,5,A,17.0,14.0,8.0,5.0
2324,SP1,2024-05-10,Alaves,Girona,2,2,D,14.0,15.0,8.0,5.0
2324,D1,2024-05-11,FC Koln,Union Berlin,3,2,H,18.0,14.0,5.0,6.0
2324,D1,2024-05-11,Freiburg,Heidenheim,1,1,D,19.0,9.0,3.0,3.0
2324,D1,2024-05-11,M'gladbach,Ein Frankfurt,1,1,D,6.0,16.0,3.0,1.0
2324,D1,2024-05-11,Mainz,Dortmund,3,0,H,14.0,10.0,6.0,2.0
2324,D1,2024-05-11,RB Leipzig,Werder Bremen,1,1,D,13.0,10.0,5.0,1.0
2324,E0,2024-05-11,Bournemouth,Brentford,1,2,A,13.0,11.0,4.0,5.0
2324,E0,2024-05-11,Everton,Sheffield United,1,0,H,15.0,13.0,6.0,1.0
2324,E0,2024-05-11,Fulham,Man City,0,4,A,1.0,16.0,1.0,9.0
2324,E0,2024-05-11,Newcastle,Brighton,1,1,D,18.0,15.0,7.0,4.0
2324,E0,2024-05-11,Nott'm Forest,Chelsea,2,3,A,20.0,12.0,4.0,5.0
2324,E0,2024-05-11,Tottenham,Burnley,2,1,H,21.0,7.0,9.0,3.0
2324,E0,2024-05-11,West Ham,Luton,3,1,H,24.0,4.0,8.0,1.0
2324,E0,2024-05-11,Wolves,Crystal Palace,1,3,A,13.0,13.0,7.0,3.0
2324,I1,2024-05-11,Milan,Cagliari,5,1,H,17.0,13.0,10.0,7.0
2324,I1,2024-05-11,Napoli,Bologna,0,2,A,16.0,11.0,6.0,4.0
2324,SP1,2024-05-11,Ath Bilbao,Osasuna,2,2,D,15.0,13.0,6.0,3.0
2324,SP1,2024-05-11,Granada,Real Madrid,0,4,A,12.0,13.0,1.0,7.0
2324,SP1,2024-05-11,Mallorca,Las Palmas,1,0,H,7.0,7.0,2.0,1.0
2324,SP1,2024-05-11,Villarreal,Sevilla,3,2,H,25.0,8.0,7.0,4.0
2324,D1,2024-05-12,Bayern Munich,Wolfsburg,2,0,H,5.0,5.0,3.0,2.0
2324,D1,2024-05-12,Bochum,Leverkusen,0,5,A,2.0,28.0,0.0,10.0
2324,D1,2024-05-12,Darmstadt,Hoffenheim,0,6,A,9.0,12.0,1.0,7.0
2324,E0,2024-05-12,Man United,Arsenal,0,1,A,14.0,11.0,2.0,5.0
2324,F1,2024-05-12,Clermont,Lyon,0,1,A,18.0,6.0,5.0,2.0
2324,F1,2024-05-12,Marseille,Lorient,3,1,H,13.0,14.0,4.0,3.0
2324,F1,2024-05-12,Montpellier,Monaco,0,2,A,14.0,19.0,3.0,9.0
2324,F1,2024-05-12,Nantes,Lille,1,2,A,9.0,12.0,5.0,3.0
2324,F1,2024-05-12,Paris SG,Toulouse,1,3,A,15.0,18.0,3.0,5.0
2324,F1,2024-05-12,Rennes,Lens,1,1,D,16.0,8.0,6.0,4.0
2324,F1,2024-05-12,Strasbourg,Metz,2,1,H,10.0,11.0,2.0,2.0
2324,I1,2024-05-12,Atalanta,Roma,2,1,H,24.0,9.0,7.0,6.0
2324,I1,2024-05-12,Genoa,Sassuolo,2,1,H,8.0,12.0,2.0,4.0
2324,I1,2024-05-12,Juventus,Salernitana,1,1,D,25.0,13.0,6.0,4.0
2324,I1,2024-05-12,Lazio,Empoli,2,0,H,11.0,16.0,5.0,3.0
2324,I1,2024-05-12,Verona,Torino,1,2,A,13.0,6.0,5.0,2.0
2324,SP1,2024-05-12,Ath Madrid,Celta,1,0,H,21.0,6.0,8.0,2.0
2324,SP1,2024-05-12,Betis,Almeria,3,2,H,14.0,14.0,7.0,7.0
2324,SP1,2024-05-12,Cadiz,Getafe,1,0,H,13.0,10.0,6.0,4.0
2324,SP1,2024-05-12,Valencia,Vallecano,0,0,D,13.0,12.0,5.0,1.0
2324,E0,2024-05-13,Aston Villa,Liverpool,3,3,D,19.0,14.0,5.0,7.0
2324,I1,2024-05-13,Fiorentina,Monza,2,1,H,15.0,5.0,8.0,2.0
2324,I1,2024-05-13,Lecce,Udinese,0,2,A,9.0,16.0,2.0,3.0
2324,SP1,2024-05-13,Barcelona,Sociedad,2,0,H,14.0,10.0,5.0,3.0
2324,E0,2024-05-14,Tottenham,Man City,0,2,A,10.0,8.0,5.0,5.0
2324,SP1,2024-05-14,Girona,Villarreal,0,1,A,22.0,11.0,5.0,3.0
2324,SP1,2024-05-14,Osasuna,Mallorca,1,1,D,10.0,10.0,4.0,4.0
2324,SP1,2024-05-14,Real Madrid,Alaves,5,0,H,22.0,18.0,11.0,10.0
2324,E0,2024-05-15,Brighton,Chelsea,1,2,A,12.0,13.0,2.0,6.0
2324,E0,2024-05-15,Man United,Newcastle,3,2,H,17.0,21.0,8.0,8.0
2324,F1,2024-05-15,Nice,Paris SG,1,2,A,12.0,11.0,4.0,4.0
2324,F1,2024-05-15,Reims,Marseille,1,0,H,10.0,19.0,3.0,3.0
2324,SP1,2024-05-15,Celta,Ath Bilbao,2,1,H,10.0,7.0,4.0,2.0
2324,SP1,2024-05-15,Getafe,Ath Madrid,0,3,A,8.0,7.0,3.0,3.0
2324,SP1,2024-05-15,Sevilla,Cadiz,0,1,A,14.0,19.0,3.0,7.0
2324,SP1,2024-05-15,Vallecano,Granada,2,1,H,18.0,10.0,9.0,1.0
2324,SP1,2024-05-16,Almeria,Barcelona,0,2,A,12.0,16.0,3.0,7.0
2324,SP1,2024-05-16,Las Palmas,Betis,2,2,D,16.0,6.0,9.0,4.0
2324,SP1,2024-05-16,Sociedad,Valencia,1,0,H,10.0,7.0,5.0,3.0
2324,I1,2024-05-17,Fiorentina,Napoli,2,2,D,14.0,15.0,5.0,3.0
2324,D1,2024-05-18,Dortmund,Darmstadt,4,0,H,21.0,7.0,10.0,1.0
2324,D1,2024-05-18,Ein Frankfurt,RB Leipzig,2,2,D,19.0,9.0,6.0,5.0
2324,D1,2024-05-18,Heidenheim,FC Koln,4,1,H,13.0,19.0,7.0,9.0
2324,D1,2024-05-18,Hoffenheim,Bayern Munich,4,2,H,17.0,12.0,9.0,4.0
2324,D1,2024-05-18,Leverkusen,Augsburg,2,1,H,19.0,8.0,8.0,2.0
2324,D1,2024-05-18,Stuttgart,M'gladbach,4,0,H,21.0,13.0,11.0,5.0
2324,D1,2024-05-18,Union Berlin,Freiburg,2,1,H,14.0,11.0,5.0,5.0
2324,D1,2024-05-18,Werder Bremen,Bochum,4,1,H,25.0,26.0,12.0,8.0
2324,D1,2024-05-18,Wolfsburg,Mainz,1,3,A,12.0,12.0,4.0,6.0
2324,I1,2024-05-18,Lecce,Atalanta,0,2,A,11.0,19.0,3.0,9.0
2324,I1,2024-05-18,Torino,Milan,3,1,H,11.0,16.0,5.0,4.0
2324,SP1,2024-05-18,Alaves,Getafe,1,0,H,9.0,10.0,2.0,4.0
2324,E0,2024-05-19,Arsenal,Everton,2,1,H,26.0,5.0,5.0,2.0
2324,E0,2024-05-19,Brentford,Newcastle,2,4,A,10.0,12.0,5.0,7.0
2324,E0,2024-05-19,Brighton,Man United,0,2,A,17.0,11.0,3.0,4.0
2324,E0,2024-05-19,Burnley,Nott'm Forest,1,2,A,20.0,12.0,3.0,6.0
2324,E0,2024-05-19,Chelsea,Bournemouth,2,1,H,16.0,22.0,6.0,5.0
2324,E0,2024-05-19,Crystal Palace,Aston Villa,5,0,H,15.0,8.0,9.0,2.0
2324,E0,2024-05-19,Liverpool,Wolves,2,0,H,36.0,4.0,14.0,3.0
2324,E0,2024-05-19,Luton,Fulham,2,4,A,15.0,15.0,6.0,7.0
2324,E0,2024-05-19,Man City,West Ham,3,1,H,28.0,3.0,12.0,2.0
2324,E0,2024-05-19,Sheffield United,Tottenham,0,3,A,6.0,18.0,1.0,9.0
2324,F1,2024-05-19,Le Havre,Marseille,1,2,A,13.0,22.0,6.0,7.0
2324,F1,2024-05-19,Lens,Montpellier,2,2,D,27.0,11.0,13.0,2.0
2324,F1,2024-05-19,Lille,Nice,2,2,D,12.0,10.0,3.0,4.0
2324,F1,2024-05-19,Lorient,Clermont,5,0,H,32.0,9.0,10.0,4.0
2324,F1,2024-05-19,Lyon,Strasbourg,2,1,H,15.0,10.0,6.0,4.0
2324,F1,2024-05-19,Metz,Paris SG,0,2,A,10.0,20.0,2.0,8.0
2324,F1,2024-05-19,Monaco,Nantes,4,0,H,10.0,6.0,6.0,3.0
2324,F1,2024-05-19,Reims,Rennes,2,1,H,6.0,15.0,4.0,5.0
2324,F1,2024-05-19,Toulouse,Brest,0,3,A,8.0,12.0,2.0,6.0
2324,I1,2024-05-19,Inter,Lazio,1,1,D,19.0,8.0,7.0,3.0
2324,I1,2024-05-19,Monza,Frosinone,0,1,A,14.0,16.0,2.0,5.0
2324,I1,2024-05-19,Roma,Genoa,1,0,H,21.0,11.0,6.0,4.0
2324,I1,2024-05-19,Sassuolo,Cagliari,0,2,A,7.0,13.0,0.0,3.0
2324,I1,2024-05-19,Udinese,Empoli,1,1,D,8.0,4.0,2.0,1.0
2324,SP1,2024-05-19,Ath Bilbao,Sevilla,2,0,H,15.0,9.0,6.0,4.0
2324,SP1,2024-05-19,Ath Madrid,Osasuna,1,4,A,15.0,15.0,2.0,6.0
2324,SP1,2024-05-19,Barcelona,Vallecano,3,0,H,14.0,15.0,6.0,4.0
2324,SP1,2024-05-19,Betis,Sociedad,0,2,A,18.0,5.0,9.0,2.0
2324,SP1,2024-05-19,Cadiz,Las Palmas,0,0,D,10.0,9.0,3.0,1.0
2324,SP1,2024-05-19,Granada,Celta,1,2,A,11.0,8.0,3.0,5.0
2324,SP1,2024-05-19,Mallorca,Almeria,2,2,D,29.0,7.0,8.0,3.0
2324,SP1,2024-05-19,Valencia,Girona,1,3,A,20.0,18.0,6.0,5.0
2324,SP1,2024-05-19,Villarreal,Real Madrid,4,4,D,21.0,12.0,7.0,6.0
2324,I1,2024-05-20,Bologna,Juventus,3,3,D,10.0,11.0,5.0,4.0
2324,I1,2024-05-20,Salernitana,Verona,1,2,A,9.0,17.0,1.0,5.0
2324,I1,2024-05-23,Cagliari,Fiorentina,2,3,A,14.0,11.0,6.0,5.0
2324,I1,2024-05-24,Genoa,Bologna,2,0,H,14.0,11.0,3.0,1.0
2324,SP1,2024-05-24,Girona,Granada,7,0,H,16.0,10.0,9.0,2.0
2324,I1,2024-05-25,Juventus,Monza,2,0,H,12.0,12.0,4.0,4.0
2324,I1,2024-05-25,Milan,Salernitana,3,3,D,23.0,14.0,11.0,6.0
2324,SP1,2024-05-25,Almeria,Cadiz,6,1,H,27.0,12.0,12.0,4.0
2324,SP1,2024-05-25,Osasuna,Villarreal,1,1,D,12.0,11.0,6.0,3.0
2324,SP1,2024-05-25,Real Madrid,Betis,0,0,D,13.0,11.0,5.0,3.0
2324,SP1,2024-05-25,Sociedad,Ath Madrid,0,2,A,14.0,10.0,4.0,4.0
2324,SP1,2024-05-25,Vallecano,Ath Bilbao,0,1,A,17.0,7.0,4.0,1.0
2324,I1,2024-05-26,Atalanta,Torino,3,0,H,18.0,8.0,7.0,1.0
2324,I1,2024-05-26,Empoli,Roma,2,1,H,17.0,15.0,7.0,3.0
2324,I1,2024-05-26,Frosinone,Udinese,0,1,A,21.0,10.0,5.0,5.0
2324,I1,2024-05-26,Lazio,Sassuolo,1,1,D,8.0,8.0,6.0,3.0
2324,I1,2024-05-26,Napoli,Lecce,0,0,D,24.0,10.0,5.0,0.0
2324,I1,2024-05-26,Verona,Inter,2,2,D,18.0,15.0,8.0,11.0
2324,SP1,2024-05-26,Celta,Valencia,2,2,D,9.0,12.0,4.0,1.0
2324,SP1,2024-05-26,Getafe,Mallorca,1,2,A,16.0,9.0,6.0,4.0
2324,SP1,2024-05-26,Las Palmas,Alaves,1,1,D,10.0,14.0,4.0,4.0
2324,SP1,2024-05-26,Sevilla,Barcelona,1,2,A,15.0,11.0,6.0,6.0
2324,I1,2024-06-02,Atalanta,Fiorentina,2,3,A,12.0,8.0,3.0,4.0
2425,SP1,2024-08-15,Ath Bilbao,Getafe,1,1,D,7.0,9.0,4.0,2.0
2425,SP1,2024-08-15,Betis,Girona,1,1,D,19.0,13.0,4.0,2.0
2425,E0,2024-08-16,Man United,Fulham,1,0,H,14.0,10.0,5.0,2.0
2425,F1,2024-08-16,Le Havre,Paris SG,1,4,A,5.0,14.0,2.0,9.0
2425,SP1,2024-08-16,Celta,Alaves,2,1,H,6.0,10.0,4.0,2.0
2425,SP1,2024-08-16,Las Palmas,Sevilla,2,2,D,13.0,16.0,5.0,5.0
2425,E0,2024-08-17,Arsenal,Wolves,2,0,H,18.0,9.0,6.0,3.0
2425,E0,2024-08-17,Everton,Brighton,0,3,A,9.0,10.0,1.0,5.0
2425,E0,2024-08-17,Ipswich,Liverpool,0,2,A,7.0,18.0,2.0,5.0
2425,E0,2024-08-17,Newcastle,Southampton,1,0,H,3.0,19.0,1.0,4.0
2425,E0,2024-08-17,Nott'm Forest,Bournemouth,1,1,D,14.0,13.0,8.0,4.0
2425,E0,2024-08-17,West Ham,Aston Villa,1,2,A,14.0,15.0,3.0,3.0
2425,F1,2024-08-17,Brest,Marseille,1,5,A,7.0,7.0,5.0,5.0
2425,F1,2024-08-17,Monaco,St Etienne,1,0,H,13.0,7.0,6.0,4.0
2425,F1,2024-08-17,Reims,Lille,0,2,A,2.0,21.0,0.0,6.0
2425,I1,2024-08-17,Empoli,Monza,0,0,D,9.0,4.0,1.0,1.0
2425,I1,2024-08-17,Genoa,Inter,2,2,D,10.0,14.0,6.0,9.0
2425,I1,2024-08-17,Milan,Torino,2,2,D,20.0,6.0,6.0,3.0
2425,I1,2024-08-17,Parma,Fiorentina,1,1,D,13.0,14.0,5.0,7.0
2425,SP1,2024-08-17,Osasuna,Leganes,1,1,D,16.0,10.0,5.0,4.0
2425,SP1,2024-08-17,Valencia,Barcelona,1,2,A,6.0,18.0,1.0,8.0
2425,E0,2024-08-18,Brentford,Crystal Palace,2,1,H,9.0,14.0,5.0,6.0
2425,E0,2024-08-18,Chelsea,Man City,0,2,A,10.0,11.0,3.0,5.0
2425,F1,2024-08-18,Angers,Lens,0,1,A,4.0,10.0,3.0,5.0
2425,F1,2024-08-18,Auxerre,Nice,2,1,H,16.0,9.0,7.0,2.0
2425,F1,2024-08-18,Montpellier,Strasbourg,1,1,D,7.0,11.0,5.0,4.0
2425,F1,2024-08-18,Rennes,Lyon,3,0,H,22.0,16.0,8.0,2.0
2425,F1,2024-08-18,Toulouse,Nantes,0,0,D,7.0,6.0,3.0,2.0
2425,I1,2024-08-18,Bologna,Udinese,1,1,D,22.0,4.0,7.0,2.0
2425,I1,2024-08-18,Cagliari,Roma,0,0,D,12.0,13.0,2.0,3.0
2425,I1,2024-08-18,Lazio,Venezia,3,1,H,13.0,11.0,6.0,3.0
2425,I1,2024-08-18,Verona,Napoli,3,0,H,8.0,15.0,5.0,5.0
2425,SP1,2024-08-18,Mallorca,Real Madrid,1,1,D,12.0,13.0,5.0,4.0
2425,SP1,2024-08-18,Sociedad,Vallecano,1,2,A,11.0,12.0,5.0,5.0
2425,E0,2024-08-19,Leicester,Tottenham,1,1,D,7.0,15.0,3.0,7.0
2425,I1,2024-08-19,Juventus,Como,3,0,H,12.0,1.0,9.0,1.0
2425,I1,2024-08-19,Lecce,Atalanta,0,4,A,19.0,10.0,5.0,6.0
2425,SP1,2024-08-19,Valladolid,Espanol,1,0,H,12.0,10.0,3.0,2.0
2425,SP1,2024-08-19,Villarreal,Ath Madrid,2,2,D,8.0,10.0,3.0,5.0
2425,D1,2024-08-23,M'gladbach,Leverkusen,2,3,A,14.0,25.0,7.0,9.0
2425,F1,2024-08-23,Paris SG,Montpellier,6,0,H,21.0,6.0,10.0,3.0
2425,SP1,2024-08-23,Celta,Valencia,3,1,H,7.0,13.0,5.0,5.0
2425,SP1,2024-08-23,Sevilla,Villarreal,1,2,A,15.0,6.0,9.0,5.0
2425,D1,2024-08-24,Augsburg,Werder Bremen,2,2,D,10.0,12.0,3.0,6.0
2425,D1,2024-08-24,Dortmund,Ein Frankfurt,2,0,H,17.0,7.0,5.0,2.0
2425,D1,2024-08-24,Freiburg,Stuttgart,3,1,H,15.0,9.0,4.0,2.0
2425,D1,2024-08-24,Hoffenheim,Holstein Kiel,3,2,H,20.0,15.0,8.0,6.0
2425,D1,2024-08-24,Mainz,Union Berlin,1,1,D,15.0,15.0,3.0,4.0
2425,D1,2024-08-24,RB Leipzig,Bochum,1,0,H,12.0,10.0,3.0,4.0
2425,E0,2024-08-24,Aston Villa,Arsenal,0,2,A,11.0,9.0,3.0,4.0
2425,E0,2024-08-24,Brighton,Man United,2,1,H,14.0,11.0,5.0,4.0
2425,E0,2024-08-24,Crystal Palace,West Ham,0,2,A,14.0,18.0,2.0,3.0
2425,E0,2024-08-24,Fulham,Leicester,2,1,H,18.0,10.0,6.0,4.0
2425,E0,2024-08-24,Man City,Ipswich,4,1,H,14.0,1.0,5.0,1.0
2425,E0,2024-08-24,Southampton,Nott'm Forest,0,1,A,5.0,23.0,1.0,8.0
2425,E0,2024-08-24,Tottenham,Everton,4,0,H,13.0,10.0,7.0,1.0
2425,F1,2024-08-24,Lille,Angers,2,0,H,11.0,5.0,6.0,2.0
2425,F1,2024-08-24,Lyon,Monaco,0,2,A,2.0,15.0,1.0,4.0
2425,F1,2024-08-24,St Etienne,Le Havre,0,2,A,18.0,14.0,5.0,5.0
2425,I1,2024-08-24,Inter,Lecce,2,0,H,11.0,10.0,3.0,4.0
2425,I1,2024-08-24,Monza,Genoa,0,1,A,9.0,11.0,2.0,1.0
2425,I1,2024-08-24,Parma,Milan,2,1,H,8.0,17.0,5.0,5.0
2425,I1,2024-08-24,Udinese,Lazio,2,1,H,8.0,17.0,3.0,5.0
2425,SP1,2024-08-24,Barcelona,Ath Bilbao,2,1,H,13.0,9.0,5.0,2.0
2425,SP1,2024-08-24,Espanol,Sociedad,0,1,A,13.0,8.0,3.0,4.0
2425,SP1,2024-08-24,Getafe,Vallecano,0,0,D,12.0,3.0,0.0,1.0
2425,SP1,2024-08-24,Osasuna,Mallorca,1,0,H,15.0,11.0,5.0,2.0
2425,D1,2024-08-25,St Pauli,Heidenheim,0,2,A,11.0,6.0,3.0,3.0
2425,D1,2024-08-25,Wolfsburg,Bayern Munich,2,3,A,11.0,14.0,2.0,8.0
2425,E0,2024-08-25,Bournemouth,Newcastle,1,1,D,16.0,14.0,4.0,5.0
2425,E0,2024-08-25,Liverpool,Brentford,2,0,H,19.0,8.0,8.0,2.0
2425,E0,2024-08-25,Wolves,Chelsea,2,6,A,12.0,14.0,4.0,8.0
2425,F1,2024-08-25,Lens,Brest,2,0,H,22.0,10.0,11.0,2.0
2425,F1,2024-08-25,Marseille,Reims,2,2,D,16.0,12.0,10.0,3.0
2425,F1,2024-08-25,Nantes,Auxerre,2,0,H,8.0,10.0,6.0,3.0
2425,F1,2024-08-25,Nice,Toulouse,1,1,D,10.0,15.0,4.0,3.0
2425,F1,2024-08-25,Strasbourg,Rennes,3,1,H,9.0,13.0,5.0,5.0
2425,I1,2024-08-25,Fiorentina,Venezia,0,0,D,12.0,7.0,8.0,4.0
2425,I1,2024-08-25,Napoli,Bologna,3,0,H,16.0,9.0,5.0,2.0
2425,I1,2024-08-25,Roma,Empoli,1,2,A,17.0,10.0,6.0,3.0
2425,I1,2024-08-25,Torino,Atalanta,2,1,H,13.0,24.0,6.0,8.0
2425,SP1,2024-08-25,Alaves,Betis,0,0,D,3.0,13.0,1.0,3.0
2425,SP1,2024-08-25,Ath Madrid,Girona,3,0,H,11.0,13.0,6.0,5.0
2425,SP1,2024-08-25,Leganes,Las Palmas,2,1,H,10.0,10.0,5.0,5.0
2425,SP1,2024-08-25,Real Madrid,Valladolid,3,0,H,17.0,8.0,9.0,2.0
2425,I1,2024-08-26,Cagliari,Como,1,1,D,11.0,13.0,5.0,4.0
2425,I1,2024-08-26,Verona,Juventus,0,3,A,7.0,7.0,1.0,5.0
2425,SP1,2024-08-26,Villarreal,Celta,4,3,H,22.0,18.0,9.0,8.0
2425,SP1,2024-08-27,Mallorca,Sevilla,0,0,D,12.0,16.0,4.0,7.0
2425,SP1,2024-08-27,Vallecano,Barcelona,1,2,A,8.0,22.0,4.0,5.0
2425,SP1,2024-08-28,Ath Bilbao,Valencia,1,0,H,13.0,2.0,4.0,0.0
2425,SP1,2024-08-28,Ath Madrid,Espanol,0,0,D,24.0,8.0,7.0,1.0
2425,SP1,2024-08-28,Sociedad,Alaves,1,2,A,8.0,12.0,1.0,5.0
2425,SP1,2024-08-28,Valladolid,Leganes,0,0,D,12.0,8.0,2.0,1.0
2425,SP1,2024-08-29,Girona,Osasuna,4,0,H,10.0,1.0,5.0,0.0
2425,SP1,2024-08-29,Las Palmas,Real Madrid,1,1,D,7.0,25.0,3.0,8.0
2425,D1,2024-08-30,Union Berlin,St Pauli,1,0,H,10.0,8.0,5.0,2.0
2425,F1,2024-08-30,Lyon,Strasbourg,4,3,H,22.0,14.0,13.0,7.0
2425,I1,2024-08-30,Inter,Atalanta,4,0,H,13.0,11.0,5.0,1.0
2425,I1,2024-08-30,Venezia,Torino,0,1,A,13.0,12.0,4.0,6.0
2425,D1,2024-08-31,Bochum,M'gladbach,0,2,A,16.0,15.0,4.0,6.0
2425,D1,2024-08-31,Ein Frankfurt,Hoffenheim,3,1,H,17.0,10.0,7.0,3.0
2425,D1,2024-08-31,Holstein Kiel,Wolfsburg,0,2,A,12.0,12.0,5.0,4.0
2425,D1,2024-08-31,Leverkusen,RB Leipzig,2,3,A,27.0,10.0,10.0,4.0
2425,D1,2024-08-31,Stuttgart,Mainz,3,3,D,28.0,9.0,13.0,7.0
2425,D1,2024-08-31,Werder Bremen,Dortmund,0,0,D,5.0,9.0,1.0,4.0
2425,E0,2024-08-31,Arsenal,Brighton,1,1,D,11.0,22.0,7.0,4.0
2425,E0,2024-08-31,Brentford,Southampton,3,1,H,20.0,18.0,7.0,6.0
2425,E0,2024-08-31,Everton,Bournemouth,2,3,A,18.0,17.0,8.0,7.0
2425,E0,2024-08-31,Ipswich,Fulham,1,1,D,11.0,9.0,4.0,4.0
2425,E0,2024-08-31,Leicester,Aston Villa,1,2,A,9.0,10.0,3.0,5.0
2425,E0,2024-08-31,Nott'm Forest,Wolves,1,1,D,16.0,11.0,5.0,3.0
2425,E0,2024-08-31,West Ham,Man City,1,3,A,10.0,23.0,2.0,8.0
2425,F1,2024-08-31,Brest,St Etienne,4,0,H,17.0,3.0,7.0,0.0
2425,F1,2024-08-31,Montpellier,Nantes,1,3,A,11.0,10.0,5.0,5.0
2425,F1,2024-08-31,Toulouse,Marseille,1,3,A,4.0,11.0,2.0,5.0
2425,I1,2024-08-31,Bologna,Empoli,1,1,D,14.0,4.0,3.0,2.0
2425,I1,2024-08-31,Lazio,Milan,2,2,D,7.0,10.0,5.0,4.0
2425,I1,2024-08-31,Lecce,Cagliari,1,0,H,17.0,21.0,4.0,2.0
2425,I1,2024-08-31,Napoli,Parma,2,1,H,29.0,13.0,7.0,2.0
2425,SP1,2024-08-31,Ath Bilbao,Ath Madrid,0,1,A,8.0,9.0,1.0,2.0
2425,SP1,2024-08-31,Barcelona,Valladolid,7,0,H,23.0,5.0,10.0,2.0
2425,SP1,2024-08-31,Espanol,Vallecano,2,1,H,10.0,17.0,5.0,5.0
2425,SP1,2024-08-31,Leganes,Mallorca,0,1,A,4.0,12.0,2.0,3.0
2425,SP1,2024-08-31,Valencia,Villarreal,1,1,D,22.0,9.0,6.0,3.0
2425,D1,2024-09-01,Bayern Munich,Freiburg,2,0,H,11.0,8.0,4.0,4.0
2425,D1,2024-09-01,Heidenheim,Augsburg,4,0,H,17.0,15.0,9.0,1.0
2425,E0,2024-09-01,Chelsea,Crystal Palace,1,1,D,13.0,9.0,7.0,3.0
2425,E0,2024-09-01,Man United,Liverpool,0,3,A,8.0,11.0,3.0,3.0
2425,E0,2024-09-01,Newcastle,Tottenham,2,1,H,9.0,20.0,3.0,6.0
2425,F1,2024-09-01,Angers,Nice,1,4,A,12.0,12.0,7.0,9.0
2425,F1,2024-09-01,Le Havre,Auxerre,3,1,H,21.0,7.0,8.0,2.0
2425,F1,2024-09-01,Lille,Paris SG,1,3,A,10.0,10.0,4.0,7.0
2425,F1,2024-09-01,Monaco,Lens,1,1,D,14.0,12.0,3.0,4.0
2425,F1,2024-09-01,Reims,Rennes,2,1,H,11.0,13.0,7.0,5.0
2425,I1,2024-09-01,Fiorentina,Monza,2,2,D,15.0,4.0,5.0,3.0
2425,I1,2024-09-01,Genoa,Verona,0,2,A,11.0,10.0,1.0,3.0
2425,I1,2024-09-01,Juventus,Roma,0,0,D,8.0,7.0,1.0,1.0
2425,I1,2024-09-01,Udinese,Como,1,0,H,10.0,21.0,3.0,4.0
2425,SP1,2024-09-01,Alaves,Las Palmas,2,0,H,15.0,12.0,5.0,7.0
2425,SP1,2024-09-01,Getafe,Sociedad,0,0,D,16.0,1.0,1.0,0.0
2425,SP1,2024-09-01,Osasuna,Celta,3,2,H,10.0,12.0,4.0,3.0
2425,SP1,2024-09-01,Real Madrid,Betis,2,0,H,20.0,12.0,8.0,2.0
2425,SP1,2024-09-01,Sevilla,Girona,0,2,A,16.0,11.0,5.0,4.0
2425,D1,2024-09-13,Dortmund,Heidenheim,4,2,H,13.0,11.0,7.0,4.0
2425,F1,2024-09-13,St Etienne,Lille,1,0,H,10.0,17.0,5.0,4.0
2425,SP1,2024-09-13,Betis,Leganes,2,0,H,14.0,3.0,5.0,0.0
2425,D1,2024-09-14,Freiburg,Bochum,2,1,H,27.0,13.0,9.0,2.0
2425,D1,2024-09-14,Hoffenheim,Leverkusen,1,4,A,14.0,20.0,5.0,8.0
2425,D1,2024-09-14,Holstein Kiel,Bayern Munich,1,6,A,5.0,23.0,1.0,13.0
2425,D1,2024-09-14,M'gladbach,Stuttgart,1,3,A,15.0,12.0,7.0,7.0
2425,D1,2024-09-14,RB Leipzig,Union Berlin,0,0,D,16.0,11.0,3.0,3.0
2425,D1,2024-09-14,Wolfsburg,Ein Frankfurt,1,2,A,17.0,15.0,4.0,7.0
2425,E0,2024-09-14,Aston Villa,Everton,3,2,H,17.0,6.0,8.0,2.0
2425,E0,2024-09-14,Bournemouth,Chelsea,0,1,A,19.0,10.0,7.0,3.0
2425,E0,2024-09-14,Brighton,Ipswich,0,0,D,21.0,6.0,6.0,1.0
2425,E0,2024-09-14,Crystal Palace,Leicester,2,2,D,20.0,9.0,4.0,4.0
2425,E0,2024-09-14,Fulham,West Ham,1,1,D,21.0,11.0,5.0,3.0
2425,E0,2024-09-14,Liverpool,Nott'm Forest,0,1,A,14.0,5.0,5.0,3.0
2425,E0,2024-09-14,Man City,Brentford,2,1,H,18.0,8.0,7.0,5.0
2425,E0,2024-09-14,Southampton,Man United,0,3,A,6.0,20.0,4.0,10.0
2425,F1,2024-09-14,Auxerre,Monaco,0,3,A,13.0,19.0,3.0,9.0
2425,F1,2024-09-14,Marseille,Nice,2,0,H,10.0,12.0,5.0,4.0
2425,F1,2024-09-14,Paris SG,Brest,3,1,H,22.0,5.0,9.0,3.0
2425,I1,2024-09-14,Como,Bologna,2,2,D,14.0,14.0,4.0,4.0
2425,I1,2024-09-14,Empoli,Juventus,0,0,D,8.0,15.0,3.0,3.0
2425,I1,2024-09-14,Milan,Venezia,4,0,H,12.0,6.0,8.0,1.0
2425,SP1,2024-09-14,Espanol,Alaves,3,2,H,9.0,19.0,4.0,6.0
2425,SP1,2024-09-14,Mallorca,Villarreal,1,2,A,10.0,21.0,5.0,4.0
2425,SP1,2024-09-14,Sevilla,Getafe,1,0,H,10.0,15.0,4.0,4.0
2425,SP1,2024-09-14,Sociedad,Real Madrid,0,2,A,11.0,16.0,2.0,7.0
2425,D1,2024-09-15,Augsburg,St Pauli,3,1,H,18.0,12.0,10.0,3.0
2425,D1,2024-09-15,Mainz,Werder Bremen,1,2,A,11.0,11.0,5.0,5.0
2425,E0,2024-09-15,Tottenham,Arsenal,0,1,A,15.0,7.0,5.0,4.0
2425,E0,2024-09-15,Wolves,Newcastle,1,2,A,12.0,14.0,5.0,6.0
2425,F1,2024-09-15,Lens,Lyon,0,0,D,12.0,8.0,5.0,3.0
2425,F1,2024-09-15,Nantes,Reims,1,2,A,18.0,11.0,6.0,4.0
2425,F1,2024-09-15,Rennes,Montpellier,3,0,H,11.0,12.0,6.0,4.0
2425,F1,2024-09-15,Strasbourg,Angers,1,1,D,10.0,12.0,5.0,2.0
2425,F1,2024-09-15,Toulouse,Le Havre,2,0,H,15.0,5.0,7.0,3.0
2425,I1,2024-09-15,Atalanta,Fiorentina,3,2,H,13.0,13.0,7.0,5.0
2425,I1,2024-09-15,Cagliari,Napoli,0,4,A,16.0,12.0,3.0,5.0
2425,I1,2024-09-15,Genoa,Roma,1,1,D,20.0,16.0,8.0,6.0
2425,I1,2024-09-15,Monza,Inter,1,1,D,5.0,16.0,2.0,2.0
2425,I1,2024-09-15,Torino,Lecce,0,0,D,5.0,20.0,0.0,6.0
2425,SP1,2024-09-15,Ath Madrid,Valencia,3,0,H,14.0,5.0,5.0,1.0
2425,SP1,2024-09-15,Celta,Valladolid,3,1,H,14.0,6.0,7.0,1.0
2425,SP1,2024-09-15,Girona,Barcelona,1,4,A,9.0,20.0,4.0,9.0
2425,SP1,2024-09-15,Las Palmas,Ath Bilbao,2,3,A,15.0,9.0,6.0,4.0
2425,I1,2024-09-16,Lazio,Verona,2,1,H,14.0,7.0,7.0,2.0
2425,I1,2024-09-16,Parma,Udinese,2,3,A,9.0,18.0,3.0,6.0
2425,SP1,2024-09-16,Vallecano,Osasuna,3,1,H,17.0,5.0,6.0,2.0
2425,SP1,2024-09-17,Mallorca,Sociedad,1,0,H,10.0,13.0,4.0,4.0
2425,SP1,2024-09-18,Betis,Getafe,2,1,H,18.0,15.0,8.0,5.0
2425,SP1,2024-09-19,Leganes,Ath Bilbao,0,2,A,14.0,10.0,3.0,4.0
2425,D1,2024-09-20,Augsburg,Mainz,2,3,A,30.0,5.0,9.0,3.0
2425,F1,2024-09-20,Nice,St Etienne,8,0,H,18.0,8.0,12.0,2.0
2425,I1,2024-09-20,Cagliari,Empoli,0,2,A,21.0,9.0,2.0,4.0
2425,I1,2024-09-20,Verona,Torino,2,3,A,8.0,16.0,2.0,3.0
2425,SP1,2024-09-20,Alaves,Sevilla,2,1,H,10.0,8.0,4.0,2.0
2425,D1,2024-09-21,Bochum,Holstein Kiel,2,2,D,14.0,13.0,3.0,4.0
2425,D1,2024-09-21,Ein Frankfurt,M'gladbach,2,0,H,14.0,22.0,4.0,7.0
2425,D1,2024-09-21,Heidenheim,Freiburg,0,3,A,7.0,14.0,2.0,5.0
2425,D1,2024-09-21,Union Berlin,Hoffenheim,2,1,H,12.0,6.0,2.0,3.0
2425,D1,2024-09-21,Werder Bremen,Bayern Munich,0,5,A,0.0,25.0,0.0,7.0
2425,E0,2024-09-21,Aston Villa,Wolves,3,1,H,9.0,10.0,4.0,4.0
2425,E0,2024-09-21,Crystal Palace,Man United,0,0,D,9.0,15.0,4.0,6.0
2425,E0,2024-09-21,Fulham,Newcastle,3,1,H,22.0,15.0,11.0,4.0
2425,E0,2024-09-21,Leicester,Everton,1,1,D,12.0,16.0,2.0,5.0
2425,E0,2024-09-21,Liverpool,Bournemouth,3,0,H,19.0,19.0,13.0,6.0
2425,E0,2024-09-21,Southampton,Ipswich,1,1,D,11.0,13.0,3.0,6.0
2425,E0,2024-09-21,Tottenham,Brentford,3,1,H,23.0,6.0,10.0,6.0
2425,E0,2024-09-21,West Ham,Chelsea,0,3,A,15.0,12.0,7.0,5.0
2425,F1,2024-09-21,Lille,Strasbourg,3,3,D,15.0,12.0,7.0,9.0
2425,F1,2024-09-21,Reims,Paris SG,1,1,D,8.0,11.0,1.0,4.0
2425,F1,2024-09-21,Rennes,Lens,1,1,D,11.0,10.0,6.0,2.0
2425,I1,2024-09-21,Juventus,Napoli,0,0,D,9.0,8.0,1.0,1.0
2425,I1,2024-09-21,Lecce,Parma,2,2,D,14.0,24.0,3.0,10.0
2425,I1,2024-09-21,Venezia,Genoa,2,0,H,12.0,9.0,4.0,0.0
2425,SP1,2024-09-21,Osasuna,Las Palmas,2,1,H,13.0,11.0,2.0,4.0
2425,SP1,2024-09-21,Real Madrid,Espanol,4,1,H,31.0,10.0,14.0,2.0
2425,SP1,2024-09-21,Valencia,Girona,2,0,H,7.0,8.0,2.0,3.0
2425,SP1,2024-09-21,Valladolid,Sociedad,0,0,D,15.0,14.0,2.0,4.0
2425,D1,2024-09-22,Leverkusen,Wolfsburg,4,3,H,20.0,8.0,7.0,4.0
2425,D1,2024-09-22,St Pauli,RB Leipzig,0,0,D,15.0,10.0,4.0,5.0
2425,D1,2024-09-22,Stuttgart,Dortmund,5,1,H,16.0,6.0,9.0,3.0
2425,E0,2024-09-22,Brighton,Nott'm Forest,2,2,D,14.0,4.0,3.0,3.0
2425,E0,2024-09-22,Man City,Arsenal,2,2,D,33.0,5.0,11.0,3.0
2425,F1,2024-09-22,Angers,Nantes,1,1,D,4.0,9.0,1.0,3.0
2425,F1,2024-09-22,Brest,Toulouse,2,0,H,9.0,10.0,5.0,1.0
2425,F1,2024-09-22,Lyon,Marseille,2,3,A,18.0,6.0,9.0,5.0
2425,F1,2024-09-22,Monaco,Le Havre,3,1,H,14.0,9.0,4.0,2.0
2425,F1,2024-09-22,Montpellier,Auxerre,3,2,H,14.0,11.0,5.0,6.0
2425,I1,2024-09-22,Fiorentina,Lazio,2,1,H,14.0,20.0,5.0,6.0
2425,I1,2024-09-22,Inter,Milan,1,2,A,13.0,16.0,4.0,8.0
2425,I1,2024-09-22,Monza,Bologna,1,2,A,6.0,15.0,3.0,8.0
2425,I1,2024-09-22,Roma,Udinese,3,0,H,14.0,9.0,6.0,3.0
2425,SP1,2024-09-22,Ath Bilbao,Celta,3,1,H,10.0,11.0,7.0,4.0
2425,SP1,2024-09-22,Getafe,Leganes,1,1,D,12.0,6.0,3.0,3.0
2425,SP1,2024-09-22,Vallecano,Ath Madrid,1,1,D,15.0,10.0,3.0,5.0
2425,SP1,2024-09-22,Villarreal,Barcelona,1,5,A,13.0,17.0,4.0,10.0
2425,SP1,2024-09-23,Betis,Mallorca,1,2,A,14.0,6.0,6.0,6.0
2425,I1,2024-09-24,Atalanta,Como,2,3,A,8.0,14.0,5.0,7.0
2425,SP1,2024-09-24,Real Madrid,Alaves,3,2,H,10.0,12.0,4.0,3.0
2425,SP1,2024-09-24,Sevilla,Valladolid,2,1,H,22.0,8.0,5.0,2.0
2425,SP1,2024-09-24,Valencia,Osasuna,0,0,D,10.0,9.0,2.0,2.0
2425,SP1,2024-09-25,Barcelona,Getafe,1,0,H,16.0,7.0,4.0,1.0
2425,SP1,2024-09-25,Girona,Vallecano,0,0,D,11.0,2.0,0.0,0.0
2425,SP1,2024-09-26,Celta,Ath Madrid,0,1,A,9.0,7.0,4.0,2.0
2425,SP1,2024-09-26,Espanol,Villarreal,1,2,A,11.0,15.0,2.0,4.0
2425,SP1,2024-09-26,Las Palmas,Betis,1,1,D,8.0,14.0,2.0,5.0
2425,D1,2024-09-27,Dortmund,Bochum,4,2,H,23.0,10.0,8.0,6.0
2425,F1,2024-09-27,Auxerre,Brest,3,0,H,15.0,8.0,4.0,4.0
2425,F1,2024-09-27,Paris SG,Rennes,3,1,H,22.0,13.0,7.0,5.0
2425,I1,2024-09-27,Milan,Lecce,3,0,H,15.0,16.0,6.0,7.0
2425,SP1,2024-09-27,Valladolid,Mallorca,1,2,A,11.0,14.0,1.0,6.0
2425,D1,2024-09-28,Bayern Munich,Leverkusen,1,1,D,18.0,3.0,3.0,3.0
2425,D1,2024-09-28,Freiburg,St Pauli,0,3,A,6.0,10.0,2.0,4.0
2425,D1,2024-09-28,M'gladbach,Union Berlin,1,0,H,8.0,9.0,3.0,3.0
2425,D1,2024-09-28,Mainz,Heidenheim,0,2,A,7.0,14.0,2.0,7.0
2425,D1,2024-09-28,RB Leipzig,Augsburg,4,0,H,14.0,7.0,7.0,1.0
2425,D1,2024-09-28,Wolfsburg,Stuttgart,2,2,D,5.0,17.0,2.0,5.0
2425,E0,2024-09-28,Arsenal,Leicester,4,2,H,36.0,5.0,16.0,3.0
2425,E0,2024-09-28,Brentford,West Ham,1,1,D,8.0,19.0,3.0,3.0
2425,E0,2024-09-28,Chelsea,Brighton,4,2,H,15.0,15.0,7.0,5.0
2425,E0,2024-09-28,Everton,Crystal Palace,2,1,H,8.0,17.0,2.0,5.0
2425,E0,2024-09-28,Newcastle,Man City,1,1,D,11.0,16.0,4.0,6.0
2425,E0,2024-09-28,Nott'm Forest,Fulham,0,1,A,11.0,14.0,1.0,2.0
2425,E0,2024-09-28,Wolves,Liverpool,1,2,A,8.0,10.0,3.0,6.0
2425,F1,2024-09-28,Le Havre,Lille,0,3,A,7.0,18.0,4.0,10.0
2425,F1,2024-09-28,Lens,Nice,0,0,D,22.0,15.0,7.0,4.0
2425,F1,2024-09-28,Monaco,Montpellier,2,1,H,21.0,9.0,7.0,4.0
2425,I1,2024-09-28,Bologna,Atalanta,1,1,D,5.0,23.0,1.0,5.0
2425,I1,2024-09-28,Genoa,Juventus,0,3,A,7.0,12.0,2.0,3.0
2425,I1,2024-09-28,Udinese,Inter,2,3,A,10.0,16.0,3.0,7.0
2425,SP1,2024-09-28,Getafe,Alaves,2,0,H,14.0,9.0,8.0,1.0
2425,SP1,2024-09-28,Osasuna,Barcelona,4,2,H,11.0,12.0,6.0,5.0
2425,SP1,2024-09-28,Sociedad,Valencia,3,0,H,11.0,9.0,6.0,4.0
2425,SP1,2024-09-28,Vallecano,Leganes,1,1,D,15.0,13.0,6.0,3.0
2425,D1,2024-09-29,Hoffenheim,Werder Bremen,3,4,A,10.0,18.0,5.0,10.0
2425,D1,2024-09-29,Holstein Kiel,Ein Frankfurt,2,4,A,10.0,18.0,5.0,10.0
2425,E0,2024-09-29,Ipswich,Aston Villa,2,2,D,15.0,7.0,5.0,3.0
2425,E0,2024-09-29,Man United,Tottenham,0,3,A,11.0,24.0,2.0,10.0
2425,F1,2024-09-29,Angers,Reims,1,3,A,14.0,21.0,3.0,10.0
2425,F1,2024-09-29,Nantes,St Etienne,2,2,D,16.0,5.0,3.0,3.0
2425,F1,2024-09-29,Strasbourg,Marseille,1,0,H,14.0,10.0,6.0,3.0
2425,F1,2024-09-29,Toulouse,Lyon,1,2,A,10.0,4.0,4.0,1.0
2425,I1,2024-09-29,Como,Verona,3,2,H,24.0,6.0,11.0,3.0
2425,I1,2024-09-29,Empoli,Fiorentina,0,0,D,8.0,13.0,1.0,0.0
2425,I1,2024-09-29,Napoli,Monza,2,0,H,11.0,5.0,2.0,1.0
2425,I1,2024-09-29,Roma,Venezia,2,1,H,22.0,18.0,5.0,7.0
2425,I1,2024-09-29,Torino,Lazio,2,3,A,12.0,13.0,7.0,7.0
2425,SP1,2024-09-29,Ath Bilbao,Sevilla,1,1,D,13.0,13.0,3.0,4.0
2425,SP1,2024-09-29,Ath Madrid,Real Madrid,1,1,D,12.0,12.0,4.0,4.0
2425,SP1,2024-09-29,Betis,Espanol,1,0,H,20.0,8.0,12.0,1.0
2425,SP1,2024-09-29,Celta,Girona,1,1,D,12.0,9.0,2.0,4.0
2425,E0,2024-09-30,Bournemouth,Southampton,3,1,H,14.0,9.0,6.0,3.0
2425,I1,2024-09-30,Parma,Cagliari,2,3,A,18.0,11.0,4.0,4.0
2425,SP1,2024-09-30,Villarreal,Las Palmas,3,1,H,17.0,7.0,7.0,3.0
2425,D1,2024-10-04,Augsburg,M'gladbach,2,1,H,13.0,11.0,5.0,5.0
2425,F1,2024-10-04,Marseille,Angers,1,1,D,13.0,8.0,4.0,3.0
2425,I1,2024-10-04,Napoli,Como,3,1,H,9.0,11.0,6.0,2.0
2425,I1,2024-10-04,Verona,Venezia,2,1,H,13.0,11.0,4.0,2.0
2425,SP1,2024-10-04,Leganes,Valencia,0,0,D,8.0,6.0,0.0,1.0
2425,D1,2024-10-05,Bochum,Wolfsburg,1,3,A,17.0,15.0,5.0,5.0
2425,D1,2024-10-05,Leverkusen,Holstein Kiel,2,2,D,24.0,8.0,7.0,4.0
2425,D1,2024-10-05,St Pauli,Mainz,0,3,A,17.0,8.0,4.0,4.0
2425,D1,2024-10-05,Union Berlin,Dortmund,2,1,H,13.0,9.0,5.0,5.0
2425,D1,2024-10-05,Werder Bremen,Freiburg,0,1,A,11.0,13.0,3.0,3.0
2425,E0,2024-10-05,Arsenal,Southampton,3,1,H,29.0,8.0,6.0,2.0
2425,E0,2024-10-05,Brentford,Wolves,5,3,H,19.0,17.0,12.0,6.0
2425,E0,2024-10-05,Crystal Palace,Liverpool,0,1,A,9.0,16.0,5.0,4.0
2425,E0,2024-10-05,Everton,Newcastle,0,0,D,8.0,14.0,2.0,3.0
2425,E0,2024-10-05,Leicester,Bournemouth,1,0,H,6.0,17.0,2.0,2.0
2425,E0,2024-10-05,Man City,Fulham,3,2,H,20.0,11.0,7.0,4.0
2425,E0,2024-10-05,West Ham,Ipswich,4,1,H,23.0,9.0,13.0,2.0
2425,F1,2024-10-05,Lille,Toulouse,2,1,H,10.0,9.0,3.0,3.0
2425,F1,2024-10-05,Rennes,Monaco,1,2,A,14.0,5.0,3.0,2.0
2425,F1,2024-10-05,St Etienne,Auxerre,3,1,H,13.0,11.0,5.0,3.0
2425,I1,2024-10-05,Atalanta,Genoa,5,1,H,23.0,7.0,8.0,2.0
2425,I1,2024-10-05,Inter,Torino,3,2,H,29.0,7.0,8.0,5.0
2425,I1,2024-10-05,Udinese,Lecce,1,0,H,13.0,9.0,4.0,3.0
2425,SP1,2024-10-05,Espanol,Mallorca,2,1,H,8.0,11.0,3.0,4.0
2425,SP1,2024-10-05,Getafe,Osasuna,1,1,D,11.0,6.0,3.0,2.0
2425,SP1,2024-10-05,Las Palmas,Celta,0,1,A,24.0,8.0,5.0,1.0
2425,SP1,2024-10-05,Real Madrid,Villarreal,2,0,H,11.0,10.0,2.0,1.0
2425,SP1,2024-10-05,Valladolid,Vallecano,1,2,A,13.0,17.0,5.0,3.0
2425,D1,2024-10-06,Ein Frankfurt,Bayern Munich,3,3,D,5.0,22.0,4.0,13.0
2425,D1,2024-10-06,Heidenheim,RB Leipzig,0,1,A,15.0,12.0,4.0,2.0
2425,D1,2024-10-06,Stuttgart,Hoffenheim,1,1,D,18.0,7.0,7.0,5.0
2425,E0,2024-10-06,Aston Villa,Man United,0,0,D,11.0,10.0,1.0,4.0
2425,E0,2024-10-06,Brighton,Tottenham,3,2,H,11.0,13.0,4.0,3.0
2425,E0,2024-10-06,Chelsea,Nott'm Forest,1,1,D,22.0,16.0,8.0,9.0
2425,F1,2024-10-06,Brest,Le Havre,2,0,H,8.0,14.0,3.0,0.0
2425,F1,2024-10-06,Lyon,Nantes,2,0,H,17.0,11.0,6.0,6.0
2425,F1,2024-10-06,Nice,Paris SG,1,1,D,9.0,19.0,3.0,9.0
2425,F1,2024-10-06,Reims,Montpellier,4,2,H,18.0,10.0,5.0,3.0
2425,F1,2024-10-06,Strasbourg,Lens,2,2,D,8.0,12.0,5.0,5.0
2425,I1,2024-10-06,Bologna,Parma,0,0,D,19.0,13.0,3.0,2.0
2425,I1,2024-10-06,Fiorentina,Milan,2,1,H,12.0,16.0,3.0,8.0
2425,I1,2024-10-06,Juventus,Cagliari,1,1,D,21.0,9.0,9.0,2.0
2425,I1,2024-10-06,Lazio,Empoli,2,1,H,16.0,7.0,6.0,2.0
2425,I1,2024-10-06,Monza,Roma,1,1,D,3.0,15.0,3.0,4.0
2425,SP1,2024-10-06,Alaves,Barcelona,0,3,A,11.0,14.0,2.0,8.0
2425,SP1,2024-10-06,Girona,Ath Bilbao,2,1,H,14.0,13.0,6.0,4.0
2425,SP1,2024-10-06,Sevilla,Betis,1,0,H,14.0,11.0,5.0,3.0
2425,SP1,2024-10-06,Sociedad,Ath Madrid,1,1,D,16.0,4.0,8.0,1.0
2425,D1,2024-10-18,Dortmund,St Pauli,2,1,H,20.0,10.0,7.0,3.0
2425,F1,2024-10-18,Monaco,Lille,0,0,D,14.0,3.0,4.0,1.0
2425,SP1,2024-10-18,Alaves,Valladolid,2,3,A,10.0,12.0,4.0,4.0
2425,D1,2024-10-19,Bayern Munich,Stuttgart,4,0,H,22.0,4.0,10.0,1.0
2425,D1,2024-10-19,Freiburg,Augsburg,3,1,H,15.0,9.0,6.0,3.0
2425,D1,2024-10-19,Hoffenheim,Bochum,3,1,H,12.0,13.0,7.0,4.0
2425,D1,2024-10-19,Leverkusen,Ein Frankfurt,2,1,H,27.0,9.0,9.0,2.0
2425,D1,2024-10-19,M'gladbach,Heidenheim,3,2,H,20.0,19.0,10.0,6.0
2425,D1,2024-10-19,Mainz,RB Leipzig,0,2,A,16.0,11.0,2.0,5.0
2425,E0,2024-10-19,Bournemouth,Arsenal,2,0,H,13.0,6.0,4.0,1.0
2425,E0,2024-10-19,Fulham,Aston Villa,1,3,A,10.0,14.0,4.0,5.0
2425,E0,2024-10-19,Ipswich,Everton,0,2,A,13.0,11.0,2.0,8.0
2425,E0,2024-10-19,Man United,Brentford,2,1,H,23.0,8.0,11.0,2.0
2425,E0,2024-10-19,Newcastle,Brighton,0,1,A,21.0,10.0,6.0,5.0
2425,E0,2024-10-19,Southampton,Leicester,2,3,A,14.0,18.0,7.0,4.0
2425,E0,2024-10-19,Tottenham,West Ham,4,1,H,22.0,11.0,7.0,4.0
2425,F1,2024-10-19,Brest,Rennes,1,1,D,12.0,6.0,2.0,4.0
2425,F1,2024-10-19,Paris SG,Strasbourg,4,2,H,18.0,16.0,10.0,8.0
2425,F1,2024-10-19,St Etienne,Lens,0,2,A,15.0,13.0,1.0,5.0
2425,I1,2024-10-19,Como,Parma,1,1,D,11.0,9.0,3.0,3.0
2425,I1,2024-10-19,Genoa,Bologna,2,2,D,10.0,12.0,4.0,7.0
2425,I1,2024-10-19,Juventus,Lazio,1,0,H,16.0,2.0,3.0,1.0
2425,I1,2024-10-19,Milan,Udinese,1,0,H,10.0,13.0,5.0,1.0
2425,SP1,2024-10-19,Ath Bilbao,Espanol,4,1,H,10.0,5.0,6.0,2.0
2425,SP1,2024-10-19,Celta,Real Madrid,1,2,A,13.0,10.0,5.0,3.0
2425,SP1,2024-10-19,Girona,Sociedad,0,1,A,8.0,14.0,3.0,4.0
2425,SP1,2024-10-19,Osasuna,Betis,1,2,A,19.0,11.0,6.0,7.0
2425,D1,2024-10-20,Holstein Kiel,Union Berlin,0,2,A,12.0,14.0,5.0,4.0
2425,D1,2024-10-20,Wolfsburg,Werder Bremen,2,4,A,14.0,15.0,6.0,7.0
2425,E0,2024-10-20,Liverpool,Chelsea,2,1,H,9.0,12.0,5.0,2.0
2425,E0,2024-10-20,Wolves,Man City,1,2,A,3.0,22.0,2.0,7.0
2425,F1,2024-10-20,Auxerre,Reims,2,1,H,10.0,15.0,8.0,3.0
2425,F1,2024-10-20,Le Havre,Lyon,0,4,A,7.0,16.0,1.0,8.0
2425,F1,2024-10-20,Montpellier,Marseille,0,5,A,13.0,21.0,5.0,10.0
2425,F1,2024-10-20,Nantes,Nice,1,1,D,11.0,13.0,7.0,7.0
2425,F1,2024-10-20,Toulouse,Angers,1,1,D,18.0,8.0,6.0,4.0
2425,I1,2024-10-20,Cagliari,Torino,3,2,H,18.0,17.0,5.0,5.0
2425,I1,2024-10-20,Empoli,Napoli,0,1,A,11.0,9.0,4.0,1.0
2425,I1,2024-10-20,Lecce,Fiorentina,0,6,A,5.0,19.0,2.0,11.0
2425,I1,2024-10-20,Roma,Inter,0,1,A,14.0,11.0,3.0,6.0
2425,I1,2024-10-20,Venezia,Atalanta,0,2,A,12.0,16.0,4.0,7.0
2425,SP1,2024-10-20,Ath Madrid,Leganes,3,1,H,24.0,5.0,9.0,2.0
2425,SP1,2024-10-20,Barcelona,Sevilla,5,1,H,21.0,7.0,9.0,1.0
2425,SP1,2024-10-20,Mallorca,Vallecano,1,0,H,19.0,10.0,5.0,2.0
2425,SP1,2024-10-20,Villarreal,Getafe,1,1,D,10.0,21.0,4.0,4.0
2425,E0,2024-10-21,Nott'm Forest,Crystal Palace,1,0,H,20.0,20.0,6.0,7.0
2425,I1,2024-10-21,Verona,Monza,0,3,A,16.0,10.0,4.0,4.0
2425,SP1,2024-10-21,Valencia,Las Palmas,2,3,A,14.0,11.0,7.0,6.0
2425,D1,2024-10-25,Mainz,M'gladbach,1,1,D,23.0,9.0,6.0,5.0
2425,E0,2024-10-25,Leicester,Nott'm Forest,1,3,A,11.0,20.0,1.0,5.0
2425,F1,2024-10-25,Rennes,Le Havre,1,0,H,20.0,5.0,4.0,1.0
2425,I1,2024-10-25,Torino,Como,1,0,H,8.0,20.0,2.0,6.0
2425,I1,2024-10-25,Udinese,Cagliari,2,0,H,13.0,3.0,4.0,0.0
2425,SP1,2024-10-25,Espanol,Sevilla,0,2,A,16.0,6.0,1.0,3.0
2425,D1,2024-10-26,Augsburg,Dortmund,2,1,H,12.0,11.0,4.0,4.0
2425,D1,2024-10-26,RB Leipzig,Freiburg,3,1,H,12.0,15.0,9.0,5.0
2425,D1,2024-10-26,St Pauli,Wolfsburg,0,0,D,14.0,10.0,5.0,4.0
2425,D1,2024-10-26,Stuttgart,Holstein Kiel,2,1,H,16.0,9.0,6.0,3.0
2425,D1,2024-10-26,Werder Bremen,Leverkusen,2,2,D,13.0,15.0,8.0,6.0
2425,E0,2024-10-26,Aston Villa,Bournemouth,1,1,D,18.0,11.0,8.0,3.0
2425,E0,2024-10-26,Brentford,Ipswich,4,3,H,20.0,11.0,9.0,5.0
2425,E0,2024-10-26,Brighton,Wolves,2,2,D,19.0,14.0,6.0,7.0
2425,E0,2024-10-26,Everton,Fulham,1,1,D,10.0,14.0,5.0,3.0
2425,E0,2024-10-26,Man City,Southampton,1,0,H,22.0,5.0,8.0,2.0
2425,F1,2024-10-26,Angers,St Etienne,4,2,H,13.0,19.0,8.0,7.0
2425,F1,2024-10-26,Lens,Lille,0,2,A,11.0,11.0,4.0,3.0
2425,F1,2024-10-26,Reims,Brest,1,2,A,11.0,13.0,3.0,4.0
2425,I1,2024-10-26,Atalanta,Verona,6,1,H,19.0,4.0,10.0,2.0
2425,I1,2024-10-26,Napoli,Lecce,1,0,H,24.0,11.0,8.0,2.0
2425,SP1,2024-10-26,Las Palmas,Girona,1,0,H,12.0,8.0,3.0,3.0
2425,SP1,2024-10-26,Real Madrid,Barcelona,0,4,A,9.0,15.0,4.0,7.0
2425,SP1,2024-10-26,Valladolid,Villarreal,1,2,A,7.0,21.0,3.0,9.0
2425,SP1,2024-10-26,Vallecano,Alaves,1,0,H,16.0,15.0,4.0,7.0
2425,D1,2024-10-27,Bochum,Bayern Munich,0,5,A,6.0,17.0,2.0,9.0
2425,D1,2024-10-27,Heidenheim,Hoffenheim,0,0,D,17.0,12.0,3.0,4.0
2425,D1,2024-10-27,Union Berlin,Ein Frankfurt,1,1,D,13.0,17.0,4.0,5.0
2425,E0,2024-10-27,Arsenal,Liverpool,2,2,D,9.0,9.0,3.0,4.0
2425,E0,2024-10-27,Chelsea,Newcastle,2,1,H,17.0,11.0,7.0,3.0
2425,E0,2024-10-27,Crystal Palace,Tottenham,1,0,H,14.0,11.0,6.0,3.0
2425,E0,2024-10-27,West Ham,Man United,2,1,H,12.0,18.0,3.0,5.0
2425,F1,2024-10-27,Lyon,Auxerre,2,2,D,12.0,17.0,8.0,4.0
2425,F1,2024-10-27,Marseille,Paris SG,0,3,A,5.0,19.0,1.0,8.0
2425,F1,2024-10-27,Montpellier,Toulouse,0,3,A,9.0,15.0,2.0,6.0
2425,F1,2024-10-27,Nice,Monaco,2,1,H,17.0,11.0,9.0,5.0
2425,F1,2024-10-27,Strasbourg,Nantes,3,1,H,9.0,8.0,5.0,6.0
2425,I1,2024-10-27,Fiorentina,Roma,5,1,H,21.0,14.0,10.0,5.0
2425,I1,2024-10-27,Inter,Juventus,4,4,D,18.0,10.0,9.0,5.0
2425,I1,2024-10-27,Lazio,Genoa,3,0,H,18.0,6.0,4.0,2.0
2425,I1,2024-10-27,Monza,Venezia,2,2,D,13.0,6.0,2.0,2.0
2425,I1,2024-10-27,Parma,Empoli,1,1,D,17.0,6.0,4.0,2.0
2425,SP1,2024-10-27,Betis,Ath Madrid,1,0,H,24.0,10.0,3.0,3.0
2425,SP1,2024-10-27,Getafe,Valencia,1,1,D,15.0,2.0,4.0,1.0
2425,SP1,2024-10-27,Leganes,Celta,3,0,H,7.0,18.0,4.0,5.0
2425,SP1,2024-10-27,Sociedad,Osasuna,0,2,A,19.0,10.0,9.0,4.0
2425,SP1,2024-10-28,Mallorca,Ath Bilbao,0,0,D,4.0,20.0,1.0,1.0
2425,I1,2024-10-29,Cagliari,Bologna,0,2,A,14.0,11.0,2.0,4.0
2425,I1,2024-10-29,Lecce,Verona,1,0,H,14.0,7.0,6.0,1.0
2425,I1,2024-10-29,Milan,Napoli,0,2,A,13.0,9.0,5.0,4.0
2425,I1,2024-10-30,Atalanta,Monza,2,0,H,16.0,4.0,6.0,3.0
2425,I1,2024-10-30,Empoli,Inter,0,3,A,6.0,15.0,1.0,5.0
2425,I1,2024-10-30,Juventus,Parma,2,2,D,24.0,13.0,6.0,5.0
2425,I1,2024-10-30,Venezia,Udinese,3,2,H,18.0,15.0,7.0,5.0
2425,I1,2024-10-31,Como,Lazio,1,5,A,14.0,14.0,2.0,7.0
2425,I1,2024-10-31,Genoa,Fiorentina,0,1,A,14.0,12.0,4.0,4.0
2425,I1,2024-10-31,Roma,Torino,1,0,H,10.0,4.0,3.0,2.0
2425,D1,2024-11-01,Leverkusen,Stuttgart,0,0,D,19.0,4.0,5.0,1.0
2425,F1,2024-11-01,Lille,Lyon,1,1,D,14.0,14.0,2.0,3.0
2425,F1,2024-11-01,Monaco,Angers,0,1,A,11.0,10.0,3.0,3.0
2425,SP1,2024-11-01,Alaves,Mallorca,1,0,H,13.0,7.0,3.0,2.0
2425,D1,2024-11-02,Bayern Munich,Union Berlin,3,0,H,16.0,8.0,7.0,1.0
2425,D1,2024-11-02,Dortmund,RB Leipzig,2,1,H,19.0,7.0,7.0,3.0
2425,D1,2024-11-02,Ein Frankfurt,Bochum,7,2,H,18.0,11.0,9.0,8.0
2425,D1,2024-11-02,Hoffenheim,St Pauli,0,2,A,12.0,7.0,6.0,3.0
2425,D1,2024-11-02,Holstein Kiel,Heidenheim,1,0,H,11.0,17.0,6.0,4.0
2425,D1,2024-11-02,Wolfsburg,Augsburg,1,1,D,18.0,3.0,6.0,1.0
2425,E0,2024-11-02,Bournemouth,Man City,2,1,H,12.0,18.0,6.0,4.0
2425,E0,2024-11-02,Ipswich,Leicester,1,1,D,14.0,20.0,2.0,6.0
2425,E0,2024-11-02,Liverpool,Brighton,2,1,H,16.0,13.0,8.0,5.0
2425,E0,2024-11-02,Newcastle,Arsenal,1,0,H,9.0,10.0,4.0,1.0
2425,E0,2024-11-02,Nott'm Forest,West Ham,3,0,H,19.0,4.0,6.0,2.0
2425,E0,2024-11-02,Southampton,Everton,1,0,H,9.0,16.0,2.0,5.0
2425,E0,2024-11-02,Wolves,Crystal Palace,2,2,D,11.0,19.0,6.0,7.0
2425,F1,2024-11-02,Brest,Nice,0,1,A,16.0,12.0,6.0,3.0
2425,F1,2024-11-02,Paris SG,Lens,1,0,H,18.0,13.0,8.0,2.0
2425,F1,2024-11-02,St Etienne,Strasbourg,2,0,H,13.0,9.0,3.0,3.0
2425,I1,2024-11-02,Bologna,Lecce,1,0,H,20.0,6.0,4.0,0.0
2425,I1,2024-11-02,Monza,Milan,0,1,A,12.0,18.0,2.0,7.0
2425,I1,2024-11-02,Udinese,Juventus,0,2,A,11.0,11.0,2.0,5.0
2425,SP1,2024-11-02,Girona,Leganes,4,3,H,15.0,8.0,6.0,5.0
2425,SP1,2024-11-02,Osasuna,Valladolid,1,0,H,20.0,7.0,4.0,4.0
2425,D1,2024-11-03,Freiburg,Mainz,0,0,D,10.0,9.0,2.0,2.0
2425,D1,2024-11-03,M'gladbach,Werder Bremen,4,1,H,16.0,15.0,8.0,5.0
2425,E0,2024-11-03,Man United,Chelsea,1,1,D,11.0,12.0,4.0,3.0
2425,E0,2024-11-03,Tottenham,Aston Villa,4,1,H,16.0,12.0,6.0,1.0
2425,F1,2024-11-03,Auxerre,Rennes,4,0,H,16.0,7.0,8.0,4.0
2425,F1,2024-11-03,Le Havre,Montpellier,1,0,H,12.0,15.0,4.0,1.0
2425,F1,2024-11-03,Nantes,Marseille,1,2,A,7.0,9.0,3.0,4.0
2425,F1,2024-11-03,Toulouse,Reims,1,0,H,13.0,13.0,6.0,2.0
2425,I1,2024-11-03,Inter,Venezia,1,0,H,20.0,7.0,8.0,2.0
2425,I1,2024-11-03,Napoli,Atalanta,0,3,A,13.0,12.0,3.0,3.0
2425,I1,2024-11-03,Torino,Fiorentina,0,1,A,9.0,8.0,1.0,3.0
2425,I1,2024-11-03,Verona,Roma,3,2,H,7.0,14.0,3.0,3.0
2425,SP1,2024-11-03,Ath Bilbao,Betis,1,1,D,17.0,7.0,8.0,4.0
2425,SP1,2024-11-03,Ath Madrid,Las Palmas,2,0,H,15.0,1.0,3.0,1.0
2425,SP1,2024-11-03,Barcelona,Espanol,3,1,H,14.0,10.0,9.0,3.0
2425,SP1,2024-11-03,Sevilla,Sociedad,0,2,A,8.0,9.0,0.0,3.0
2425,E0,2024-11-04,Fulham,Brentford,2,1,H,26.0,5.0,12.0,2.0
2425,I1,2024-11-04,Empoli,Como,1,0,H,9.0,12.0,4.0,2.0
2425,I1,2024-11-04,Lazio,Cagliari,2,1,H,20.0,6.0,5.0,1.0
2425,I1,2024-11-04,Parma,Genoa,0,1,A,13.0,15.0,0.0,7.0
2425,SP1,2024-11-04,Celta,Getafe,1,0,H,10.0,10.0,3.0,2.0
2425,I1,2024-11-07,Genoa,Como,1,1,D,8.0,18.0,4.0,8.0
2425,D1,2024-11-08,Union Berlin,Freiburg,0,0,D,12.0,14.0,6.0,4.0
2425,F1,2024-11-08,Marseille,Auxerre,1,3,A,19.0,10.0,5.0,6.0
2425,I1,2024-11-08,Lecce,Empoli,1,1,D,18.0,11.0,3.0,6.0
2425,SP1,2024-11-08,Vallecano,Las Palmas,1,3,A,35.0,11.0,7.0,3.0
2425,D1,2024-11-09,Bochum,Leverkusen,1,1,D,15.0,11.0,3.0,3.0
2425,D1,2024-11-09,Mainz,Dortmund,3,1,H,13.0,2.0,9.0,1.0
2425,D1,2024-11-09,RB Leipzig,M'gladbach,0,0,D,11.0,14.0,4.0,4.0
2425,D1,2024-11-09,St Pauli,Bayern Munich,0,1,A,3.0,13.0,0.0,6.0
2425,D1,2024-11-09,Werder Bremen,Holstein Kiel,2,1,H,16.0,12.0,5.0,5.0
2425,E0,2024-11-09,Brentford,Bournemouth,3,2,H,12.0,15.0,6.0,3.0
2425,E0,2024-11-09,Brighton,Man City,2,1,H,10.0,15.0,4.0,6.0
2425,E0,2024-11-09,Crystal Palace,Fulham,0,2,A,13.0,17.0,5.0,7.0
2425,E0,2024-11-09,Liverpool,Aston Villa,2,0,H,14.0,12.0,5.0,2.0
2425,E0,2024-11-09,West Ham,Everton,0,0,D,11.0,18.0,6.0,4.0
2425,E0,2024-11-09,Wolves,Southampton,2,0,H,8.0,9.0,4.0,0.0
2425,F1,2024-11-09,Angers,Paris SG,2,4,A,10.0,26.0,3.0,12.0
2425,F1,2024-11-09,Lens,Nantes,3,2,H,15.0,9.0,3.0,3.0
2425,F1,2024-11-09,Strasbourg,Monaco,1,3,A,5.0,19.0,2.0,8.0
2425,I1,2024-11-09,Cagliari,Milan,3,3,D,16.0,13.0,7.0,6.0
2425,I1,2024-11-09,Juventus,Torino,2,0,H,13.0,6.0,4.0,1.0
2425,I1,2024-11-09,Venezia,Parma,1,2,A,12.0,10.0,6.0,3.0
2425,SP1,2024-11-09,Leganes,Sevilla,1,0,H,8.0,13.0,4.0,2.0
2425,SP1,2024-11-09,Real Madrid,Osasuna,4,0,H,18.0,2.0,8.0,0.0
2425,SP1,2024-11-09,Villarreal,Alaves,3,0,H,13.0,9.0,3.0,3.0
2425,D1,2024-11-10,Augsburg,Hoffenheim,0,0,D,16.0,11.0,4.0,2.0
2425,D1,2024-11-10,Heidenheim,Wolfsburg,1,3,A,19.0,13.0,4.0,6.0
2425,D1,2024-11-10,Stuttgart,Ein Frankfurt,2,3,A,22.0,8.0,11.0,5.0
2425,E0,2024-11-10,Chelsea,Arsenal,1,1,D,17.0,13.0,3.0,3.0
2425,E0,2024-11-10,Man United,Leicester,3,0,H,13.0,6.0,3.0,5.0
2425,E0,2024-11-10,Nott'm Forest,Newcastle,1,3,A,9.0,17.0,3.0,6.0
2425,E0,2024-11-10,Tottenham,Ipswich,1,2,A,17.0,8.0,5.0,3.0
2425,F1,2024-11-10,Le Havre,Reims,0,3,A,10.0,18.0,3.0,7.0
2425,F1,2024-11-10,Lyon,St Etienne,1,0,H,17.0,10.0,7.0,6.0
2425,F1,2024-11-10,Montpellier,Brest,3,1,H,14.0,19.0,8.0,6.0
2425,F1,2024-11-10,Nice,Lille,2,2,D,17.0,13.0,5.0,6.0
2425,F1,2024-11-10,Rennes,Toulouse,0,2,A,7.0,9.0,1.0,2.0
2425,I1,2024-11-10,Atalanta,Udinese,2,1,H,11.0,11.0,4.0,6.0
2425,I1,2024-11-10,Fiorentina,Verona,3,1,H,11.0,8.0,6.0,2.0
2425,I1,2024-11-10,Inter,Napoli,1,1,D,13.0,5.0,4.0,2.0
2425,I1,2024-11-10,Monza,Lazio,0,1,A,12.0,14.0,2.0,6.0
2425,I1,2024-11-10,Roma,Bologna,2,3,A,15.0,15.0,5.0,4.0
2425,SP1,2024-11-10,Betis,Celta,2,2,D,19.0,3.0,6.0,2.0
2425,SP1,2024-11-10,Getafe,Girona,0,1,A,8.0,3.0,0.0,2.0
2425,SP1,2024-11-10,Mallorca,Ath Madrid,0,1,A,12.0,9.0,6.0,2.0
2425,SP1,2024-11-10,Sociedad,Barcelona,1,0,H,14.0,11.0,6.0,0.0
2425,SP1,2024-11-10,Valladolid,Ath Bilbao,1,1,D,6.0,17.0,3.0,1.0
2425,D1,2024-11-22,Bayern Munich,Augsburg,3,0,H,33.0,2.0,14.0,1.0
2425,F1,2024-11-22,Monaco,Brest,3,2,H,10.0,12.0,4.0,4.0
2425,F1,2024-11-22,Paris SG,Toulouse,3,0,H,17.0,11.0,8.0,2.0
2425,SP1,2024-11-22,Getafe,Valladolid,2,0,H,12.0,6.0,5.0,3.0
2425,D1,2024-11-23,Dortmund,Freiburg,4,0,H,19.0,7.0,7.0,3.0
2425,D1,2024-11-23,Ein Frankfurt,Werder Bremen,1,0,H,15.0,8.0,5.0,1.0
2425,D1,2024-11-23,Hoffenheim,RB Leipzig,4,3,H,20.0,14.0,7.0,6.0
2425,D1,2024-11-23,Leverkusen,Heidenheim,5,2,H,20.0,6.0,10.0,3.0
2425,D1,2024-11-23,Stuttgart,Bochum,2,0,H,15.0,9.0,5.0,2.0
2425,D1,2024-11-23,Wolfsburg,Union Berlin,1,0,H,10.0,11.0,5.0,4.0
2425,E0,2024-11-23,Arsenal,Nott'm Forest,3,0,H,19.0,7.0,7.0,0.0
2425,E0,2024-11-23,Aston Villa,Crystal Palace,2,2,D,17.0,13.0,5.0,6.0
2425,E0,2024-11-23,Bournemouth,Brighton,1,2,A,19.0,6.0,5.0,4.0
2425,E0,2024-11-23,Everton,Brentford,0,0,D,27.0,9.0,5.0,2.0
2425,E0,2024-11-23,Fulham,Wolves,1,4,A,10.0,10.0,3.0,5.0
2425,E0,2024-11-23,Leicester,Chelsea,1,2,A,4.0,16.0,1.0,7.0
2425,E0,2024-11-23,Man City,Tottenham,0,4,A,23.0,9.0,5.0,7.0
2425,F1,2024-11-23,Lens,Marseille,1,3,A,16.0,7.0,7.0,4.0
2425,F1,2024-11-23,Reims,Lyon,1,1,D,14.0,13.0,6.0,7.0
2425,F1,2024-11-23,St Etienne,Montpellier,1,0,H,11.0,11.0,4.0,3.0
2425,I1,2024-11-23,Milan,Juventus,0,0,D,6.0,7.0,1.0,2.0
2425,I1,2024-11-23,Parma,Atalanta,1,3,A,9.0,15.0,3.0,6.0
2425,I1,2024-11-23,Verona,Inter,0,5,A,9.0,12.0,2.0,7.0
2425,SP1,2024-11-23,Ath Madrid,Alaves,2,1,H,11.0,4.0,8.0,1.0
2425,SP1,2024-11-23,Celta,Barcelona,2,2,D,15.0,9.0,8.0,4.0
2425,SP1,2024-11-23,Girona,Espanol,4,1,H,12.0,9.0,5.0,1.0
2425,SP1,2024-11-23,Las Palmas,Mallorca,2,3,A,14.0,10.0,3.0,3.0
2425,SP1,2024-11-23,Valencia,Betis,4,2,H,11.0,7.0,5.0,3.0
2425,D1,2024-11-24,Holstein Kiel,Mainz,0,3,A,7.0,18.0,2.0,7.0
2425,D1,2024-11-24,M'gladbach,St Pauli,2,0,H,15.0,15.0,4.0,3.0
2425,E0,2024-11-24,Ipswich,Man United,1,1,D,11.0,11.0,6.0,4.0
2425,E0,2024-11-24,Southampton,Liverpool,2,3,A,7.0,27.0,5.0,11.0
2425,F1,2024-11-24,Auxerre,Angers,1,0,H,10.0,10.0,6.0,5.0
2425,F1,2024-11-24,Lille,Rennes,1,0,H,5.0,4.0,2.0,1.0
2425,F1,2024-11-24,Nantes,Le Havre,0,2,A,18.0,7.0,4.0,5.0
2425,F1,2024-11-24,Nice,Strasbourg,2,1,H,15.0,10.0,5.0,3.0
2425,I1,2024-11-24,Como,Fiorentina,0,2,A,10.0,8.0,4.0,4.0
2425,I1,2024-11-24,Genoa,Cagliari,2,2,D,20.0,17.0,6.0,6.0
2425,I1,2024-11-24,Lazio,Bologna,3,0,H,13.0,3.0,4.0,1.0
2425,I1,2024-11-24,Napoli,Roma,1,0,H,14.0,6.0,2.0,1.0
2425,I1,2024-11-24,Torino,Monza,1,1,D,12.0,9.0,5.0,6.0
2425,SP1,2024-11-24,Ath Bilbao,Sociedad,1,0,H,12.0,6.0,4.0,1.0
2425,SP1,2024-11-24,Leganes,Real Madrid,0,3,A,4.0,16.0,0.0,9.0
2425,SP1,2024-11-24,Osasuna,Villarreal,2,2,D,4.0,17.0,3.0,7.0
2425,SP1,2024-11-24,Sevilla,Vallecano,1,0,H,11.0,9.0,3.0,1.0
2425,E0,2024-11-25,Newcastle,West Ham,0,2,A,18.0,15.0,2.0,6.0
2425,I1,2024-11-25,Empoli,Udinese,1,1,D,4.0,16.0,2.0,3.0
2425,I1,2024-11-25,Venezia,Lecce,0,1,A,16.0,7.0,6.0,2.0
2425,D1,2024-11-29,St Pauli,Holstein Kiel,3,1,H,11.0,10.0,4.0,3.0
2425,E0,2024-11-29,Brighton,Southampton,1,1,D,22.0,10.0,5.0,2.0
2425,F1,2024-11-29,Reims,Lens,0,2,A,16.0,11.0,3.0,6.0
2425,I1,2024-11-29,Cagliari,Verona,1,0,H,19.0,11.0,6.0,2.0
2425,SP1,2024-11-29,Mallorca,Valencia,2,1,H,9.0,7.0,3.0,1.0
2425,D1,2024-11-30,Augsburg,Bochum,1,0,H,16.0,7.0,4.0,1.0
2425,D1,2024-11-30,Dortmund,Bayern Munich,1,1,D,7.0,14.0,2.0,5.0
2425,D1,2024-11-30,Freiburg,M'gladbach,3,1,H,17.0,15.0,7.0,4.0
2425,D1,2024-11-30,RB Leipzig,Wolfsburg,1,5,A,9.0,13.0,4.0,8.0
2425,D1,2024-11-30,Union Berlin,Leverkusen,1,2,A,8.0,8.0,2.0,3.0
2425,D1,2024-11-30,Werder Bremen,Stuttgart,2,2,D,20.0,10.0,6.0,4.0
2425,E0,2024-11-30,Brentford,Leicester,4,1,H,13.0,7.0,6.0,3.0
2425,E0,2024-11-30,Crystal Palace,Newcastle,1,1,D,16.0,1.0,4.0,0.0
2425,E0,2024-11-30,Nott'm Forest,Ipswich,1,0,H,12.0,7.0,5.0,3.0
2425,E0,2024-11-30,West Ham,Arsenal,2,5,A,12.0,16.0,5.0,7.0
2425,E0,2024-11-30,Wolves,Bournemouth,2,4,A,10.0,12.0,3.0,8.0
2425,F1,2024-11-30,Brest,Strasbourg,3,1,H,11.0,12.0,8.0,4.0
2425,F1,2024-11-30,Paris SG,Nantes,1,1,D,24.0,5.0,10.0,2.0
2425,F1,2024-11-30,Rennes,St Etienne,5,0,H,18.0,2.0,9.0,0.0
2425,I1,2024-11-30,Bologna,Venezia,3,0,H,16.0,5.0,9.0,1.0
2425,I1,2024-11-30,Como,Monza,1,1,D,17.0,9.0,3.0,3.0
2425,I1,2024-11-30,Milan,Empoli,3,0,H,20.0,9.0,4.0,0.0
2425,SP1,2024-11-30,Alaves,Leganes,1,1,D,18.0,6.0,7.0,3.0
2425,SP1,2024-11-30,Barcelona,Las Palmas,1,2,A,27.0,5.0,8.0,3.0
2425,SP1,2024-11-30,Espanol,Celta,3,1,H,9.0,16.0,5.0,2.0
2425,SP1,2024-11-30,Valladolid,Ath Madrid,0,5,A,9.0,13.0,1.0,9.0
2425,D1,2024-12-01,Heidenheim,Ein Frankfurt,0,4,A,8.0,14.0,1.0,8.0
2425,D1,2024-12-01,Mainz,Hoffenheim,2,0,H,18.0,10.0,8.0,2.0
2425,E0,2024-12-01,Chelsea,Aston Villa,3,0,H,17.0,10.0,8.0,4.0
2425,E0,2024-12-01,Liverpool,Man City,2,0,H,18.0,8.0,7.0,2.0
2425,E0,2024-12-01,Man United,Everton,4,0,H,11.0,8.0,5.0,2.0
2425,E0,2024-12-01,Tottenham,Fulham,1,1,D,8.0,14.0,3.0,6.0
2425,F1,2024-12-01,Le Havre,Angers,0,1,A,5.0,12.0,1.0,3.0
2425,F1,2024-12-01,Lyon,Nice,4,1,H,16.0,16.0,8.0,7.0
2425,F1,2024-12-01,Marseille,Monaco,2,1,H,9.0,7.0,4.0,4.0
2425,F1,2024-12-01,Montpellier,Lille,2,2,D,11.0,13.0,5.0,4.0
2425,F1,2024-12-01,Toulouse,Auxerre,2,0,H,12.0,4.0,7.0,0.0
2425,I1,2024-12-01,Lecce,Juventus,1,1,D,10.0,14.0,6.0,3.0
2425,I1,2024-12-01,Parma,Lazio,3,1,H,12.0,23.0,4.0,8.0
2425,I1,2024-12-01,Torino,Napoli,0,1,A,5.0,16.0,1.0,6.0
2425,I1,2024-12-01,Udinese,Genoa,0,2,A,4.0,15.0,2.0,5.0
2425,SP1,2024-12-01,Real Madrid,Getafe,2,0,H,13.0,8.0,4.0,3.0
2425,SP1,2024-12-01,Sociedad,Betis,2,0,H,2.0,7.0,1.0,2.0
2425,SP1,2024-12-01,Vallecano,Ath Bilbao,1,2,A,7.0,12.0,4.0,7.0
2425,SP1,2024-12-01,Villarreal,Girona,2,2,D,13.0,13.0,4.0,6.0
2425,I1,2024-12-02,Roma,Atalanta,0,2,A,5.0,18.0,1.0,7.0
2425,SP1,2024-12-02,Sevilla,Osasuna,1,1,D,12.0,7.0,5.0,3.0
2425,E0,2024-12-03,Ipswich,Crystal Palace,0,1,A,9.0,13.0,2.0,3.0
2425,E0,2024-12-03,Leicester,West Ham,3,1,H,8.0,31.0,6.0,10.0
2425,SP1,2024-12-03,Mallorca,Barcelona,1,5,A,6.0,20.0,1.0,9.0
2425,E0,2024-12-04,Arsenal,Man United,2,0,H,14.0,5.0,6.0,2.0
2425,E0,2024-12-04,Aston Villa,Brentford,3,1,H,20.0,9.0,10.0,1.0
2425,E0,2024-12-04,Everton,Wolves,4,0,H,13.0,6.0,4.0,2.0
2425,E0,2024-12-04,Man City,Nott'm Forest,3,0,H,17.0,12.0,7.0,3.0
2425,E0,2024-12-04,Newcastle,Liverpool,3,3,D,17.0,16.0,6.0,5.0
2425,E0,2024-12-04,Southampton,Chelsea,1,5,A,6.0,26.0,4.0,13.0
2425,SP1,2024-12-04,Ath Bilbao,Real Madrid,2,1,H,9.0,10.0,3.0,5.0
2425,E0,2024-12-05,Bournemouth,Tottenham,1,0,H,21.0,12.0,8.0,4.0
2425,E0,2024-12-05,Fulham,Brighton,3,1,H,6.0,13.0,2.0,3.0
2425,D1,2024-12-06,Stuttgart,Union Berlin,3,2,H,7.0,14.0,5.0,3.0
2425,F1,2024-12-06,Auxerre,Paris SG,0,0,D,6.0,25.0,2.0,11.0
2425,F1,2024-12-06,Lille,Brest,3,1,H,10.0,7.0,6.0,3.0
2425,I1,2024-12-06,Atalanta,Milan,2,1,H,17.0,6.0,8.0,2.0
2425,I1,2024-12-06,Inter,Parma,3,1,H,18.0,5.0,5.0,2.0
2425,SP1,2024-12-06,Celta,Mallorca,2,0,H,12.0,9.0,5.0,4.0
2425,D1,2024-12-07,Bayern Munich,Heidenheim,4,2,H,21.0,2.0,10.0,2.0
2425,D1,2024-12-07,Bochum,Werder Bremen,0,1,A,12.0,9.0,2.0,1.0
2425,D1,2024-12-07,Ein Frankfurt,Augsburg,2,2,D,16.0,8.0,4.0,3.0
2425,D1,2024-12-07,Holstein Kiel,RB Leipzig,0,2,A,17.0,9.0,5.0,5.0
2425,D1,2024-12-07,Leverkusen,St Pauli,2,1,H,6.0,12.0,2.0,4.0
2425,D1,2024-12-07,M'gladbach,Dortmund,1,1,D,9.0,16.0,3.0,3.0
2425,E0,2024-12-07,Aston Villa,Southampton,1,0,H,18.0,4.0,5.0,0.0
2425,E0,2024-12-07,Brentford,Newcastle,4,2,H,11.0,16.0,8.0,3.0
2425,E0,2024-12-07,Crystal Palace,Man City,2,2,D,12.0,12.0,3.0,4.0
2425,E0,2024-12-07,Man United,Nott'm Forest,2,3,A,17.0,11.0,7.0,3.0
2425,F1,2024-12-07,Angers,Lyon,0,3,A,10.0,16.0,2.0,10.0
2425,F1,2024-12-07,Monaco,Toulouse,2,0,H,19.0,6.0,5.0,3.0
2425,F1,2024-12-07,Nice,Le Havre,2,1,H,17.0,12.0,5.0,2.0
2425,I1,2024-12-07,Genoa,Torino,0,0,D,5.0,10.0,1.0,3.0
2425,I1,2024-12-07,Juventus,Bologna,2,2,D,10.0,10.0,3.0,4.0
2425,I1,2024-12-07,Roma,Lecce,4,1,H,23.0,3.0,9.0,1.0
2425,SP1,2024-12-07,Betis,Barcelona,2,2,D,12.0,9.0,6.0,3.0
2425,SP1,2024-12-07,Girona,Real Madrid,0,3,A,10.0,10.0,4.0,7.0
2425,SP1,2024-12-07,Las Palmas,Valladolid,2,1,H,11.0,9.0,5.0,2.0
2425,SP1,2024-12-07,Valencia,Vallecano,0,1,A,14.0,6.0,6.0,1.0
2425,D1,2024-12-08,Hoffenheim,Freiburg,1,1,D,15.0,11.0,5.0,4.0
2425,D1,2024-12-08,Wolfsburg,Mainz,4,3,H,10.0,12.0,5.0,5.0
2425,E0,2024-12-08,Fulham,Arsenal,1,1,D,2.0,12.0,2.0,4.0
2425,E0,2024-12-08,Ipswich,Bournemouth,1,2,A,18.0,22.0,5.0,6.0
2425,E0,2024-12-08,Leicester,Brighton,2,2,D,10.0,16.0,3.0,7.0
2425,E0,2024-12-08,Tottenham,Chelsea,3,4,A,13.0,17.0,5.0,8.0
2425,F1,2024-12-08,Lens,Montpellier,2,0,H,18.0,7.0,4.0,4.0
2425,F1,2024-12-08,Nantes,Rennes,1,0,H,14.0,5.0,2.0,3.0
2425,F1,2024-12-08,St Etienne,Marseille,0,2,A,3.0,21.0,2.0,10.0
2425,F1,2024-12-08,Strasbourg,Reims,0,0,D,7.0,11.0,2.0,3.0
2425,I1,2024-12-08,Fiorentina,Cagliari,1,0,H,8.0,8.0,3.0,1.0
2425,I1,2024-12-08,Napoli,Lazio,0,1,A,12.0,7.0,1.0,3.0
2425,I1,2024-12-08,Venezia,Como,2,2,D,8.0,10.0,4.0,4.0
2425,I1,2024-12-08,Verona,Empoli,1,4,A,12.0,15.0,3.0,5.0
2425,SP1,2024-12-08,Ath Bilbao,Villarreal,2,0,H,12.0,11.0,4.0,1.0
2425,SP1,2024-12-08,Ath Madrid,Sevilla,4,3,H,14.0,4.0,9.0,3.0
2425,SP1,2024-12-08,Leganes,Sociedad,0,3,A,11.0,15.0,2.0,5.0
2425,SP1,2024-12-08,Osasuna,Alaves,2,2,D,16.0,6.0,8.0,3.0
2425,E0,2024-12-09,West Ham,Wolves,2,1,H,19.0,19.0,4.0,5.0
2425,I1,2024-12-09,Monza,Udinese,1,2,A,27.0,10.0,4.0,3.0
2425,SP1,2024-12-09,Getafe,Espanol,1,0,H,15.0,9.0,6.0,1.0
2425,D1,2024-12-13,Freiburg,Wolfsburg,3,2,H,18.0,20.0,9.0,5.0
2425,F1,2024-12-13,Toulouse,St Etienne,2,1,H,11.0,3.0,4.0,2.0
2425,I1,2024-12-13,Empoli,Torino,0,1,A,10.0,14.0,4.0,4.0
2425,SP1,2024-12-13,Valladolid,Valencia,1,0,H,2.0,14.0,1.0,2.0
2425,D1,2024-12-14,Augsburg,Leverkusen,0,2,A,8.0,14.0,4.0,3.0
2425,D1,2024-12-14,M'gladbach,Holstein Kiel,4,1,H,15.0,11.0,6.0,3.0
2425,D1,2024-12-14,Mainz,Bayern Munich,2,1,H,8.0,13.0,4.0,1.0
2425,D1,2024-12-14,St Pauli,Werder Bremen,0,2,A,15.0,8.0,4.0,4.0
2425,D1,2024-12-14,Union Berlin,Bochum,0,2,A,,,,
2425,E0,2024-12-14,Arsenal,Everton,0,0,D,13.0,2.0,5.0,0.0
2425,E0,2024-12-14,Liverpool,Fulham,2,2,D,16.0,12.0,4.0,3.0
2425,E0,2024-12-14,Newcastle,Leicester,4,0,H,27.0,4.0,11.0,1.0
2425,E0,2024-12-14,Nott'm Forest,Aston Villa,2,1,H,17.0,8.0,6.0,2.0
2425,E0,2024-12-14,Wolves,Ipswich,1,2,A,16.0,10.0,6.0,5.0
2425,F1,2024-12-14,Auxerre,Lens,2,2,D,10.0,16.0,3.0,5.0
2425,F1,2024-12-14,Marseille,Lille,1,1,D,9.0,10.0,3.0,5.0
2425,F1,2024-12-14,Reims,Monaco,0,0,D,8.0,14.0,0.0,3.0
2425,I1,2024-12-14,Cagliari,Atalanta,0,1,A,12.0,12.0,8.0,2.0
2425,I1,2024-12-14,Juventus,Venezia,2,2,D,12.0,8.0,4.0,2.0
2425,I1,2024-12-14,Udinese,Napoli,1,3,A,7.0,17.0,3.0,4.0
2425,SP1,2024-12-14,Espanol,Osasuna,0,0,D,9.0,6.0,3.0,0.0
2425,SP1,2024-12-14,Mallorca,Girona,2,1,H,8.0,13.0,2.0,1.0
2425,SP1,2024-12-14,Sevilla,Celta,1,0,H,8.0,10.0,3.0,2.0
2425,SP1,2024-12-14,Vallecano,Real Madrid,3,3,D,14.0,13.0,5.0,6.0
2425,D1,2024-12-15,Dortmund,Hoffenheim,1,1,D,6.0,12.0,2.0,1.0
2425,D1,2024-12-15,Heidenheim,Stuttgart,1,3,A,9.0,18.0,2.0,7.0
2425,D1,2024-12-15,RB Leipzig,Ein Frankfurt,2,1,H,19.0,16.0,9.0,3.0
2425,E0,2024-12-15,Brighton,Crystal Palace,1,3,A,17.0,13.0,5.0,5.0
2425,E0,2024-12-15,Chelsea,Brentford,2,1,H,26.0,9.0,8.0,4.0
2425,E0,2024-12-15,Man City,Man United,1,2,A,10.0,10.0,3.0,3.0
2425,E0,2024-12-15,Southampton,Tottenham,0,5,A,9.0,18.0,3.0,9.0
2425,F1,2024-12-15,Brest,Nantes,4,1,H,13.0,16.0,8.0,7.0
2425,F1,2024-12-15,Le Havre,Strasbourg,0,3,A,11.0,9.0,1.0,5.0
2425,F1,2024-12-15,Montpellier,Nice,2,2,D,20.0,18.0,8.0,6.0
2425,F1,2024-12-15,Paris SG,Lyon,3,1,H,13.0,7.0,6.0,3.0
2425,F1,2024-12-15,Rennes,Angers,2,0,H,7.0,3.0,4.0,0.0
2425,I1,2024-12-15,Bologna,Fiorentina,1,0,H,16.0,10.0,6.0,4.0
2425,I1,2024-12-15,Como,Roma,2,0,H,18.0,6.0,7.0,1.0
2425,I1,2024-12-15,Lecce,Monza,2,1,H,11.0,10.0,4.0,1.0
2425,I1,2024-12-15,Milan,Genoa,0,0,D,22.0,5.0,4.0,0.0
2425,I1,2024-12-15,Parma,Verona,2,3,A,19.0,17.0,8.0,6.0
2425,SP1,2024-12-15,Alaves,Ath Bilbao,1,1,D,6.0,9.0,3.0,2.0
2425,SP1,2024-12-15,Ath Madrid,Getafe,1,0,H,11.0,7.0,3.0,1.0
2425,SP1,2024-12-15,Barcelona,Leganes,0,1,A,20.0,6.0,4.0,4.0
2425,SP1,2024-12-15,Sociedad,Las Palmas,0,0,D,15.0,9.0,4.0,3.0
2425,SP1,2024-12-15,Villarreal,Betis,1,2,A,17.0,10.0,4.0,4.0
2425,E0,2024-12-16,Bournemouth,West Ham,1,1,D,29.0,16.0,9.0,3.0
2425,I1,2024-12-16,Lazio,Inter,0,6,A,9.0,12.0,2.0,7.0
2425,F1,2024-12-18,Monaco,Paris SG,2,4,A,15.0,17.0,5.0,12.0
2425,SP1,2024-12-18,Espanol,Valencia,1,1,D,10.0,14.0,3.0,4.0
2425,SP1,2024-12-18,Villarreal,Vallecano,1,1,D,14.0,18.0,5.0,3.0
2425,D1,2024-12-20,Bayern Munich,RB Leipzig,5,1,H,22.0,4.0,9.0,1.0
2425,I1,2024-12-20,Verona,Milan,0,1,A,10.0,14.0,2.0,6.0
2425,SP1,2024-12-20,Girona,Valladolid,3,0,H,23.0,1.0,7.0,1.0
2425,D1,2024-12-21,Ein Frankfurt,Mainz,1,3,A,34.0,9.0,9.0,3.0
2425,D1,2024-12-21,Hoffenheim,M'gladbach,1,2,A,18.0,5.0,8.0,3.0
2425,D1,2024-12-21,Holstein Kiel,Augsburg,5,1,H,8.0,17.0,6.0,4.0
2425,D1,2024-12-21,Leverkusen,Freiburg,5,1,H,20.0,8.0,12.0,2.0
2425,D1,2024-12-21,Stuttgart,St Pauli,0,1,A,25.0,11.0,5.0,5.0
2425,D1,2024-12-21,Werder Bremen,Union Berlin,4,1,H,11.0,16.0,6.0,4.0
2425,E0,2024-12-21,Aston Villa,Man City,2,1,H,11.0,12.0,6.0,6.0
2425,E0,2024-12-21,Brentford,Nott'm Forest,0,2,A,7.0,10.0,3.0,6.0
2425,E0,2024-12-21,Crystal Palace,Arsenal,1,5,A,15.0,14.0,6.0,6.0
2425,E0,2024-12-21,Ipswich,Newcastle,0,4,A,10.0,15.0,2.0,7.0
2425,E0,2024-12-21,West Ham,Brighton,1,1,D,11.0,12.0,4.0,6.0
2425,I1,2024-12-21,Genoa,Napoli,1,2,A,11.0,12.0,3.0,2.0
2425,I1,2024-12-21,Lecce,Lazio,1,2,A,11.0,13.0,2.0,7.0
2425,I1,2024-12-21,Torino,Bologna,0,2,A,6.0,8.0,0.0,5.0
2425,SP1,2024-12-21,Barcelona,Ath Madrid,1,2,A,19.0,5.0,7.0,4.0
2425,SP1,2024-12-21,Celta,Sociedad,2,0,H,11.0,7.0,7.0,1.0
2425,SP1,2024-12-21,Getafe,Mallorca,0,1,A,18.0,9.0,5.0,2.0
2425,SP1,2024-12-21,Osasuna,Ath Bilbao,1,2,A,6.0,13.0,3.0,8.0
2425,D1,2024-12-22,Bochum,Heidenheim,2,0,H,14.0,10.0,4.0,2.0
2425,D1,2024-12-22,Wolfsburg,Dortmund,1,3,A,14.0,12.0,5.0,4.0
2425,E0,2024-12-22,Everton,Chelsea,0,0,D,5.0,12.0,4.0,5.0
2425,E0,2024-12-22,Fulham,Southampton,0,0,D,16.0,5.0,5.0,1.0
2425,E0,2024-12-22,Leicester,Wolves,0,3,A,9.0,8.0,5.0,4.0
2425,E0,2024-12-22,Man United,Bournemouth,0,3,A,23.0,10.0,7.0,5.0
2425,E0,2024-12-22,Tottenham,Liverpool,3,6,A,9.0,24.0,5.0,12.0
2425,I1,2024-12-22,Atalanta,Empoli,3,2,H,16.0,7.0,7.0,3.0
2425,I1,2024-12-22,Monza,Juventus,1,2,A,17.0,16.0,5.0,9.0
2425,I1,2024-12-22,Roma,Parma,5,0,H,19.0,9.0,9.0,3.0
2425,I1,2024-12-22,Venezia,Cagliari,2,1,H,12.0,14.0,6.0,7.0
2425,SP1,2024-12-22,Betis,Vallecano,1,1,D,14.0,10.0,5.0,4.0
2425,SP1,2024-12-22,Las Palmas,Espanol,1,0,H,10.0,9.0,4.0,2.0
2425,SP1,2024-12-22,Leganes,Villarreal,2,5,A,5.0,18.0,3.0,9.0
2425,SP1,2024-12-22,Real Madrid,Sevilla,4,2,H,16.0,10.0,8.0,5.0
2425,SP1,2024-12-22,Valencia,Alaves,2,2,D,8.0,11.0,3.0,3.0
2425,I1,2024-12-23,Fiorentina,Udinese,1,2,A,14.0,11.0,3.0,4.0
2425,I1,2024-12-23,Inter,Como,2,0,H,17.0,8.0,5.0,4.0
2425,E0,2024-12-26,Bournemouth,Crystal Palace,0,0,D,18.0,10.0,4.0,4.0
2425,E0,2024-12-26,Chelsea,Fulham,1,2,A,12.0,14.0,8.0,7.0
2425,E0,2024-12-26,Liverpool,Leicester,3,1,H,19.0,4.0,7.0,1.0
2425,E0,2024-12-26,Man City,Everton,1,1,D,24.0,8.0,5.0,3.0
2425,E0,2024-12-26,Newcastle,Aston Villa,3,0,H,22.0,4.0,8.0,1.0
2425,E0,2024-12-26,Nott'm Forest,Tottenham,1,0,H,10.0,13.0,3.0,4.0
2425,E0,2024-12-26,Southampton,West Ham,0,1,A,18.0,16.0,5.0,2.0
2425,E0,2024-12-26,Wolves,Man United,2,0,H,7.0,11.0,4.0,4.0
2425,E0,2024-12-27,Arsenal,Ipswich,1,0,H,13.0,3.0,5.0,0.0
2425,E0,2024-12-27,Brighton,Brentford,0,0,D,24.0,8.0,7.0,3.0
2425,I1,2024-12-28,Cagliari,Inter,0,3,A,5.0,20.0,1.0,5.0
2425,I1,2024-12-28,Empoli,Genoa,1,2,A,12.0,14.0,8.0,5.0
2425,I1,2024-12-28,Lazio,Atalanta,1,1,D,11.0,14.0,5.0,4.0
2425,I1,2024-12-28,Parma,Monza,2,1,H,9.0,10.0,3.0,4.0
2425,E0,2024-12-29,Crystal Palace,Southampton,2,1,H,19.0,7.0,10.0,3.0
2425,E0,2024-12-29,Everton,Nott'm Forest,0,2,A,13.0,11.0,2.0,7.0
2425,E0,2024-12-29,Fulham,Bournemouth,2,2,D,11.0,16.0,6.0,9.0
2425,E0,2024-12-29,Leicester,Man City,0,2,A,11.0,14.0,4.0,5.0
2425,E0,2024-12-29,Tottenham,Wolves,2,2,D,13.0,11.0,3.0,3.0
2425,E0,2024-12-29,West Ham,Liverpool,0,5,A,7.0,22.0,0.0,13.0
2425,I1,2024-12-29,Juventus,Fiorentina,2,2,D,15.0,11.0,5.0,4.0
2425,I1,2024-12-29,Milan,Roma,1,1,D,21.0,12.0,7.0,5.0
2425,I1,2024-12-29,Napoli,Venezia,1,0,H,25.0,4.0,8.0,2.0
2425,I1,2024-12-29,Udinese,Torino,2,2,D,10.0,12.0,3.0,6.0
2425,E0,2024-12-30,Aston Villa,Brighton,2,2,D,20.0,13.0,4.0,4.0
2425,E0,2024-12-30,Ipswich,Chelsea,2,0,H,9.0,20.0,6.0,5.0
2425,E0,2024-12-30,Man United,Newcastle,0,2,A,10.0,12.0,0.0,4.0
2425,I1,2024-12-30,Bologna,Verona,2,3,A,23.0,8.0,7.0,4.0
2425,I1,2024-12-30,Como,Lecce,2,0,H,15.0,11.0,8.0,1.0
2425,E0,2025-01-01,Brentford,Arsenal,1,3,A,5.0,14.0,2.0,5.0
2425,F1,2025-01-03,Nice,Rennes,3,2,H,9.0,10.0,6.0,5.0
2425,SP1,2025-01-03,Valencia,Real Madrid,1,2,A,8.0,17.0,5.0,5.0
2425,E0,2025-01-04,Aston Villa,Leicester,2,1,H,13.0,4.0,5.0,2.0
2425,E0,2025-01-04,Bournemouth,Everton,1,0,H,19.0,9.0,8.0,0.0
2425,E0,2025-01-04,Brighton,Arsenal,1,1,D,11.0,9.0,4.0,3.0
2425,E0,2025-01-04,Crystal Palace,Chelsea,1,1,D,13.0,15.0,6.0,1.0
2425,E0,2025-01-04,Man City,West Ham,4,1,H,10.0,17.0,7.0,4.0
2425,E0,2025-01-04,Southampton,Brentford,0,5,A,8.0,20.0,1.0,11.0
2425,E0,2025-01-04,Tottenham,Newcastle,1,2,A,13.0,14.0,4.0,4.0
2425,F1,2025-01-04,Lille,Nantes,1,1,D,13.0,6.0,3.0,2.0
2425,F1,2025-01-04,Lyon,Montpellier,1,0,H,12.0,16.0,2.0,6.0
2425,F1,2025-01-04,St Etienne,Reims,3,1,H,14.0,11.0,4.0,1.0
2425,I1,2025-01-04,Fiorentina,Napoli,0,3,A,14.0,10.0,2.0,4.0
2425,I1,2025-01-04,Venezia,Empoli,1,1,D,8.0,18.0,3.0,6.0
2425,I1,2025-01-04,Verona,Udinese,0,0,D,13.0,15.0,3.0,6.0
2425,E0,2025-01-05,Fulham,Ipswich,2,2,D,15.0,7.0,4.0,3.0
2425,E0,2025-01-05,Liverpool,Man United,2,2,D,19.0,13.0,6.0,4.0
2425,F1,2025-01-05,Angers,Brest,2,0,H,7.0,12.0,2.0,4.0
2425,F1,2025-01-05,Lens,Toulouse,0,1,A,14.0,8.0,1.0,4.0
2425,F1,2025-01-05,Marseille,Le Havre,5,1,H,15.0,4.0,9.0,1.0
2425,F1,2025-01-05,Strasbourg,Auxerre,3,1,H,11.0,14.0,4.0,7.0
2425,I1,2025-01-05,Lecce,Genoa,0,0,D,10.0,4.0,3.0,1.0
2425,I1,2025-01-05,Monza,Cagliari,1,2,A,6.0,13.0,2.0,4.0
2425,I1,2025-01-05,Roma,Lazio,2,0,H,7.0,17.0,5.0,6.0
2425,I1,2025-01-05,Torino,Parma,0,0,D,12.0,10.0,4.0,3.0
2425,E0,2025-01-06,Wolves,Nott'm Forest,0,3,A,13.0,11.0,6.0,3.0
2425,D1,2025-01-10,Dortmund,Leverkusen,2,3,A,12.0,7.0,5.0,5.0
2425,F1,2025-01-10,Auxerre,Lille,0,0,D,13.0,13.0,3.0,5.0
2425,F1,2025-01-10,Nantes,Monaco,2,2,D,10.0,15.0,4.0,7.0
2425,I1,2025-01-10,Lazio,Como,1,1,D,12.0,17.0,4.0,4.0
2425,SP1,2025-01-10,Vallecano,Celta,2,1,H,8.0,23.0,5.0,7.0
2425,D1,2025-01-11,Freiburg,Holstein Kiel,3,2,H,14.0,14.0,5.0,7.0
2425,D1,2025-01-11,Heidenheim,Union Berlin,2,0,H,16.0,10.0,9.0,6.0
2425,D1,2025-01-11,Hoffenheim,Wolfsburg,0,1,A,15.0,12.0,2.0,3.0
2425,D1,2025-01-11,M'gladbach,Bayern Munich,0,1,A,5.0,23.0,0.0,10.0
2425,D1,2025-01-11,Mainz,Bochum,2,0,H,10.0,11.0,5.0,2.0
2425,D1,2025-01-11,St Pauli,Ein Frankfurt,0,1,A,18.0,14.0,4.0,6.0
2425,F1,2025-01-11,Brest,Lyon,2,1,H,11.0,10.0,6.0,3.0
2425,F1,2025-01-11,Reims,Nice,2,4,A,12.0,15.0,3.0,10.0
2425,F1,2025-01-11,Rennes,Marseille,1,2,A,5.0,13.0,4.0,7.0
2425,I1,2025-01-11,Empoli,Lecce,1,3,A,15.0,14.0,5.0,6.0
2425,I1,2025-01-11,Milan,Cagliari,1,1,D,24.0,6.0,11.0,2.0
2425,I1,2025-01-11,Torino,Juventus,1,1,D,11.0,15.0,2.0,9.0
2425,I1,2025-01-11,Udinese,Atalanta,0,0,D,12.0,4.0,3.0,2.0
2425,SP1,2025-01-11,Alaves,Girona,0,1,A,11.0,3.0,2.0,1.0
2425,SP1,2025-01-11,Espanol,Leganes,1,1,D,15.0,14.0,5.0,6.0
2425,SP1,2025-01-11,Sevilla,Valencia,1,1,D,15.0,5.0,5.0,1.0
2425,SP1,2025-01-11,Valladolid,Betis,1,0,H,12.0,14.0,1.0,3.0
2425,D1,2025-01-12,Augsburg,Stuttgart,0,1,A,8.0,13.0,2.0,5.0
2425,D1,2025-01-12,RB Leipzig,Werder Bremen,4,2,H,18.0,7.0,7.0,2.0
2425,F1,2025-01-12,Le Havre,Lens,1,2,A,8.0,25.0,4.0,7.0
2425,F1,2025-01-12,Montpellier,Angers,1,3,A,8.0,21.0,3.0,8.0
2425,F1,2025-01-12,Paris SG,St Etienne,2,1,H,25.0,8.0,9.0,3.0
2425,F1,2025-01-12,Toulouse,Strasbourg,1,2,A,19.0,8.0,5.0,2.0
2425,I1,2025-01-12,Bologna,Roma,2,2,D,14.0,11.0,8.0,4.0
2425,I1,2025-01-12,Genoa,Parma,1,0,H,14.0,9.0,4.0,3.0
2425,I1,2025-01-12,Napoli,Verona,2,0,H,14.0,6.0,3.0,2.0
2425,I1,2025-01-12,Venezia,Inter,0,1,A,7.0,17.0,2.0,6.0
2425,SP1,2025-01-12,Ath Madrid,Osasuna,1,0,H,9.0,6.0,5.0,1.0
2425,SP1,2025-01-12,Las Palmas,Getafe,1,2,A,15.0,12.0,7.0,3.0
2425,I1,2025-01-13,Monza,Fiorentina,2,1,H,10.0,11.0,3.0,2.0
2425,SP1,2025-01-13,Sociedad,Villarreal,1,0,H,6.0,15.0,3.0,5.0
2425,D1,2025-01-14,Ein Frankfurt,Freiburg,4,1,H,23.0,7.0,8.0,5.0
2425,D1,2025-01-14,Holstein Kiel,Dortmund,4,2,H,11.0,16.0,7.0,4.0
2425,D1,2025-01-14,Leverkusen,Mainz,1,0,H,20.0,7.0,9.0,4.0
2425,D1,2025-01-14,Wolfsburg,M'gladbach,5,1,H,16.0,9.0,5.0,5.0
2425,E0,2025-01-14,Brentford,Man City,2,2,D,18.0,21.0,6.0,8.0
2425,E0,2025-01-14,Chelsea,Bournemouth,2,2,D,26.0,7.0,10.0,3.0
2425,E0,2025-01-14,Nott'm Forest,Liverpool,1,1,D,6.0,23.0,3.0,7.0
2425,E0,2025-01-14,West Ham,Fulham,3,2,H,4.0,21.0,3.0,5.0
2425,I1,2025-01-14,Atalanta,Juventus,1,1,D,17.0,17.0,6.0,9.0
2425,I1,2025-01-14,Como,Milan,1,2,A,12.0,12.0,4.0,6.0
2425,D1,2025-01-15,Bayern Munich,Hoffenheim,5,0,H,25.0,5.0,10.0,2.0
2425,D1,2025-01-15,Bochum,St Pauli,1,0,H,13.0,12.0,5.0,1.0
2425,D1,2025-01-15,Stuttgart,RB Leipzig,2,1,H,14.0,6.0,6.0,3.0
2425,D1,2025-01-15,Union Berlin,Augsburg,0,2,A,13.0,11.0,2.0,5.0
2425,D1,2025-01-15,Werder Bremen,Heidenheim,3,3,D,12.0,14.0,5.0,5.0
2425,E0,2025-01-15,Arsenal,Tottenham,2,1,H,14.0,10.0,4.0,2.0
2425,E0,2025-01-15,Everton,Aston Villa,0,1,A,10.0,11.0,3.0,3.0
2425,E0,2025-01-15,Leicester,Crystal Palace,0,2,A,21.0,9.0,4.0,4.0
2425,E0,2025-01-15,Newcastle,Wolves,3,0,H,17.0,13.0,5.0,7.0
2425,I1,2025-01-15,Inter,Bologna,2,2,D,12.0,14.0,6.0,6.0
2425,E0,2025-01-16,Ipswich,Brighton,0,2,A,5.0,11.0,3.0,5.0
2425,E0,2025-01-16,Man United,Southampton,3,1,H,23.0,13.0,9.0,5.0
2425,D1,2025-01-17,Ein Frankfurt,Dortmund,2,0,H,13.0,12.0,5.0,3.0
2425,F1,2025-01-17,Lille,Nice,2,1,H,11.0,11.0,4.0,3.0
2425,F1,2025-01-17,Montpellier,Monaco,2,1,H,12.0,26.0,4.0,11.0
2425,I1,2025-01-17,Roma,Genoa,3,1,H,16.0,7.0,7.0,3.0
2425,SP1,2025-01-17,Espanol,Valladolid,2,1,H,12.0,11.0,4.0,4.0
2425,D1,2025-01-18,Bayern Munich,Wolfsburg,3,2,H,25.0,7.0,10.0,3.0
2425,D1,2025-01-18,Bochum,RB Leipzig,3,3,D,14.0,11.0,3.0,3.0
2425,D1,2025-01-18,Heidenheim,St Pauli,0,2,A,8.0,7.0,1.0,4.0
2425,D1,2025-01-18,Holstein Kiel,Hoffenheim,1,3,A,12.0,11.0,3.0,6.0
2425,D1,2025-01-18,Leverkusen,M'gladbach,3,1,H,10.0,7.0,5.0,4.0
2425,D1,2025-01-18,Stuttgart,Freiburg,4,0,H,12.0,4.0,7.0,0.0
2425,E0,2025-01-18,Arsenal,Aston Villa,2,2,D,18.0,8.0,6.0,4.0
2425,E0,2025-01-18,Brentford,Liverpool,0,2,A,11.0,37.0,6.0,8.0
2425,E0,2025-01-18,Leicester,Fulham,0,2,A,8.0,17.0,4.0,2.0
2425,E0,2025-01-18,Newcastle,Bournemouth,1,4,A,13.0,19.0,5.0,10.0
2425,E0,2025-01-18,West Ham,Crystal Palace,0,2,A,7.0,12.0,0.0,7.0
2425,F1,2025-01-18,Lens,Paris SG,1,2,A,10.0,9.0,5.0,7.0
2425,F1,2025-01-18,Lyon,Toulouse,0,0,D,11.0,13.0,3.0,4.0
2425,F1,2025-01-18,Rennes,Brest,1,2,A,22.0,10.0,9.0,3.0
2425,I1,2025-01-18,Atalanta,Napoli,2,3,A,15.0,6.0,6.0,3.0
2425,I1,2025-01-18,Bologna,Monza,3,1,H,18.0,3.0,7.0,1.0
2425,I1,2025-01-18,Juventus,Milan,2,0,H,15.0,13.0,6.0,3.0
2425,SP1,2025-01-18,Betis,Alaves,1,3,A,7.0,9.0,2.0,5.0
2425,SP1,2025-01-18,Getafe,Barcelona,1,1,D,10.0,21.0,4.0,5.0
2425,SP1,2025-01-18,Girona,Sevilla,1,2,A,7.0,14.0,4.0,6.0
2425,SP1,2025-01-18,Leganes,Ath Madrid,1,0,H,9.0,19.0,3.0,4.0
2425,D1,2025-01-19,Union Berlin,Mainz,2,1,H,12.0,9.0,4.0,1.0
2425,D1,2025-01-19,Werder Bremen,Augsburg,0,2,A,20.0,9.0,2.0,4.0
2425,E0,2025-01-19,Everton,Tottenham,3,2,H,12.0,11.0,6.0,6.0
2425,E0,2025-01-19,Ipswich,Man City,0,6,A,8.0,17.0,4.0,9.0
2425,E0,2025-01-19,Man United,Brighton,1,3,A,10.0,6.0,1.0,3.0
2425,E0,2025-01-19,Nott'm Forest,Southampton,3,2,H,14.0,10.0,5.0,4.0
2425,F1,2025-01-19,Angers,Auxerre,2,0,H,12.0,10.0,4.0,4.0
2425,F1,2025-01-19,Marseille,Strasbourg,1,1,D,18.0,7.0,3.0,3.0
2425,F1,2025-01-19,Reims,Le Havre,1,1,D,11.0,7.0,3.0,2.0
2425,F1,2025-01-19,St Etienne,Nantes,1,1,D,12.0,8.0,2.0,4.0
2425,I1,2025-01-19,Cagliari,Lecce,4,1,H,19.0,7.0,7.0,2.0
2425,I1,2025-01-19,Fiorentina,Torino,1,1,D,20.0,6.0,6.0,3.0
2425,I1,2025-01-19,Inter,Empoli,3,1,H,18.0,5.0,7.0,1.0
2425,I1,2025-01-19,Parma,Venezia,1,1,D,19.0,7.0,8.0,2.0
2425,I1,2025-01-19,Verona,Lazio,0,3,A,16.0,14.0,3.0,5.0
2425,SP1,2025-01-19,Celta,Ath Bilbao,1,2,A,3.0,14.0,1.0,6.0
2425,SP1,2025-01-19,Osasuna,Vallecano,1,1,D,12.0,8.0,3.0,3.0
2425,SP1,2025-01-19,Real Madrid,Las Palmas,4,1,H,26.0,6.0,13.0,2.0
2425,SP1,2025-01-19,Valencia,Sociedad,1,0,H,7.0,9.0,2.0,3.0
2425,E0,2025-01-20,Chelsea,Wolves,3,1,H,19.0,9.0,7.0,4.0
2425,I1,2025-01-20,Como,Udinese,4,1,H,11.0,6.0,8.0,2.0
2425,SP1,2025-01-20,Villarreal,Mallorca,4,0,H,14.0,9.0,7.0,2.0
2425,D1,2025-01-24,Wolfsburg,Holstein Kiel,2,2,D,22.0,5.0,5.0,2.0
2425,F1,2025-01-24,Auxerre,St Etienne,1,1,D,11.0,8.0,5.0,3.0
2425,I1,2025-01-24,Torino,Cagliari,2,0,H,18.0,6.0,6.0,1.0
2425,SP1,2025-01-24,Las Palmas,Osasuna,1,1,D,16.0,16.0,7.0,4.0
2425,D1,2025-01-25,Augsburg,Heidenheim,2,1,H,11.0,11.0,7.0,6.0
2425,D1,2025-01-25,Dortmund,Werder Bremen,2,2,D,8.0,13.0,4.0,4.0
2425,D1,2025-01-25,Freiburg,Bayern Munich,1,2,A,7.0,7.0,2.0,3.0
2425,D1,2025-01-25,M'gladbach,Bochum,3,0,H,16.0,10.0,6.0,4.0
2425,D1,2025-01-25,Mainz,Stuttgart,2,0,H,11.0,10.0,4.0,5.0
2425,D1,2025-01-25,RB Leipzig,Leverkusen,2,2,D,8.0,13.0,4.0,7.0
2425,E0,2025-01-25,Bournemouth,Nott'm Forest,5,0,H,16.0,18.0,10.0,4.0
2425,E0,2025-01-25,Brighton,Everton,0,1,A,16.0,3.0,1.0,1.0
2425,E0,2025-01-25,Liverpool,Ipswich,4,1,H,16.0,3.0,6.0,3.0
2425,E0,2025-01-25,Man City,Chelsea,3,1,H,15.0,10.0,6.0,4.0
2425,E0,2025-01-25,Southampton,Newcastle,1,3,A,12.0,17.0,5.0,9.0
2425,E0,2025-01-25,Wolves,Arsenal,0,1,A,9.0,9.0,4.0,3.0
2425,F1,2025-01-25,Monaco,Rennes,3,2,H,20.0,14.0,10.0,5.0
2425,F1,2025-01-25,Paris SG,Reims,1,1,D,18.0,6.0,7.0,3.0
2425,F1,2025-01-25,Strasbourg,Lille,2,1,H,11.0,15.0,7.0,6.0
2425,I1,2025-01-25,Como,Atalanta,1,2,A,15.0,5.0,5.0,3.0
2425,I1,2025-01-25,Empoli,Bologna,1,1,D,5.0,9.0,1.0,8.0
2425,I1,2025-01-25,Napoli,Juventus,2,1,H,14.0,5.0,3.0,2.0
2425,SP1,2025-01-25,Ath Madrid,Villarreal,1,1,D,20.0,11.0,8.0,1.0
2425,SP1,2025-01-25,Mallorca,Betis,0,1,A,16.0,8.0,3.0,3.0
2425,SP1,2025-01-25,Sevilla,Espanol,1,1,D,25.0,6.0,4.0,1.0
2425,SP1,2025-01-25,Valladolid,Real Madrid,0,3,A,6.0,20.0,2.0,4.0
2425,D1,2025-01-26,Hoffenheim,Ein Frankfurt,2,2,D,24.0,12.0,8.0,7.0
2425,D1,2025-01-26,St Pauli,Union Berlin,3,0,H,16.0,14.0,5.0,2.0
2425,E0,2025-01-26,Aston Villa,West Ham,1,1,D,14.0,14.0,4.0,4.0
2425,E0,2025-01-26,Crystal Palace,Brentford,1,2,A,16.0,13.0,5.0,6.0
2425,E0,2025-01-26,Fulham,Man United,0,1,A,9.0,4.0,3.0,1.0
2425,E0,2025-01-26,Tottenham,Leicester,1,2,A,15.0,12.0,6.0,3.0
2425,F1,2025-01-26,Le Havre,Brest,0,1,A,11.0,17.0,1.0,9.0
2425,F1,2025-01-26,Lens,Angers,1,0,H,16.0,2.0,4.0,0.0
2425,F1,2025-01-26,Nantes,Lyon,1,1,D,7.0,15.0,5.0,4.0
2425,F1,2025-01-26,Nice,Marseille,2,0,H,14.0,18.0,5.0,6.0
2425,F1,2025-01-26,Toulouse,Montpellier,1,2,A,15.0,6.0,6.0,4.0
2425,I1,2025-01-26,Lazio,Fiorentina,1,2,A,22.0,7.0,3.0,3.0
2425,I1,2025-01-26,Lecce,Inter,0,4,A,17.0,9.0,4.0,5.0
2425,I1,2025-01-26,Milan,Parma,3,2,H,14.0,12.0,5.0,5.0
2425,I1,2025-01-26,Udinese,Roma,1,2,A,10.0,16.0,3.0,10.0
2425,SP1,2025-01-26,Ath Bilbao,Leganes,0,0,D,29.0,5.0,3.0,2.0
2425,SP1,2025-01-26,Barcelona,Valencia,7,1,H,22.0,7.0,11.0,2.0
2425,SP1,2025-01-26,Sociedad,Getafe,0,3,A,13.0,13.0,4.0,4.0
2425,SP1,2025-01-26,Vallecano,Girona,2,1,H,17.0,12.0,7.0,5.0
2425,I1,2025-01-27,Genoa,Monza,2,0,H,18.0,5.0,6.0,1.0
2425,I1,2025-01-27,Venezia,Verona,1,1,D,9.0,21.0,1.0,5.0
2425,SP1,2025-01-27,Alaves,Celta,1,1,D,3.0,5.0,1.0,2.0
2425,D1,2025-01-31,Werder Bremen,Mainz,1,0,H,12.0,13.0,5.0,2.0
2425,F1,2025-01-31,Montpellier,Lens,0,2,A,14.0,19.0,2.0,5.0
2425,I1,2025-01-31,Parma,Lecce,1,3,A,19.0,6.0,7.0,3.0
2425,SP1,2025-01-31,Leganes,Vallecano,0,1,A,5.0,19.0,1.0,3.0
2425,D1,2025-02-01,Bayern Munich,Holstein Kiel,4,3,H,29.0,10.0,12.0,6.0
2425,D1,2025-02-01,Bochum,Freiburg,0,1,A,22.0,13.0,4.0,5.0
2425,D1,2025-02-01,Heidenheim,Dortmund,1,2,A,11.0,16.0,5.0,5.0
2425,D1,2025-02-01,St Pauli,Augsburg,1,1,D,5.0,2.0,1.0,1.0
2425,D1,2025-02-01,Stuttgart,M'gladbach,1,2,A,10.0,12.0,3.0,6.0
2425,D1,2025-02-01,Union Berlin,RB Leipzig,0,0,D,21.0,6.0,6.0,2.0
2425,E0,2025-02-01,Bournemouth,Liverpool,0,2,A,14.0,19.0,3.0,7.0
2425,E0,2025-02-01,Everton,Leicester,4,0,H,13.0,9.0,7.0,1.0
2425,E0,2025-02-01,Ipswich,Southampton,1,2,A,15.0,9.0,6.0,4.0
2425,E0,2025-02-01,Newcastle,Fulham,1,2,A,11.0,15.0,4.0,4.0
2425,E0,2025-02-01,Nott'm Forest,Brighton,7,0,H,14.0,10.0,9.0,5.0
2425,E0,2025-02-01,Wolves,Aston Villa,2,0,H,8.0,10.0,5.0,3.0
2425,F1,2025-02-01,Brest,Paris SG,2,5,A,14.0,14.0,7.0,7.0
2425,F1,2025-02-01,Lille,St Etienne,4,1,H,29.0,9.0,13.0,2.0
2425,F1,2025-02-01,Monaco,Auxerre,4,2,H,11.0,12.0,6.0,7.0
2425,I1,2025-02-01,Atalanta,Torino,1,1,D,22.0,5.0,10.0,3.0
2425,I1,2025-02-01,Bologna,Como,2,0,H,15.0,8.0,4.0,1.0
2425,I1,2025-02-01,Monza,Verona,0,1,A,9.0,12.0,2.0,4.0
2425,I1,2025-02-01,Udinese,Venezia,3,2,H,13.0,14.0,5.0,3.0
2425,SP1,2025-02-01,Ath Madrid,Mallorca,2,0,H,17.0,10.0,5.0,1.0
2425,SP1,2025-02-01,Espanol,Real Madrid,1,0,H,5.0,21.0,2.0,7.0
2425,SP1,2025-02-01,Getafe,Sevilla,0,0,D,7.0,13.0,1.0,1.0
2425,SP1,2025-02-01,Villarreal,Valladolid,5,1,H,22.0,8.0,8.0,2.0
2425,D1,2025-02-02,Ein Frankfurt,Wolfsburg,1,1,D,16.0,11.0,4.0,2.0
2425,D1,2025-02-02,Leverkusen,Hoffenheim,3,1,H,9.0,16.0,5.0,7.0
2425,E0,2025-02-02,Arsenal,Man City,5,1,H,12.0,7.0,7.0,4.0
2425,E0,2025-02-02,Brentford,Tottenham,0,2,A,20.0,13.0,4.0,2.0
2425,E0,2025-02-02,Man United,Crystal Palace,0,2,A,17.0,11.0,2.0,3.0
2425,F1,2025-02-02,Angers,Le Havre,1,1,D,17.0,13.0,2.0,5.0
2425,F1,2025-02-02,Marseille,Lyon,3,2,H,20.0,10.0,11.0,4.0
2425,F1,2025-02-02,Reims,Nantes,1,2,A,13.0,11.0,2.0,6.0
2425,F1,2025-02-02,Rennes,Strasbourg,1,0,H,13.0,7.0,3.0,3.0
2425,F1,2025-02-02,Toulouse,Nice,1,1,D,15.0,13.0,4.0,3.0
2425,I1,2025-02-02,Fiorentina,Genoa,2,1,H,7.0,17.0,6.0,3.0
2425,I1,2025-02-02,Juventus,Empoli,4,1,H,23.0,10.0,8.0,3.0
2425,I1,2025-02-02,Milan,Inter,1,1,D,10.0,16.0,4.0,6.0
2425,I1,2025-02-02,Roma,Napoli,1,1,D,12.0,5.0,2.0,2.0
2425,SP1,2025-02-02,Barcelona,Alaves,1,0,H,11.0,3.0,4.0,0.0
2425,SP1,2025-02-02,Betis,Ath Bilbao,2,2,D,10.0,12.0,6.0,4.0
2425,SP1,2025-02-02,Osasuna,Sociedad,2,1,H,11.0,13.0,4.0,3.0
2425,SP1,2025-02-02,Valencia,Celta,2,1,H,8.0,3.0,5.0,2.0
2425,E0,2025-02-03,Chelsea,West Ham,2,1,H,22.0,14.0,3.0,5.0
2425,I1,2025-02-03,Cagliari,Lazio,1,2,A,15.0,11.0,5.0,6.0
2425,SP1,2025-02-03,Girona,Las Palmas,2,1,H,12.0,10.0,4.0,2.0
2425,I1,2025-02-06,Fiorentina,Inter,3,0,H,10.0,11.0,6.0,2.0
2425,D1,2025-02-07,Bayern Munich,Werder Bremen,3,0,H,21.0,2.0,12.0,0.0
2425,F1,2025-02-07,Nantes,Brest,0,2,A,15.0,10.0,2.0,6.0
2425,F1,2025-02-07,Paris SG,Monaco,4,1,H,16.0,9.0,7.0,3.0
2425,I1,2025-02-07,Como,Juventus,1,2,A,16.0,8.0,6.0,3.0
2425,SP1,2025-02-07,Vallecano,Valladolid,1,0,H,20.0,8.0,6.0,3.0
2425,D1,2025-02-08,Dortmund,Stuttgart,1,2,A,16.0,4.0,5.0,2.0
2425,D1,2025-02-08,Freiburg,Heidenheim,1,0,H,9.0,11.0,3.0,5.0
2425,D1,2025-02-08,Hoffenheim,Union Berlin,0,4,A,16.0,22.0,4.0,7.0
2425,D1,2025-02-08,M'gladbach,Ein Frankfurt,1,1,D,8.0,15.0,3.0,7.0
2425,D1,2025-02-08,Mainz,Augsburg,0,0,D,9.0,9.0,5.0,2.0
2425,D1,2025-02-08,Wolfsburg,Leverkusen,0,0,D,13.0,15.0,8.0,1.0
2425,F1,2025-02-08,Lille,Le Havre,1,2,A,14.0,14.0,5.0,6.0
2425,F1,2025-02-08,Nice,Lens,2,0,H,16.0,12.0,8.0,3.0
2425,F1,2025-02-08,St Etienne,Rennes,0,2,A,9.0,21.0,3.0,9.0
2425,I1,2025-02-08,Empoli,Milan,0,2,A,8.0,16.0,0.0,5.0
2425,I1,2025-02-08,Torino,Genoa,1,1,D,10.0,6.0,3.0,2.0
2425,I1,2025-02-08,Verona,Atalanta,0,5,A,18.0,17.0,7.0,7.0
2425,SP1,2025-02-08,Ath Bilbao,Girona,3,0,H,23.0,3.0,8.0,1.0
2425,SP1,2025-02-08,Celta,Betis,3,2,H,14.0,12.0,6.0,5.0
2425,SP1,2025-02-08,Las Palmas,Villarreal,1,2,A,20.0,9.0,4.0,4.0
2425,SP1,2025-02-08,Real Madrid,Ath Madrid,1,1,D,23.0,10.0,9.0,1.0
2425,D1,2025-02-09,Holstein Kiel,Bochum,2,2,D,10.0,21.0,3.0,6.0
2425,D1,2025-02-09,RB Leipzig,St Pauli,2,0,H,11.0,7.0,6.0,4.0
2425,F1,2025-02-09,Angers,Marseille,0,2,A,5.0,18.0,0.0,10.0
2425,F1,2025-02-09,Auxerre,Toulouse,2,2,D,9.0,7.0,3.0,3.0
2425,F1,2025-02-09,Lyon,Reims,4,0,H,15.0,9.0,9.0,2.0
2425,F1,2025-02-09,Strasbourg,Montpellier,2,0,H,22.0,11.0,6.0,2.0
2425,I1,2025-02-09,Cagliari,Parma,2,1,H,14.0,9.0,3.0,1.0
2425,I1,2025-02-09,Lazio,Monza,5,1,H,26.0,3.0,9.0,1.0
2425,I1,2025-02-09,Lecce,Bologna,0,0,D,6.0,8.0,1.0,2.0
2425,I1,2025-02-09,Napoli,Udinese,1,1,D,18.0,8.0,4.0,4.0
2425,I1,2025-02-09,Venezia,Roma,0,1,A,12.0,13.0,3.0,5.0
2425,SP1,2025-02-09,Alaves,Getafe,0,1,A,12.0,4.0,4.0,3.0
2425,SP1,2025-02-09,Sevilla,Barcelona,1,4,A,8.0,10.0,4.0,6.0
2425,SP1,2025-02-09,Sociedad,Espanol,2,1,H,13.0,4.0,3.0,1.0
2425,SP1,2025-02-09,Valencia,Leganes,2,0,H,18.0,12.0,4.0,4.0
2425,I1,2025-02-10,Inter,Fiorentina,2,1,H,22.0,7.0,8.0,2.0
2425,SP1,2025-02-10,Mallorca,Osasuna,1,1,D,10.0,19.0,2.0,4.0
2425,E0,2025-02-12,Everton,Liverpool,2,2,D,10.0,6.0,3.0,4.0
2425,D1,2025-02-14,Augsburg,RB Leipzig,0,0,D,11.0,14.0,2.0,4.0
2425,E0,2025-02-14,Brighton,Chelsea,3,0,H,13.0,8.0,5.0,0.0
2425,F1,2025-02-14,Brest,Auxerre,2,2,D,18.0,11.0,6.0,6.0
2425,I1,2025-02-14,Bologna,Torino,3,2,H,23.0,8.0,7.0,5.0
2425,SP1,2025-02-14,Girona,Getafe,1,2,A,14.0,10.0,4.0,6.0
2425,D1,2025-02-15,Bochum,Dortmund,2,0,H,18.0,17.0,9.0,2.0
2425,D1,2025-02-15,Leverkusen,Bayern Munich,0,0,D,15.0,2.0,3.0,0.0
2425,D1,2025-02-15,St Pauli,Freiburg,0,1,A,5.0,6.0,1.0,4.0
2425,D1,2025-02-15,Stuttgart,Wolfsburg,1,2,A,10.0,7.0,4.0,3.0
2425,D1,2025-02-15,Union Berlin,M'gladbach,1,2,A,18.0,9.0,3.0,5.0
2425,E0,2025-02-15,Aston Villa,Ipswich,1,1,D,25.0,4.0,6.0,3.0
2425,E0,2025-02-15,Crystal Palace,Everton,1,2,A,17.0,11.0,6.0,6.0
2425,E0,2025-02-15,Fulham,Nott'm Forest,2,1,H,24.0,8.0,10.0,2.0
2425,E0,2025-02-15,Leicester,Arsenal,0,2,A,6.0,11.0,2.0,5.0
2425,E0,2025-02-15,Man City,Newcastle,4,0,H,11.0,3.0,7.0,1.0
2425,E0,2025-02-15,Southampton,Bournemouth,1,3,A,11.0,14.0,4.0,7.0
2425,E0,2025-02-15,West Ham,Brentford,0,1,A,13.0,14.0,3.0,5.0
2425,F1,2025-02-15,Marseille,St Etienne,5,1,H,28.0,7.0,14.0,2.0
2425,F1,2025-02-15,Monaco,Nantes,7,1,H,22.0,6.0,11.0,2.0
2425,F1,2025-02-15,Toulouse,Paris SG,0,1,A,14.0,20.0,4.0,6.0
2425,I1,2025-02-15,Atalanta,Cagliari,0,0,D,9.0,3.0,2.0,0.0
2425,I1,2025-02-15,Lazio,Napoli,2,2,D,12.0,6.0,5.0,3.0
2425,I1,2025-02-15,Milan,Verona,1,0,H,18.0,7.0,3.0,2.0
2425,SP1,2025-02-15,Ath Madrid,Celta,1,1,D,9.0,11.0,3.0,4.0
2425,SP1,2025-02-15,Leganes,Alaves,3,3,D,8.0,16.0,3.0,7.0
2425,SP1,2025-02-15,Osasuna,Real Madrid,1,1,D,11.0,17.0,4.0,6.0
2425,SP1,2025-02-15,Villarreal,Valencia,1,1,D,13.0,12.0,4.0,3.0
2425,D1,2025-02-16,Ein Frankfurt,Holstein Kiel,3,1,H,20.0,10.0,9.0,4.0
2425,D1,2025-02-16,Heidenheim,Mainz,0,2,A,12.0,6.0,3.0,5.0
2425,D1,2025-02-16,Werder Bremen,Hoffenheim,1,3,A,14.0,16.0,1.0,7.0
2425,E0,2025-02-16,Liverpool,Wolves,2,1,H,10.0,16.0,3.0,4.0
2425,E0,2025-02-16,Tottenham,Man United,1,0,H,22.0,16.0,7.0,6.0
2425,F1,2025-02-16,Le Havre,Nice,1,3,A,14.0,9.0,4.0,3.0
2425,F1,2025-02-16,Lens,Strasbourg,0,2,A,7.0,13.0,0.0,5.0
2425,F1,2025-02-16,Montpellier,Lyon,1,4,A,11.0,9.0,4.0,6.0
2425,F1,2025-02-16,Reims,Angers,0,1,A,16.0,10.0,4.0,3.0
2425,F1,2025-02-16,Rennes,Lille,0,2,A,4.0,18.0,0.0,7.0
2425,I1,2025-02-16,Fiorentina,Como,0,2,A,5.0,8.0,3.0,4.0
2425,I1,2025-02-16,Juventus,Inter,1,0,H,16.0,17.0,8.0,2.0
2425,I1,2025-02-16,Monza,Lecce,0,0,D,8.0,19.0,3.0,5.0
2425,I1,2025-02-16,Parma,Roma,0,1,A,5.0,16.0,1.0,4.0
2425,I1,2025-02-16,Udinese,Empoli,3,0,H,17.0,16.0,9.0,4.0
2425,SP1,2025-02-16,Betis,Sociedad,3,0,H,24.0,5.0,8.0,1.0
2425,SP1,2025-02-16,Espanol,Ath Bilbao,1,1,D,12.0,14.0,4.0,4.0
2425,SP1,2025-02-16,Mallorca,Las Palmas,3,1,H,14.0,9.0,5.0,4.0
2425,SP1,2025-02-16,Valladolid,Sevilla,0,4,A,7.0,11.0,2.0,6.0
2425,I1,2025-02-17,Genoa,Venezia,2,0,H,14.0,7.0,5.0,3.0
2425,SP1,2025-02-17,Barcelona,Vallecano,1,0,H,14.0,9.0,5.0,4.0
2425,E0,2025-02-19,Aston Villa,Liverpool,2,2,D,9.0,17.0,4.0,3.0
2425,D1,2025-02-21,Freiburg,Werder Bremen,5,0,H,13.0,9.0,8.0,3.0
2425,E0,2025-02-21,Leicester,Brentford,0,4,A,8.0,14.0,3.0,6.0
2425,F1,2025-02-21,Rennes,Reims,1,0,H,26.0,3.0,5.0,0.0
2425,I1,2025-02-21,Lecce,Udinese,0,1,A,10.0,12.0,1.0,5.0
2425,SP1,2025-02-21,Celta,Osasuna,1,0,H,12.0,18.0,5.0,1.0
2425,D1,2025-02-22,Dortmund,Union Berlin,6,0,H,24.0,6.0,8.0,1.0
2425,D1,2025-02-22,Holstein Kiel,Leverkusen,0,2,A,4.0,18.0,3.0,8.0
2425,D1,2025-02-22,M'gladbach,Augsburg,0,3,A,8.0,17.0,5.0,4.0
2425,D1,2025-02-22,Mainz,St Pauli,2,0,H,10.0,12.0,5.0,0.0
2425,D1,2025-02-22,Wolfsburg,Bochum,1,1,D,13.0,11.0,6.0,5.0
2425,E0,2025-02-22,Arsenal,West Ham,0,1,A,20.0,5.0,2.0,2.0
2425,E0,2025-02-22,Aston Villa,Chelsea,2,1,H,12.0,15.0,6.0,7.0
2425,E0,2025-02-22,Bournemouth,Wolves,0,1,A,8.0,13.0,3.0,5.0
2425,E0,2025-02-22,Everton,Man United,2,2,D,9.0,9.0,8.0,3.0
2425,E0,2025-02-22,Fulham,Crystal Palace,0,2,A,10.0,10.0,0.0,5.0
2425,E0,2025-02-22,Ipswich,Tottenham,1,4,A,17.0,10.0,5.0,6.0
2425,E0,2025-02-22,Southampton,Brighton,0,4,A,6.0,18.0,1.0,12.0
2425,F1,2025-02-22,Auxerre,Marseille,3,0,H,9.0,8.0,5.0,2.0
2425,F1,2025-02-22,Lille,Monaco,2,1,H,9.0,13.0,6.0,3.0
2425,F1,2025-02-22,St Etienne,Angers,3,3,D,19.0,13.0,8.0,4.0
2425,I1,2025-02-22,Inter,Genoa,1,0,H,18.0,11.0,5.0,2.0
2425,I1,2025-02-22,Parma,Bologna,2,0,H,4.0,16.0,3.0,1.0
2425,I1,2025-02-22,Torino,Milan,2,1,H,9.0,26.0,3.0,8.0
2425,I1,2025-02-22,Venezia,Lazio,0,0,D,9.0,9.0,2.0,3.0
2425,SP1,2025-02-22,Alaves,Espanol,0,1,A,15.0,9.0,5.0,2.0
2425,SP1,2025-02-22,Las Palmas,Barcelona,0,2,A,10.0,15.0,2.0,5.0
2425,SP1,2025-02-22,Valencia,Ath Madrid,0,3,A,18.0,11.0,2.0,3.0
2425,SP1,2025-02-22,Vallecano,Villarreal,0,1,A,10.0,10.0,5.0,5.0
2425,D1,2025-02-23,Bayern Munich,Ein Frankfurt,4,0,H,19.0,7.0,12.0,2.0
2425,D1,2025-02-23,Hoffenheim,Stuttgart,1,1,D,9.0,14.0,2.0,7.0
2425,D1,2025-02-23,RB Leipzig,Heidenheim,2,2,D,17.0,4.0,6.0,2.0
2425,E0,2025-02-23,Man City,Liverpool,0,2,A,16.0,8.0,5.0,4.0
2425,E0,2025-02-23,Newcastle,Nott'm Forest,4,3,H,13.0,17.0,5.0,5.0
2425,F1,2025-02-23,Le Havre,Toulouse,1,4,A,11.0,11.0,3.0,5.0
2425,F1,2025-02-23,Lyon,Paris SG,2,3,A,14.0,15.0,7.0,8.0
2425,F1,2025-02-23,Nantes,Lens,3,1,H,17.0,14.0,8.0,4.0
2425,F1,2025-02-23,Nice,Montpellier,2,0,H,16.0,13.0,6.0,1.0
2425,F1,2025-02-23,Strasbourg,Brest,0,0,D,3.0,12.0,1.0,2.0
2425,I1,2025-02-23,Cagliari,Juventus,0,1,A,8.0,14.0,2.0,7.0
2425,I1,2025-02-23,Como,Napoli,2,1,H,8.0,13.0,3.0,4.0
2425,I1,2025-02-23,Empoli,Atalanta,0,5,A,10.0,14.0,1.0,8.0
2425,I1,2025-02-23,Verona,Fiorentina,1,0,H,7.0,8.0,3.0,3.0
2425,SP1,2025-02-23,Ath Bilbao,Valladolid,7,1,H,29.0,5.0,16.0,3.0
2425,SP1,2025-02-23,Getafe,Betis,1,2,A,10.0,13.0,4.0,6.0
2425,SP1,2025-02-23,Real Madrid,Girona,2,0,H,22.0,6.0,5.0,2.0
2425,SP1,2025-02-23,Sociedad,Leganes,3,0,H,12.0,8.0,5.0,2.0
2425,I1,2025-02-24,Roma,Monza,4,0,H,23.0,5.0,6.0,2.0
2425,SP1,2025-02-24,Sevilla,Mallorca,1,1,D,19.0,13.0,4.0,2.0
2425,E0,2025-02-25,Brighton,Bournemouth,2,1,H,11.0,19.0,4.0,5.0
2425,E0,2025-02-25,Chelsea,Southampton,4,0,H,19.0,7.0,10.0,2.0
2425,E0,2025-02-25,Crystal Palace,Aston Villa,4,1,H,19.0,6.0,6.0,2.0
2425,E0,2025-02-25,Wolves,Fulham,1,2,A,18.0,11.0,5.0,5.0
2425,E0,2025-02-26,Brentford,Everton,1,1,D,12.0,14.0,3.0,4.0
2425,E0,2025-02-26,Liverpool,Newcastle,2,0,H,12.0,3.0,3.0,0.0
2425,E0,2025-02-26,Man United,Ipswich,3,2,H,10.0,12.0,6.0,3.0
2425,E0,2025-02-26,Nott'm Forest,Arsenal,0,0,D,6.0,13.0,2.0,1.0
2425,E0,2025-02-26,Tottenham,Man City,0,1,A,11.0,12.0,6.0,5.0
2425,E0,2025-02-27,West Ham,Leicester,2,0,H,8.0,10.0,2.0,2.0
2425,I1,2025-02-27,Bologna,Milan,2,1,H,14.0,8.0,4.0,4.0
2425,D1,2025-02-28,Stuttgart,Bayern Munich,1,3,A,12.0,17.0,3.0,8.0
2425,F1,2025-02-28,Monaco,Reims,3,0,H,23.0,9.0,9.0,5.0
2425,I1,2025-02-28,Fiorentina,Lecce,1,0,H,10.0,8.0,3.0,3.0
2425,SP1,2025-02-28,Valladolid,Las Palmas,1,1,D,23.0,4.0,7.0,3.0
2425,D1,2025-03-01,Bochum,Hoffenheim,0,1,A,12.0,10.0,3.0,2.0
2425,D1,2025-03-01,Ein Frankfurt,Leverkusen,1,4,A,7.0,20.0,3.0,9.0
2425,D1,2025-03-01,Heidenheim,M'gladbach,0,3,A,20.0,13.0,5.0,5.0
2425,D1,2025-03-01,RB Leipzig,Mainz,1,2,A,13.0,15.0,4.0,3.0
2425,D1,2025-03-01,St Pauli,Dortmund,0,2,A,7.0,14.0,1.0,3.0
2425,D1,2025-03-01,Werder Bremen,Wolfsburg,1,2,A,15.0,9.0,7.0,3.0
2425,F1,2025-03-01,Lens,Le Havre,3,4,A,20.0,8.0,7.0,4.0
2425,F1,2025-03-01,Paris SG,Lille,4,1,H,26.0,6.0,11.0,2.0
2425,F1,2025-03-01,St Etienne,Nice,1,3,A,12.0,16.0,3.0,9.0
2425,I1,2025-03-01,Atalanta,Venezia,0,0,D,18.0,8.0,3.0,2.0
2425,I1,2025-03-01,Napoli,Inter,1,1,D,19.0,6.0,4.0,1.0
2425,I1,2025-03-01,Udinese,Parma,1,0,H,20.0,9.0,6.0,4.0
2425,SP1,2025-03-01,Ath Madrid,Ath Bilbao,1,0,H,12.0,15.0,4.0,3.0
2425,SP1,2025-03-01,Betis,Real Madrid,2,1,H,18.0,9.0,3.0,2.0
2425,SP1,2025-03-01,Girona,Celta,2,2,D,9.0,10.0,6.0,6.0
2425,SP1,2025-03-01,Vallecano,Sevilla,1,1,D,20.0,10.0,8.0,5.0
2425,D1,2025-03-02,Augsburg,Freiburg,0,0,D,13.0,7.0,5.0,3.0
2425,D1,2025-03-02,Union Berlin,Holstein Kiel,0,1,A,14.0,10.0,3.0,3.0
2425,F1,2025-03-02,Angers,Toulouse,0,4,A,5.0,19.0,1.0,13.0
2425,F1,2025-03-02,Auxerre,Strasbourg,0,1,A,14.0,6.0,5.0,3.0
2425,F1,2025-03-02,Lyon,Brest,2,1,H,10.0,15.0,4.0,5.0
2425,F1,2025-03-02,Marseille,Nantes,2,0,H,21.0,8.0,5.0,2.0
2425,F1,2025-03-02,Montpellier,Rennes,0,4,A,16.0,15.0,5.0,9.0
2425,I1,2025-03-02,Bologna,Cagliari,2,1,H,15.0,2.0,5.0,1.0
2425,I1,2025-03-02,Genoa,Empoli,1,1,D,5.0,7.0,1.0,1.0
2425,I1,2025-03-02,Milan,Lazio,1,2,A,15.0,21.0,4.0,8.0
2425,I1,2025-03-02,Monza,Torino,0,2,A,9.0,13.0,2.0,7.0
2425,I1,2025-03-02,Roma,Como,2,1,H,11.0,10.0,4.0,3.0
2425,SP1,2025-03-02,Barcelona,Sociedad,4,0,H,33.0,0.0,10.0,0.0
2425,SP1,2025-03-02,Leganes,Getafe,1,0,H,5.0,9.0,1.0,0.0
2425,SP1,2025-03-02,Mallorca,Alaves,1,1,D,15.0,19.0,4.0,7.0
2425,SP1,2025-03-02,Osasuna,Valencia,3,3,D,12.0,12.0,5.0,5.0
2425,I1,2025-03-03,Juventus,Verona,2,0,H,27.0,5.0,9.0,2.0
2425,D1,2025-03-07,M'gladbach,Mainz,1,3,A,12.0,16.0,4.0,8.0
2425,F1,2025-03-07,Toulouse,Monaco,1,1,D,8.0,13.0,3.0,3.0
2425,I1,2025-03-07,Cagliari,Genoa,1,1,D,9.0,8.0,1.0,2.0
2425,D1,2025-03-08,Bayern Munich,Bochum,2,3,A,14.0,8.0,5.0,5.0
2425,D1,2025-03-08,Dortmund,Augsburg,0,1,A,14.0,6.0,1.0,1.0
2425,D1,2025-03-08,Freiburg,RB Leipzig,0,0,D,10.0,18.0,2.0,3.0
2425,D1,2025-03-08,Holstein Kiel,Stuttgart,2,2,D,17.0,5.0,5.0,2.0
2425,D1,2025-03-08,Leverkusen,Werder Bremen,0,2,A,18.0,11.0,4.0,7.0
2425,D1,2025-03-08,Wolfsburg,St Pauli,1,1,D,16.0,14.0,4.0,4.0
2425,E0,2025-03-08,Brentford,Aston Villa,0,1,A,13.0,12.0,3.0,4.0
2425,E0,2025-03-08,Brighton,Fulham,2,1,H,9.0,6.0,4.0,1.0
2425,E0,2025-03-08,Crystal Palace,Ipswich,1,0,H,19.0,15.0,4.0,8.0
2425,E0,2025-03-08,Liverpool,Southampton,3,1,H,28.0,6.0,7.0,4.0
2425,E0,2025-03-08,Nott'm Forest,Man City,1,0,H,9.0,14.0,4.0,3.0
2425,E0,2025-03-08,Wolves,Everton,1,1,D,11.0,12.0,3.0,4.0
2425,F1,2025-03-08,Lille,Montpellier,1,0,H,18.0,10.0,8.0,3.0
2425,F1,2025-03-08,Marseille,Lens,0,1,A,15.0,3.0,6.0,2.0
2425,F1,2025-03-08,Rennes,Paris SG,1,4,A,13.0,19.0,3.0,9.0
2425,I1,2025-03-08,Como,Venezia,1,1,D,12.0,11.0,7.0,6.0
2425,I1,2025-03-08,Inter,Monza,3,2,H,30.0,8.0,9.0,4.0
2425,I1,2025-03-08,Lecce,Milan,2,3,A,11.0,16.0,3.0,9.0
2425,I1,2025-03-08,Parma,Torino,2,2,D,12.0,6.0,4.0,2.0
2425,SP1,2025-03-08,Alaves,Villarreal,1,0,H,5.0,24.0,3.0,2.0
2425,SP1,2025-03-08,Celta,Leganes,2,1,H,7.0,12.0,4.0,6.0
2425,SP1,2025-03-08,Valencia,Valladolid,2,1,H,17.0,11.0,4.0,4.0
2425,D1,2025-03-09,Ein Frankfurt,Union Berlin,1,2,A,14.0,11.0,3.0,3.0
2425,D1,2025-03-09,Hoffenheim,Heidenheim,1,1,D,16.0,23.0,3.0,5.0
2425,E0,2025-03-09,Chelsea,Leicester,1,0,H,20.0,3.0,7.0,3.0
2425,E0,2025-03-09,Man United,Arsenal,1,1,D,10.0,17.0,6.0,6.0
2425,E0,2025-03-09,Tottenham,Bournemouth,2,2,D,12.0,17.0,4.0,8.0
2425,F1,2025-03-09,Brest,Angers,2,0,H,19.0,7.0,7.0,1.0
2425,F1,2025-03-09,Le Havre,St Etienne,1,1,D,13.0,12.0,7.0,3.0
2425,F1,2025-03-09,Nantes,Strasbourg,0,1,A,11.0,9.0,2.0,1.0
2425,F1,2025-03-09,Nice,Lyon,0,2,A,18.0,8.0,4.0,5.0
2425,F1,2025-03-09,Reims,Auxerre,0,2,A,18.0,13.0,4.0,9.0
2425,I1,2025-03-09,Empoli,Roma,0,1,A,3.0,16.0,1.0,7.0
2425,I1,2025-03-09,Juventus,Atalanta,0,4,A,9.0,19.0,2.0,9.0
2425,I1,2025-03-09,Napoli,Fiorentina,2,1,H,19.0,7.0,11.0,2.0
2425,I1,2025-03-09,Verona,Bologna,1,2,A,7.0,12.0,2.0,6.0
2425,SP1,2025-03-09,Ath Bilbao,Mallorca,1,1,D,8.0,9.0,2.0,2.0
2425,SP1,2025-03-09,Betis,Las Palmas,1,0,H,14.0,8.0,6.0,1.0
2425,SP1,2025-03-09,Getafe,Ath Madrid,2,1,H,11.0,4.0,3.0,2.0
2425,SP1,2025-03-09,Real Madrid,Vallecano,2,1,H,10.0,20.0,5.0,6.0
2425,SP1,2025-03-09,Sociedad,Sevilla,0,1,A,7.0,9.0,2.0,4.0
2425,E0,2025-03-10,West Ham,Newcastle,0,1,A,9.0,9.0,2.0,3.0
2425,I1,2025-03-10,Lazio,Udinese,1,1,D,10.0,15.0,5.0,4.0
2425,SP1,2025-03-10,Espanol,Girona,1,1,D,7.0,18.0,4.0,4.0
2425,D1,2025-03-14,St Pauli,Hoffenheim,1,0,H,10.0,4.0,5.0,0.0
2425,F1,2025-03-14,Nice,Auxerre,1,1,D,20.0,10.0,6.0,4.0
2425,I1,2025-03-14,Genoa,Lecce,2,1,H,8.0,15.0,2.0,2.0
2425,SP1,2025-03-14,Las Palmas,Alaves,2,2,D,14.0,9.0,7.0,3.0
2425,D1,2025-03-15,Augsburg,Wolfsburg,1,0,H,9.0,13.0,2.0,2.0
2425,D1,2025-03-15,Mainz,Freiburg,2,2,D,9.0,24.0,4.0,8.0
2425,D1,2025-03-15,RB Leipzig,Dortmund,2,0,H,15.0,25.0,5.0,9.0
2425,D1,2025-03-15,Union Berlin,Bayern Munich,1,1,D,7.0,18.0,3.0,4.0
2425,D1,2025-03-15,Werder Bremen,M'gladbach,2,4,A,23.0,13.0,2.0,7.0
2425,E0,2025-03-15,Bournemouth,Brentford,1,2,A,17.0,10.0,5.0,4.0
2425,E0,2025-03-15,Everton,West Ham,1,1,D,13.0,10.0,5.0,5.0
2425,E0,2025-03-15,Ipswich,Nott'm Forest,2,4,A,11.0,11.0,4.0,6.0
2425,E0,2025-03-15,Man City,Brighton,2,2,D,11.0,15.0,3.0,3.0
2425,E0,2025-03-15,Southampton,Wolves,1,2,A,10.0,5.0,3.0,3.0
2425,F1,2025-03-15,Angers,Monaco,0,2,A,6.0,16.0,2.0,5.0
2425,F1,2025-03-15,Lens,Rennes,1,0,H,9.0,12.0,4.0,5.0
2425,F1,2025-03-15,Nantes,Lille,1,0,H,10.0,13.0,3.0,4.0
2425,I1,2025-03-15,Milan,Como,2,1,H,9.0,15.0,3.0,6.0
2425,I1,2025-03-15,Monza,Parma,1,1,D,12.0,14.0,4.0,6.0
2425,I1,2025-03-15,Torino,Empoli,1,0,H,13.0,16.0,3.0,2.0
2425,I1,2025-03-15,Udinese,Verona,0,1,A,11.0,7.0,3.0,2.0
2425,SP1,2025-03-15,Girona,Valencia,1,1,D,14.0,12.0,4.0,2.0
2425,SP1,2025-03-15,Mallorca,Espanol,2,1,H,20.0,2.0,7.0,0.0
2425,SP1,2025-03-15,Valladolid,Celta,0,1,A,5.0,10.0,2.0,1.0
2425,SP1,2025-03-15,Villarreal,Real Madrid,1,2,A,23.0,9.0,10.0,5.0
2425,D1,2025-03-16,Bochum,Ein Frankfurt,1,3,A,17.0,18.0,7.0,7.0
2425,D1,2025-03-16,Heidenheim,Holstein Kiel,3,1,H,14.0,16.0,5.0,4.0
2425,D1,2025-03-16,Stuttgart,Leverkusen,3,4,A,11.0,16.0,6.0,4.0
2425,E0,2025-03-16,Arsenal,Chelsea,1,0,H,12.0,8.0,4.0,2.0
2425,E0,2025-03-16,Fulham,Tottenham,2,0,H,13.0,12.0,4.0,4.0
2425,E0,2025-03-16,Leicester,Man United,0,3,A,11.0,18.0,3.0,5.0
2425,F1,2025-03-16,Brest,Reims,0,0,D,11.0,12.0,0.0,2.0
2425,F1,2025-03-16,Lyon,Le Havre,4,2,H,16.0,14.0,7.0,5.0
2425,F1,2025-03-16,Montpellier,St Etienne,0,2,A,13.0,11.0,3.0,6.0
2425,F1,2025-03-16,Paris SG,Marseille,3,1,H,16.0,11.0,5.0,2.0
2425,F1,2025-03-16,Strasbourg,Toulouse,2,1,H,10.0,11.0,3.0,7.0
2425,I1,2025-03-16,Atalanta,Inter,0,2,A,16.0,14.0,3.0,5.0
2425,I1,2025-03-16,Bologna,Lazio,5,0,H,13.0,7.0,7.0,2.0
2425,I1,2025-03-16,Fiorentina,Juventus,3,0,H,9.0,11.0,3.0,2.0
2425,I1,2025-03-16,Roma,Cagliari,1,0,H,13.0,11.0,1.0,5.0
2425,I1,2025-03-16,Venezia,Napoli,0,0,D,13.0,15.0,4.0,7.0
2425,SP1,2025-03-16,Ath Madrid,Barcelona,2,4,A,7.0,13.0,2.0,6.0
2425,SP1,2025-03-16,Leganes,Betis,2,3,A,10.0,21.0,4.0,6.0
2425,SP1,2025-03-16,Osasuna,Getafe,1,2,A,12.0,7.0,4.0,4.0
2425,SP1,2025-03-16,Sevilla,Ath Bilbao,0,1,A,11.0,9.0,4.0,4.0
2425,SP1,2025-03-16,Vallecano,Sociedad,2,2,D,10.0,8.0,5.0,4.0
2425,SP1,2025-03-27,Barcelona,Osasuna,3,0,H,19.0,4.0,5.0,0.0
2425,D1,2025-03-28,Leverkusen,Bochum,3,1,H,14.0,8.0,5.0,3.0
2425,F1,2025-03-28,Strasbourg,Lyon,4,2,H,14.0,16.0,7.0,11.0
2425,D1,2025-03-29,Bayern Munich,St Pauli,3,2,H,19.0,10.0,9.0,4.0
2425,D1,2025-03-29,Ein Frankfurt,Stuttgart,1,0,H,19.0,8.0,6.0,2.0
2425,D1,2025-03-29,Hoffenheim,Augsburg,1,1,D,13.0,11.0,4.0,4.0
2425,D1,2025-03-29,Holstein Kiel,Werder Bremen,0,3,A,11.0,14.0,0.0,7.0
2425,D1,2025-03-29,M'gladbach,RB Leipzig,1,0,H,16.0,19.0,3.0,3.0
2425,D1,2025-03-29,Wolfsburg,Heidenheim,0,1,A,11.0,11.0,2.0,4.0
2425,F1,2025-03-29,Monaco,Nice,2,1,H,17.0,9.0,6.0,4.0
2425,F1,2025-03-29,Reims,Marseille,3,1,H,7.0,20.0,5.0,8.0
2425,F1,2025-03-29,St Etienne,Paris SG,1,6,A,11.0,22.0,2.0,10.0
2425,I1,2025-03-29,Como,Empoli,1,1,D,16.0,14.0,5.0,4.0
2425,I1,2025-03-29,Juventus,Genoa,1,0,H,9.0,9.0,6.0,3.0
2425,I1,2025-03-29,Lecce,Roma,0,1,A,17.0,16.0,4.0,6.0
2425,I1,2025-03-29,Venezia,Bologna,0,1,A,6.0,13.0,3.0,4.0
2425,SP1,2025-03-29,Alaves,Vallecano,0,2,A,12.0,11.0,4.0,5.0
2425,SP1,2025-03-29,Espanol,Ath Madrid,1,1,D,8.0,13.0,1.0,2.0
2425,SP1,2025-03-29,Real Madrid,Leganes,3,2,H,24.0,10.0,10.0,4.0
2425,SP1,2025-03-29,Sociedad,Valladolid,2,1,H,12.0,12.0,2.0,5.0
2425,D1,2025-03-30,Dortmund,Mainz,3,1,H,18.0,12.0,7.0,3.0
2425,D1,2025-03-30,Freiburg,Union Berlin,1,2,A,9.0,10.0,3.0,6.0
2425,F1,2025-03-30,Angers,Rennes,0,3,A,9.0,14.0,4.0,6.0
2425,F1,2025-03-30,Auxerre,Montpellier,1,0,H,21.0,12.0,6.0,1.0
2425,F1,2025-03-30,Le Havre,Nantes,3,2,H,16.0,7.0,5.0,2.0
2425,F1,2025-03-30,Lille,Lens,1,0,H,11.0,5.0,5.0,2.0
2425,F1,2025-03-30,Toulouse,Brest,2,4,A,17.0,10.0,4.0,5.0
2425,I1,2025-03-30,Cagliari,Monza,3,0,H,11.0,12.0,4.0,3.0
2425,I1,2025-03-30,Fiorentina,Atalanta,1,0,H,12.0,9.0,4.0,0.0
2425,I1,2025-03-30,Inter,Udinese,2,1,H,13.0,11.0,3.0,4.0
2425,I1,2025-03-30,Napoli,Milan,2,1,H,8.0,17.0,3.0,4.0
2425,SP1,2025-03-30,Ath Bilbao,Osasuna,0,0,D,11.0,5.0,5.0,2.0
2425,SP1,2025-03-30,Barcelona,Girona,4,1,H,21.0,4.0,9.0,2.0
2425,SP1,2025-03-30,Betis,Sevilla,2,1,H,11.0,6.0,3.0,2.0
2425,SP1,2025-03-30,Getafe,Villarreal,1,2,A,11.0,9.0,4.0,3.0
2425,SP1,2025-03-30,Valencia,Mallorca,1,0,H,8.0,8.0,2.0,2.0
2425,I1,2025-03-31,Lazio,Torino,1,1,D,16.0,7.0,6.0,2.0
2425,I1,2025-03-31,Verona,Parma,0,0,D,6.0,10.0,0.0,1.0
2425,SP1,2025-03-31,Celta,Las Palmas,1,1,D,19.0,4.0,7.0,2.0
2425,E0,2025-04-01,Arsenal,Fulham,2,1,H,17.0,9.0,4.0,3.0
2425,E0,2025-04-01,Nott'm Forest,Man United,1,0,H,8.0,23.0,2.0,6.0
2425,E0,2025-04-01,Wolves,West Ham,1,0,H,9.0,10.0,2.0,1.0
2425,E0,2025-04-02,Bournemouth,Ipswich,1,2,A,24.0,10.0,7.0,2.0
2425,E0,2025-04-02,Brighton,Aston Villa,0,3,A,11.0,8.0,4.0,5.0
2425,E0,2025-04-02,Liverpool,Everton,1,0,H,17.0,5.0,3.0,0.0
2425,E0,2025-04-02,Man City,Leicester,2,0,H,18.0,2.0,5.0,0.0
2425,E0,2025-04-02,Newcastle,Brentford,2,1,H,21.0,12.0,4.0,3.0
2425,E0,2025-04-02,Southampton,Crystal Palace,1,1,D,8.0,9.0,2.0,3.0
2425,E0,2025-04-03,Chelsea,Tottenham,1,0,H,11.0,8.0,5.0,2.0
2425,D1,2025-04-04,Augsburg,Bayern Munich,1,3,A,6.0,19.0,3.0,7.0
2425,F1,2025-04-04,Nice,Nantes,1,2,A,21.0,8.0,9.0,4.0
2425,I1,2025-04-04,Genoa,Udinese,1,0,H,13.0,5.0,7.0,2.0
2425,SP1,2025-04-04,Vallecano,Espanol,0,4,A,16.0,15.0,5.0,7.0
2425,D1,2025-04-05,Bochum,Stuttgart,0,4,A,11.0,14.0,2.0,6.0
2425,D1,2025-04-05,Freiburg,Dortmund,1,4,A,12.0,18.0,3.0,7.0
2425,D1,2025-04-05,Heidenheim,Leverkusen,0,1,A,10.0,6.0,2.0,2.0
2425,D1,2025-04-05,Mainz,Holstein Kiel,1,1,D,13.0,10.0,3.0,5.0
2425,D1,2025-04-05,RB Leipzig,Hoffenheim,3,1,H,16.0,9.0,5.0,5.0
2425,D1,2025-04-05,Werder Bremen,Ein Frankfurt,2,0,H,12.0,9.0,4.0,0.0
2425,E0,2025-04-05,Aston Villa,Nott'm Forest,2,1,H,17.0,19.0,8.0,3.0
2425,E0,2025-04-05,Crystal Palace,Brighton,2,1,H,8.0,11.0,3.0,5.0
2425,E0,2025-04-05,Everton,Arsenal,1,1,D,5.0,14.0,2.0,5.0
2425,E0,2025-04-05,Ipswich,Wolves,1,2,A,6.0,22.0,2.0,7.0
2425,E0,2025-04-05,West Ham,Bournemouth,2,2,D,9.0,11.0,3.0,4.0
2425,F1,2025-04-05,Brest,Monaco,2,1,H,13.0,10.0,4.0,3.0
2425,F1,2025-04-05,Lyon,Lille,2,1,H,10.0,10.0,4.0,4.0
2425,F1,2025-04-05,Paris SG,Angers,1,0,H,20.0,5.0,6.0,0.0
2425,I1,2025-04-05,Milan,Fiorentina,2,2,D,19.0,15.0,6.0,8.0
2425,I1,2025-04-05,Monza,Como,1,3,A,8.0,17.0,4.0,7.0
2425,I1,2025-04-05,Parma,Inter,2,2,D,8.0,20.0,4.0,4.0
2425,SP1,2025-04-05,Barcelona,Betis,1,1,D,13.0,6.0,5.0,2.0
2425,SP1,2025-04-05,Girona,Alaves,0,1,A,11.0,14.0,6.0,3.0
2425,SP1,2025-04-05,Mallorca,Celta,1,2,A,7.0,10.0,2.0,4.0
2425,SP1,2025-04-05,Real Madrid,Valencia,1,2,A,21.0,10.0,9.0,2.0
2425,D1,2025-04-06,St Pauli,M'gladbach,1,1,D,26.0,5.0,9.0,3.0
2425,D1,2025-04-06,Union Berlin,Wolfsburg,1,0,H,13.0,12.0,3.0,3.0
2425,E0,2025-04-06,Brentford,Chelsea,0,0,D,9.0,21.0,2.0,5.0
2425,E0,2025-04-06,Fulham,Liverpool,3,2,H,12.0,14.0,6.0,6.0
2425,E0,2025-04-06,Man United,Man City,0,0,D,13.0,9.0,2.0,5.0
2425,E0,2025-04-06,Tottenham,Southampton,3,1,H,13.0,12.0,8.0,4.0
2425,F1,2025-04-06,Lens,St Etienne,1,0,H,20.0,8.0,5.0,3.0
2425,F1,2025-04-06,Marseille,Toulouse,3,2,H,9.0,8.0,4.0,3.0
2425,F1,2025-04-06,Montpellier,Le Havre,0,2,A,14.0,13.0,6.0,4.0
2425,F1,2025-04-06,Reims,Strasbourg,0,1,A,14.0,13.0,7.0,4.0
2425,F1,2025-04-06,Rennes,Auxerre,0,1,A,18.0,11.0,5.0,3.0
2425,I1,2025-04-06,Atalanta,Lazio,0,1,A,10.0,8.0,2.0,3.0
2425,I1,2025-04-06,Empoli,Cagliari,0,0,D,7.0,7.0,1.0,1.0
2425,I1,2025-04-06,Lecce,Venezia,1,1,D,23.0,13.0,4.0,3.0
2425,I1,2025-04-06,Roma,Juventus,1,1,D,11.0,11.0,4.0,7.0
2425,I1,2025-04-06,Torino,Verona,1,1,D,7.0,13.0,3.0,1.0
2425,SP1,2025-04-06,Las Palmas,Sociedad,1,3,A,13.0,13.0,5.0,8.0
2425,SP1,2025-04-06,Sevilla,Ath Madrid,1,2,A,11.0,13.0,6.0,5.0
2425,SP1,2025-04-06,Valladolid,Getafe,0,4,A,5.0,16.0,0.0,9.0
2425,SP1,2025-04-06,Villarreal,Ath Bilbao,0,0,D,12.0,11.0,4.0,2.0
2425,E0,2025-04-07,Leicester,Newcastle,0,3,A,7.0,16.0,2.0,5.0
2425,I1,2025-04-07,Bologna,Napoli,1,1,D,12.0,6.0,4.0,2.0
2425,SP1,2025-04-07,Leganes,Osasuna,1,1,D,13.0,14.0,7.0,6.0
2425,D1,2025-04-11,Wolfsburg,RB Leipzig,2,3,A,17.0,16.0,6.0,5.0
2425,F1,2025-04-11,Lens,Reims,0,2,A,37.0,10.0,14.0,2.0
2425,I1,2025-04-11,Udinese,Milan,0,4,A,14.0,14.0,5.0,7.0
2425,SP1,2025-04-11,Valencia,Sevilla,1,0,H,8.0,12.0,6.0,5.0
2425,D1,2025-04-12,Bayern Munich,Dortmund,2,2,D,28.0,11.0,11.0,3.0
2425,D1,2025-04-12,Bochum,Augsburg,1,2,A,25.0,12.0,9.0,5.0
2425,D1,2025-04-12,Hoffenheim,Mainz,2,0,H,8.0,14.0,5.0,1.0
2425,D1,2025-04-12,Holstein Kiel,St Pauli,1,2,A,6.0,14.0,2.0,6.0
2425,D1,2025-04-12,Leverkusen,Union Berlin,0,0,D,16.0,7.0,3.0,3.0
2425,D1,2025-04-12,M'gladbach,Freiburg,1,2,A,10.0,19.0,1.0,7.0
2425,E0,2025-04-12,Arsenal,Brentford,1,1,D,14.0,3.0,3.0,2.0
2425,E0,2025-04-12,Brighton,Leicester,2,2,D,21.0,15.0,7.0,6.0
2425,E0,2025-04-12,Man City,Crystal Palace,5,2,H,21.0,8.0,9.0,3.0
2425,E0,2025-04-12,Nott'm Forest,Everton,0,1,A,10.0,13.0,5.0,5.0
2425,E0,2025-04-12,Southampton,Aston Villa,0,3,A,7.0,25.0,2.0,10.0
2425,F1,2025-04-12,Monaco,Marseille,3,0,H,15.0,8.0,10.0,4.0
2425,F1,2025-04-12,Strasbourg,Nice,2,2,D,11.0,23.0,4.0,6.0
2425,F1,2025-04-12,Toulouse,Lille,1,2,A,10.0,6.0,5.0,3.0
2425,I1,2025-04-12,Inter,Cagliari,3,1,H,13.0,8.0,4.0,4.0
2425,I1,2025-04-12,Juventus,Lecce,2,1,H,22.0,14.0,7.0,3.0
2425,I1,2025-04-12,Venezia,Monza,1,0,H,9.0,10.0,4.0,3.0
2425,SP1,2025-04-12,Celta,Espanol,0,2,A,16.0,5.0,6.0,3.0
2425,SP1,2025-04-12,Getafe,Las Palmas,1,3,A,11.0,10.0,6.0,5.0
2425,SP1,2025-04-12,Leganes,Barcelona,0,1,A,6.0,12.0,1.0,3.0
2425,SP1,2025-04-12,Sociedad,Mallorca,0,2,A,15.0,7.0,4.0,3.0
2425,D1,2025-04-13,Ein Frankfurt,Heidenheim,3,0,H,19.0,14.0,8.0,3.0
2425,D1,2025-04-13,Stuttgart,Werder Bremen,1,2,A,12.0,14.0,4.0,5.0
2425,E0,2025-04-13,Chelsea,Ipswich,2,2,D,34.0,13.0,9.0,4.0
2425,E0,2025-04-13,Liverpool,West Ham,2,1,H,15.0,11.0,6.0,4.0
2425,E0,2025-04-13,Newcastle,Man United,4,1,H,13.0,9.0,6.0,5.0
2425,E0,2025-04-13,Wolves,Tottenham,4,2,H,13.0,11.0,5.0,4.0
2425,F1,2025-04-13,Angers,Montpellier,2,0,H,10.0,4.0,4.0,1.0
2425,F1,2025-04-13,Auxerre,Lyon,1,3,A,14.0,13.0,3.0,7.0
2425,F1,2025-04-13,Le Havre,Rennes,1,5,A,11.0,10.0,2.0,6.0
2425,F1,2025-04-13,St Etienne,Brest,3,3,D,9.0,14.0,4.0,6.0
2425,I1,2025-04-13,Atalanta,Bologna,2,0,H,4.0,12.0,2.0,5.0
2425,I1,2025-04-13,Como,Torino,1,0,H,15.0,10.0,7.0,4.0
2425,I1,2025-04-13,Fiorentina,Parma,0,0,D,9.0,7.0,3.0,3.0
2425,I1,2025-04-13,Lazio,Roma,1,1,D,12.0,9.0,7.0,4.0
2425,I1,2025-04-13,Verona,Genoa,0,0,D,14.0,4.0,2.0,1.0
2425,SP1,2025-04-13,Alaves,Real Madrid,0,1,A,13.0,11.0,6.0,4.0
2425,SP1,2025-04-13,Ath Bilbao,Vallecano,3,1,H,13.0,11.0,4.0,3.0
2425,SP1,2025-04-13,Betis,Villarreal,1,2,A,24.0,8.0,5.0,2.0
2425,SP1,2025-04-13,Osasuna,Girona,2,1,H,13.0,18.0,6.0,8.0
2425,E0,2025-04-14,Bournemouth,Fulham,1,0,H,12.0,12.0,3.0,7.0
2425,I1,2025-04-14,Napoli,Empoli,3,0,H,17.0,12.0,6.0,1.0
2425,SP1,2025-04-14,Ath Madrid,Valladolid,4,2,H,24.0,6.0,9.0,3.0
2425,E0,2025-04-16,Newcastle,Crystal Palace,5,0,H,14.0,11.0,7.0,4.0
2425,F1,2025-04-18,Rennes,Nantes,2,1,H,19.0,4.0,5.0,1.0
2425,SP1,2025-04-18,Espanol,Getafe,1,0,H,9.0,9.0,3.0,4.0
2425,D1,2025-04-19,Freiburg,Hoffenheim,3,2,H,12.0,19.0,6.0,6.0
2425,D1,2025-04-19,Heidenheim,Bayern Munich,0,4,A,4.0,18.0,1.0,11.0
2425,D1,2025-04-19,Mainz,Wolfsburg,2,2,D,18.0,16.0,7.0,4.0
2425,D1,2025-04-19,RB Leipzig,Holstein Kiel,1,1,D,10.0,13.0,4.0,3.0
2425,D1,2025-04-19,Union Berlin,Stuttgart,4,4,D,12.0,13.0,5.0,6.0
2425,D1,2025-04-19,Werder Bremen,Bochum,1,0,H,14.0,12.0,4.0,1.0
2425,E0,2025-04-19,Aston Villa,Newcastle,4,1,H,23.0,10.0,9.0,3.0
2425,E0,2025-04-19,Brentford,Brighton,4,2,H,16.0,12.0,8.0,3.0
2425,E0,2025-04-19,Crystal Palace,Bournemouth,0,0,D,5.0,15.0,0.0,4.0
2425,E0,2025-04-19,Everton,Man City,0,2,A,8.0,12.0,3.0,7.0
2425,E0,2025-04-19,West Ham,Southampton,1,1,D,12.0,15.0,4.0,4.0
2425,F1,2025-04-19,Marseille,Montpellier,5,1,H,18.0,6.0,8.0,1.0
2425,F1,2025-04-19,Monaco,Strasbourg,0,0,D,12.0,5.0,4.0,2.0
2425,F1,2025-04-19,Paris SG,Le Havre,2,1,H,18.0,9.0,11.0,1.0
2425,I1,2025-04-19,Lecce,Como,0,3,A,14.0,11.0,7.0,6.0
2425,I1,2025-04-19,Monza,Napoli,0,1,A,8.0,16.0,0.0,5.0
2425,I1,2025-04-19,Roma,Verona,1,0,H,6.0,8.0,3.0,2.0
2425,SP1,2025-04-19,Barcelona,Celta,4,3,H,18.0,11.0,6.0,8.0
2425,SP1,2025-04-19,Las Palmas,Ath Madrid,1,0,H,8.0,7.0,2.0,2.0
2425,SP1,2025-04-19,Mallorca,Leganes,0,0,D,11.0,15.0,1.0,1.0
2425,SP1,2025-04-19,Vallecano,Valencia,1,1,D,11.0,10.0,4.0,3.0
2425,D1,2025-04-20,Augsburg,Ein Frankfurt,0,0,D,13.0,8.0,2.0,5.0
2425,D1,2025-04-20,Dortmund,M'gladbach,3,2,H,14.0,6.0,6.0,3.0
2425,D1,2025-04-20,St Pauli,Leverkusen,1,1,D,10.0,6.0,5.0,4.0
2425,E0,2025-04-20,Fulham,Chelsea,1,2,A,6.0,13.0,1.0,8.0
2425,E0,2025-04-20,Ipswich,Arsenal,0,4,A,4.0,24.0,0.0,7.0
2425,E0,2025-04-20,Leicester,Liverpool,0,1,A,5.0,28.0,0.0,10.0
2425,E0,2025-04-20,Man United,Wolves,0,1,A,12.0,4.0,2.0,2.0
2425,F1,2025-04-20,Brest,Lens,1,3,A,11.0,17.0,5.0,9.0
2425,F1,2025-04-20,Lille,Auxerre,3,1,H,15.0,7.0,9.0,3.0
2425,F1,2025-04-20,Nice,Angers,2,1,H,22.0,5.0,8.0,2.0
2425,F1,2025-04-20,Reims,Toulouse,1,0,H,8.0,18.0,2.0,6.0
2425,F1,2025-04-20,St Etienne,Lyon,2,1,H,18.0,14.0,6.0,2.0
2425,I1,2025-04-20,Bologna,Inter,1,0,H,12.0,8.0,3.0,1.0
2425,I1,2025-04-20,Empoli,Venezia,2,2,D,11.0,13.0,4.0,7.0
2425,I1,2025-04-20,Milan,Atalanta,0,1,A,12.0,11.0,1.0,2.0
2425,SP1,2025-04-20,Real Madrid,Ath Bilbao,1,0,H,22.0,3.0,7.0,1.0
2425,SP1,2025-04-20,Sevilla,Alaves,1,1,D,10.0,11.0,2.0,3.0
2425,SP1,2025-04-20,Valladolid,Osasuna,2,3,A,12.0,11.0,5.0,6.0
2425,SP1,2025-04-20,Villarreal,Sociedad,2,2,D,20.0,4.0,5.0,4.0
2425,E0,2025-04-21,Tottenham,Nott'm Forest,1,2,A,22.0,4.0,6.0,3.0
2425,SP1,2025-04-21,Girona,Betis,1,3,A,11.0,17.0,5.0,9.0
2425,E0,2025-04-22,Man City,Aston Villa,2,1,H,14.0,7.0,6.0,3.0
2425,F1,2025-04-22,Nantes,Paris SG,1,1,D,8.0,10.0,2.0,5.0
2425,SP1,2025-04-22,Barcelona,Mallorca,1,0,H,40.0,4.0,13.0,0.0
2425,SP1,2025-04-22,Valencia,Espanol,1,1,D,16.0,8.0,7.0,3.0
2425,E0,2025-04-23,Arsenal,Crystal Palace,2,2,D,12.0,15.0,6.0,4.0
2425,I1,2025-04-23,Cagliari,Fiorentina,1,2,A,8.0,8.0,2.0,4.0
2425,I1,2025-04-23,Genoa,Lazio,0,2,A,8.0,15.0,4.0,6.0
2425,I1,2025-04-23,Parma,Juventus,1,0,H,6.0,16.0,3.0,2.0
2425,I1,2025-04-23,Torino,Udinese,2,0,H,10.0,10.0,4.0,6.0
2425,SP1,2025-04-23,Alaves,Sociedad,1,0,H,10.0,6.0,1.0,0.0
2425,SP1,2025-04-23,Ath Bilbao,Las Palmas,1,0,H,13.0,10.0,4.0,2.0
2425,SP1,2025-04-23,Celta,Villarreal,3,0,H,21.0,4.0,9.0,1.0
2425,SP1,2025-04-23,Getafe,Real Madrid,0,1,A,20.0,14.0,6.0,7.0
2425,SP1,2025-04-24,Ath Madrid,Vallecano,3,0,H,10.0,12.0,5.0,5.0
2425,SP1,2025-04-24,Betis,Valladolid,5,1,H,16.0,10.0,6.0,5.0
2425,SP1,2025-04-24,Leganes,Girona,1,1,D,7.0,8.0,1.0,3.0
2425,SP1,2025-04-24,Osasuna,Sevilla,1,0,H,9.0,12.0,2.0,3.0
2425,D1,2025-04-25,Stuttgart,Heidenheim,0,1,A,19.0,6.0,3.0,2.0
2425,F1,2025-04-25,Paris SG,Nice,1,3,A,32.0,7.0,13.0,3.0
2425,D1,2025-04-26,Bayern Munich,Mainz,3,0,H,14.0,8.0,6.0,3.0
2425,D1,2025-04-26,Ein Frankfurt,RB Leipzig,4,0,H,9.0,7.0,6.0,3.0
2425,D1,2025-04-26,Hoffenheim,Dortmund,2,3,A,11.0,16.0,3.0,8.0
2425,D1,2025-04-26,Holstein Kiel,M'gladbach,4,3,H,22.0,16.0,11.0,7.0
2425,D1,2025-04-26,Leverkusen,Augsburg,2,0,H,14.0,11.0,5.0,2.0
2425,D1,2025-04-26,Wolfsburg,Freiburg,0,1,A,8.0,15.0,1.0,2.0
2425,E0,2025-04-26,Brighton,West Ham,3,2,H,16.0,12.0,9.0,4.0
2425,E0,2025-04-26,Chelsea,Everton,1,0,H,10.0,6.0,7.0,3.0
2425,E0,2025-04-26,Newcastle,Ipswich,3,0,H,25.0,4.0,5.0,0.0
2425,E0,2025-04-26,Southampton,Fulham,1,2,A,7.0,26.0,3.0,5.0
2425,E0,2025-04-26,Wolves,Leicester,3,0,H,20.0,8.0,6.0,2.0
2425,F1,2025-04-26,Le Havre,Monaco,1,1,D,9.0,19.0,3.0,7.0
2425,F1,2025-04-26,Lyon,Rennes,4,1,H,14.0,10.0,8.0,4.0
2425,F1,2025-04-26,Strasbourg,St Etienne,3,1,H,18.0,17.0,7.0,6.0
2425,D1,2025-04-27,Bochum,Union Berlin,1,1,D,10.0,5.0,4.0,1.0
2425,D1,2025-04-27,Werder Bremen,St Pauli,0,0,D,11.0,10.0,2.0,4.0
2425,E0,2025-04-27,Bournemouth,Man United,1,1,D,8.0,25.0,1.0,6.0
2425,E0,2025-04-27,Liverpool,Tottenham,5,1,H,25.0,8.0,8.0,3.0
2425,F1,2025-04-27,Angers,Lille,0,2,A,6.0,9.0,3.0,5.0
2425,F1,2025-04-27,Lens,Auxerre,0,4,A,16.0,12.0,5.0,8.0
2425,F1,2025-04-27,Marseille,Brest,4,1,H,11.0,9.0,7.0,4.0
2425,F1,2025-04-27,Montpellier,Reims,0,0,D,12.0,8.0,2.0,3.0
2425,F1,2025-04-27,Nantes,Toulouse,0,0,D,11.0,6.0,3.0,3.0
2425,I1,2025-04-27,Atalanta,Lecce,1,1,D,21.0,10.0,6.0,3.0
2425,I1,2025-04-27,Como,Genoa,1,0,H,14.0,4.0,3.0,1.0
2425,I1,2025-04-27,Fiorentina,Empoli,2,1,H,6.0,8.0,3.0,5.0
2425,I1,2025-04-27,Inter,Roma,0,1,A,17.0,19.0,2.0,7.0
2425,I1,2025-04-27,Juventus,Monza,2,0,H,10.0,12.0,5.0,3.0
2425,I1,2025-04-27,Napoli,Torino,2,0,H,8.0,9.0,2.0,0.0
2425,I1,2025-04-27,Venezia,Milan,0,2,A,15.0,12.0,2.0,2.0
2425,SP1,2025-04-27,Villarreal,Espanol,1,0,H,14.0,12.0,5.0,1.0
2425,I1,2025-04-28,Lazio,Parma,2,2,D,14.0,7.0,7.0,5.0
2425,I1,2025-04-28,Udinese,Bologna,0,0,D,13.0,12.0,4.0,1.0
2425,I1,2025-04-28,Verona,Cagliari,0,2,A,6.0,6.0,2.0,4.0
2425,E0,2025-05-01,Nott'm Forest,Brentford,0,2,A,14.0,11.0,5.0,3.0
2425,D1,2025-05-02,Heidenheim,Bochum,0,0,D,11.0,14.0,3.0,3.0
2425,E0,2025-05-02,Man City,Wolves,1,0,H,9.0,6.0,2.0,1.0
2425,F1,2025-05-02,Nice,Reims,1,0,H,8.0,16.0,2.0,3.0
2425,I1,2025-05-02,Torino,Venezia,1,1,D,19.0,7.0,4.0,3.0
2425,SP1,2025-05-02,Vallecano,Getafe,1,0,H,13.0,12.0,8.0,1.0
2425,D1,2025-05-03,Dortmund,Wolfsburg,4,0,H,11.0,11.0,5.0,2.0
2425,D1,2025-05-03,M'gladbach,Hoffenheim,4,4,D,12.0,26.0,7.0,8.0
2425,D1,2025-05-03,RB Leipzig,Bayern Munich,3,3,D,8.0,20.0,6.0,6.0
2425,D1,2025-05-03,St Pauli,Stuttgart,0,1,A,6.0,21.0,1.0,8.0
2425,D1,2025-05-03,Union Berlin,Werder Bremen,2,2,D,17.0,13.0,7.0,6.0
2425,E0,2025-05-03,Arsenal,Bournemouth,1,2,A,13.0,9.0,4.0,2.0
2425,E0,2025-05-03,Aston Villa,Fulham,1,0,H,10.0,11.0,3.0,3.0
2425,E0,2025-05-03,Everton,Ipswich,2,2,D,8.0,12.0,3.0,5.0
2425,E0,2025-05-03,Leicester,Southampton,2,0,H,14.0,8.0,4.0,2.0
2425,F1,2025-05-03,St Etienne,Monaco,1,3,A,11.0,12.0,1.0,6.0
2425,F1,2025-05-03,Strasbourg,Paris SG,2,1,H,9.0,20.0,2.0,4.0
2425,F1,2025-05-03,Toulouse,Rennes,2,1,H,9.0,15.0,3.0,6.0
2425,I1,2025-05-03,Cagliari,Udinese,1,2,A,8.0,11.0,2.0,3.0
2425,I1,2025-05-03,Inter,Verona,1,0,H,9.0,6.0,2.0,1.0
2425,I1,2025-05-03,Lecce,Napoli,0,1,A,9.0,8.0,1.0,2.0
2425,I1,2025-05-03,Parma,Como,0,1,A,13.0,13.0,3.0,4.0
2425,SP1,2025-05-03,Alaves,Ath Madrid,0,0,D,8.0,9.0,2.0,2.0
2425,SP1,2025-05-03,Las Palmas,Valencia,2,3,A,15.0,10.0,3.0,5.0
2425,SP1,2025-05-03,Valladolid,Barcelona,1,2,A,5.0,24.0,4.0,7.0
2425,SP1,2025-05-03,Villarreal,Osasuna,4,2,H,15.0,11.0,5.0,4.0
2425,D1,2025-05-04,Augsburg,Holstein Kiel,1,3,A,27.0,7.0,10.0,5.0
2425,D1,2025-05-04,Freiburg,Leverkusen,2,2,D,8.0,5.0,4.0,2.0
2425,D1,2025-05-04,Mainz,Ein Frankfurt,1,1,D,12.0,8.0,3.0,2.0
2425,E0,2025-05-04,Brentford,Man United,4,3,H,12.0,14.0,6.0,5.0
2425,E0,2025-05-04,Brighton,Newcastle,1,1,D,5.0,13.0,2.0,5.0
2425,E0,2025-05-04,Chelsea,Liverpool,3,1,H,17.0,11.0,7.0,2.0
2425,E0,2025-05-04,West Ham,Tottenham,1,1,D,11.0,7.0,2.0,2.0
2425,F1,2025-05-04,Auxerre,Le Havre,1,2,A,4.0,11.0,1.0,5.0
2425,F1,2025-05-04,Brest,Montpellier,1,0,H,16.0,6.0,5.0,1.0
2425,F1,2025-05-04,Lille,Marseille,1,1,D,5.0,13.0,1.0,6.0
2425,F1,2025-05-04,Lyon,Lens,1,2,A,18.0,8.0,4.0,3.0
2425,F1,2025-05-04,Nantes,Angers,0,1,A,8.0,14.0,3.0,2.0
2425,I1,2025-05-04,Bologna,Juventus,1,1,D,9.0,6.0,2.0,3.0
2425,I1,2025-05-04,Empoli,Lazio,0,1,A,7.0,9.0,2.0,3.0
2425,I1,2025-05-04,Monza,Atalanta,0,4,A,13.0,15.0,7.0,5.0
2425,I1,2025-05-04,Roma,Fiorentina,1,0,H,12.0,13.0,4.0,5.0
2425,SP1,2025-05-04,Espanol,Betis,1,2,A,11.0,20.0,5.0,10.0
2425,SP1,2025-05-04,Real Madrid,Celta,3,2,H,17.0,14.0,6.0,7.0
2425,SP1,2025-05-04,Sevilla,Leganes,2,2,D,25.0,9.0,7.0,3.0
2425,SP1,2025-05-04,Sociedad,Ath Bilbao,0,0,D,12.0,3.0,3.0,1.0
2425,E0,2025-05-05,Crystal Palace,Nott'm Forest,1,1,D,20.0,12.0,3.0,4.0
2425,I1,2025-05-05,Genoa,Milan,1,2,A,11.0,10.0,4.0,5.0
2425,SP1,2025-05-05,Girona,Mallorca,1,0,H,13.0,9.0,6.0,1.0
2425,D1,2025-05-09,Wolfsburg,Hoffenheim,2,2,D,14.0,17.0,5.0,7.0
2425,I1,2025-05-09,Milan,Bologna,3,1,H,10.0,10.0,5.0,4.0
2425,SP1,2025-05-09,Las Palmas,Vallecano,0,1,A,11.0,16.0,2.0,5.0
2425,D1,2025-05-10,Bayern Munich,M'gladbach,2,0,H,24.0,16.0,9.0,6.0
2425,D1,2025-05-10,Bochum,Mainz,1,4,A,11.0,22.0,6.0,8.0
2425,D1,2025-05-10,Holstein Kiel,Freiburg,1,2,A,15.0,9.0,3.0,4.0
2425,D1,2025-05-10,Union Berlin,Heidenheim,0,3,A,10.0,8.0,1.0,4.0
2425,D1,2025-05-10,Werder Bremen,RB Leipzig,0,0,D,21.0,16.0,6.0,4.0
2425,E0,2025-05-10,Bournemouth,Aston Villa,0,1,A,10.0,6.0,4.0,3.0
2425,E0,2025-05-10,Fulham,Everton,1,3,A,18.0,11.0,6.0,7.0
2425,E0,2025-05-10,Ipswich,Brentford,0,1,A,11.0,15.0,4.0,5.0
2425,E0,2025-05-10,Southampton,Man City,0,0,D,2.0,26.0,0.0,5.0
2425,E0,2025-05-10,Wolves,Brighton,0,2,A,10.0,7.0,3.0,2.0
2425,F1,2025-05-10,Angers,Strasbourg,2,1,H,5.0,15.0,2.0,3.0
2425,F1,2025-05-10,Auxerre,Nantes,1,1,D,9.0,7.0,3.0,2.0
2425,F1,2025-05-10,Brest,Lille,2,0,H,12.0,18.0,4.0,2.0
2425,F1,2025-05-10,Le Havre,Marseille,1,3,A,10.0,22.0,4.0,5.0
2425,F1,2025-05-10,Monaco,Lyon,2,0,H,11.0,9.0,5.0,4.0
2425,F1,2025-05-10,Montpellier,Paris SG,1,4,A,9.0,10.0,4.0,8.0
2425,F1,2025-05-10,Reims,St Etienne,0,2,A,19.0,9.0,3.0,4.0
2425,F1,2025-05-10,Rennes,Nice,2,0,H,10.0,14.0,4.0,6.0
2425,F1,2025-05-10,Toulouse,Lens,1,1,D,9.0,12.0,6.0,2.0
2425,I1,2025-05-10,Como,Cagliari,3,1,H,19.0,9.0,5.0,3.0
2425,I1,2025-05-10,Empoli,Parma,2,1,H,15.0,3.0,4.0,1.0
2425,I1,2025-05-10,Lazio,Juventus,1,1,D,19.0,8.0,6.0,3.0
2425,SP1,2025-05-10,Ath Madrid,Sociedad,4,0,H,13.0,6.0,7.0,1.0
2425,SP1,2025-05-10,Celta,Sevilla,3,2,H,8.0,19.0,4.0,10.0
2425,SP1,2025-05-10,Girona,Villarreal,0,1,A,7.0,14.0,0.0,5.0
2425,SP1,2025-05-10,Mallorca,Valladolid,2,1,H,12.0,16.0,4.0,7.0
2425,SP1,2025-05-10,Valencia,Getafe,3,0,H,10.0,10.0,6.0,3.0
2425,D1,2025-05-11,Ein Frankfurt,St Pauli,2,2,D,13.0,5.0,5.0,2.0
2425,D1,2025-05-11,Leverkusen,Dortmund,2,4,A,19.0,9.0,10.0,5.0
2425,D1,2025-05-11,Stuttgart,Augsburg,4,0,H,29.0,7.0,11.0,0.0
2425,E0,2025-05-11,Liverpool,Arsenal,2,2,D,14.0,15.0,5.0,7.0
2425,E0,2025-05-11,Man United,West Ham,0,2,A,20.0,9.0,5.0,4.0
2425,E0,2025-05-11,Newcastle,Chelsea,2,0,H,15.0,10.0,6.0,3.0
2425,E0,2025-05-11,Nott'm Forest,Leicester,2,2,D,15.0,10.0,4.0,6.0
2425,E0,2025-05-11,Tottenham,Crystal Palace,0,2,A,8.0,23.0,1.0,10.0
2425,I1,2025-05-11,Napoli,Genoa,2,2,D,22.0,8.0,11.0,2.0
2425,I1,2025-05-11,Torino,Inter,0,2,A,17.0,12.0,3.0,7.0
2425,I1,2025-05-11,Udinese,Monza,1,2,A,21.0,5.0,5.0,2.0
2425,I1,2025-05-11,Verona,Lecce,1,1,D,6.0,11.0,2.0,3.0
2425,SP1,2025-05-11,Ath Bilbao,Alaves,1,0,H,11.0,4.0,3.0,1.0
2425,SP1,2025-05-11,Barcelona,Real Madrid,4,3,H,23.0,9.0,9.0,5.0
2425,SP1,2025-05-11,Betis,Osasuna,1,1,D,10.0,16.0,5.0,5.0
2425,SP1,2025-05-11,Leganes,Espanol,3,2,H,13.0,12.0,5.0,6.0
2425,I1,2025-05-12,Atalanta,Roma,2,1,H,16.0,10.0,3.0,4.0
2425,I1,2025-05-12,Venezia,Fiorentina,2,1,H,4.0,5.0,4.0,1.0
2425,SP1,2025-05-13,Sevilla,Las Palmas,1,0,H,10.0,14.0,3.0,3.0
2425,SP1,2025-05-13,Sociedad,Celta,0,1,A,15.0,6.0,5.0,2.0
2425,SP1,2025-05-13,Valladolid,Girona,0,1,A,11.0,13.0,4.0,5.0
2425,SP1,2025-05-14,Alaves,Valencia,1,0,H,11.0,10.0,5.0,3.0
2425,SP1,2025-05-14,Real Madrid,Mallorca,2,1,H,39.0,4.0,13.0,2.0
2425,SP1,2025-05-14,Villarreal,Leganes,3,0,H,17.0,23.0,7.0,6.0
2425,SP1,2025-05-15,Espanol,Barcelona,0,2,A,9.0,12.0,1.0,4.0
2425,SP1,2025-05-15,Getafe,Ath Bilbao,0,2,A,11.0,9.0,1.0,2.0
2425,SP1,2025-05-15,Osasuna,Ath Madrid,2,0,H,9.0,9.0,3.0,5.0
2425,SP1,2025-05-15,Vallecano,Betis,2,2,D,20.0,10.0,6.0,3.0
2425,E0,2025-05-16,Aston Villa,Tottenham,2,0,H,18.0,3.0,7.0,1.0
2425,E0,2025-05-16,Chelsea,Man United,1,0,H,11.0,4.0,3.0,1.0
2425,D1,2025-05-17,Augsburg,Union Berlin,1,2,A,19.0,6.0,4.0,4.0
2425,D1,2025-05-17,Dortmund,Holstein Kiel,3,0,H,19.0,4.0,6.0,2.0
2425,D1,2025-05-17,Freiburg,Ein Frankfurt,1,3,A,8.0,11.0,1.0,6.0
2425,D1,2025-05-17,Heidenheim,Werder Bremen,1,4,A,21.0,13.0,8.0,7.0
2425,D1,2025-05-17,Hoffenheim,Bayern Munich,0,4,A,6.0,14.0,2.0,5.0
2425,D1,2025-05-17,M'gladbach,Wolfsburg,0,1,A,16.0,17.0,3.0,6.0
2425,D1,2025-05-17,Mainz,Leverkusen,2,2,D,20.0,7.0,6.0,4.0
2425,D1,2025-05-17,RB Leipzig,Stuttgart,2,3,A,8.0,15.0,5.0,7.0
2425,D1,2025-05-17,St Pauli,Bochum,0,2,A,10.0,9.0,2.0,6.0
2425,F1,2025-05-17,Lens,Monaco,4,0,H,15.0,6.0,5.0,4.0
2425,F1,2025-05-17,Lille,Reims,2,1,H,21.0,5.0,5.0,2.0
2425,F1,2025-05-17,Lyon,Angers,2,0,H,21.0,13.0,4.0,3.0
2425,F1,2025-05-17,Marseille,Rennes,4,2,H,17.0,9.0,10.0,3.0
2425,F1,2025-05-17,Nantes,Montpellier,3,0,H,18.0,9.0,6.0,0.0
2425,F1,2025-05-17,Nice,Brest,6,0,H,18.0,10.0,9.0,1.0
2425,F1,2025-05-17,Paris SG,Auxerre,3,1,H,21.0,7.0,9.0,2.0
2425,F1,2025-05-17,St Etienne,Toulouse,2,3,A,18.0,17.0,7.0,9.0
2425,F1,2025-05-17,Strasbourg,Le Havre,2,3,A,6.0,10.0,4.0,5.0
2425,I1,2025-05-17,Genoa,Atalanta,2,3,A,12.0,13.0,5.0,6.0
2425,E0,2025-05-18,Arsenal,Newcastle,1,0,H,12.0,14.0,4.0,5.0
2425,E0,2025-05-18,Brentford,Fulham,2,3,A,11.0,16.0,6.0,7.0
2425,E0,2025-05-18,Everton,Southampton,2,0,H,13.0,6.0,5.0,2.0
2425,E0,2025-05-18,Leicester,Ipswich,2,0,H,9.0,20.0,3.0,2.0
2425,E0,2025-05-18,West Ham,Nott'm Forest,1,2,A,16.0,10.0,5.0,5.0
2425,I1,2025-05-18,Cagliari,Venezia,3,0,H,20.0,10.0,5.0,1.0
2425,I1,2025-05-18,Fiorentina,Bologna,3,2,H,6.0,15.0,5.0,3.0
2425,I1,2025-05-18,Inter,Lazio,2,2,D,10.0,12.0,3.0,4.0
2425,I1,2025-05-18,Juventus,Udinese,2,0,H,24.0,7.0,7.0,2.0
2425,I1,2025-05-18,Lecce,Torino,1,0,H,10.0,10.0,4.0,4.0
2425,I1,2025-05-18,Monza,Empoli,1,3,A,12.0,9.0,4.0,4.0
2425,I1,2025-05-18,Parma,Napoli,0,0,D,6.0,7.0,4.0,2.0
2425,I1,2025-05-18,Roma,Milan,3,1,H,15.0,12.0,6.0,3.0
2425,I1,2025-05-18,Verona,Como,1,1,D,16.0,12.0,3.0,5.0
2425,SP1,2025-05-18,Ath Madrid,Betis,4,1,H,20.0,12.0,11.0,7.0
2425,SP1,2025-05-18,Barcelona,Villarreal,2,3,A,24.0,7.0,9.0,3.0
2425,SP1,2025-05-18,Celta,Vallecano,1,2,A,24.0,7.0,7.0,2.0
2425,SP1,2025-05-18,Las Palmas,Leganes,0,1,A,12.0,11.0,3.0,4.0
2425,SP1,2025-05-18,Mallorca,Getafe,1,2,A,7.0,10.0,1.0,4.0
2425,SP1,2025-05-18,Osasuna,Espanol,2,0,H,16.0,16.0,3.0,6.0
2425,SP1,2025-05-18,Sevilla,Real Madrid,0,2,A,6.0,16.0,1.0,6.0
2425,SP1,2025-05-18,Sociedad,Girona,3,2,H,15.0,9.0,9.0,5.0
2425,SP1,2025-05-18,Valencia,Ath Bilbao,0,1,A,6.0,10.0,2.0,4.0
2425,SP1,2025-05-18,Valladolid,Alaves,0,1,A,7.0,14.0,1.0,4.0
2425,E0,2025-05-19,Brighton,Liverpool,3,2,H,25.0,18.0,12.0,5.0
2425,E0,2025-05-20,Crystal Palace,Wolves,4,2,H,14.0,12.0,10.0,3.0
2425,E0,2025-05-20,Man City,Bournemouth,3,1,H,12.0,8.0,5.0,2.0
2425,I1,2025-05-23,Como,Inter,0,2,A,18.0,11.0,4.0,7.0
2425,I1,2025-05-23,Napoli,Cagliari,2,0,H,18.0,4.0,6.0,1.0
2425,SP1,2025-05-23,Betis,Valencia,1,1,D,14.0,9.0,4.0,2.0
2425,I1,2025-05-24,Bologna,Genoa,1,3,A,16.0,5.0,5.0,3.0
2425,I1,2025-05-24,Milan,Monza,2,0,H,21.0,6.0,6.0,2.0
2425,SP1,2025-05-24,Alaves,Osasuna,1,1,D,14.0,19.0,5.0,5.0
2425,SP1,2025-05-24,Espanol,Las Palmas,2,0,H,8.0,10.0,3.0,4.0
2425,SP1,2025-05-24,Getafe,Celta,1,2,A,6.0,15.0,1.0,8.0
2425,SP1,2025-05-24,Leganes,Valladolid,3,0,H,16.0,6.0,6.0,2.0
2425,SP1,2025-05-24,Real Madrid,Sociedad,2,0,H,16.0,9.0,8.0,1.0
2425,SP1,2025-05-24,Vallecano,Mallorca,0,0,D,27.0,9.0,8.0,2.0
2425,E0,2025-05-25,Bournemouth,Leicester,2,0,H,20.0,3.0,7.0,0.0
2425,E0,2025-05-25,Fulham,Man City,0,2,A,13.0,20.0,3.0,5.0
2425,E0,2025-05-25,Ipswich,West Ham,1,3,A,14.0,10.0,4.0,6.0
2425,E0,2025-05-25,Liverpool,Crystal Palace,1,1,D,14.0,8.0,3.0,5.0
2425,E0,2025-05-25,Man United,Aston Villa,2,0,H,25.0,6.0,10.0,1.0
2425,E0,2025-05-25,Newcastle,Everton,0,1,A,17.0,14.0,6.0,6.0
2425,E0,2025-05-25,Nott'm Forest,Chelsea,0,1,A,10.0,6.0,2.0,2.0
2425,E0,2025-05-25,Southampton,Arsenal,1,2,A,7.0,23.0,2.0,8.0
2425,E0,2025-05-25,Tottenham,Brighton,1,4,A,4.0,23.0,2.0,8.0
2425,E0,2025-05-25,Wolves,Brentford,1,1,D,18.0,13.0,6.0,7.0
2425,I1,2025-05-25,Atalanta,Parma,2,3,A,11.0,18.0,5.0,10.0
2425,I1,2025-05-25,Empoli,Verona,1,2,A,14.0,5.0,5.0,2.0
2425,I1,2025-05-25,Lazio,Lecce,0,1,A,26.0,9.0,7.0,3.0
2425,I1,2025-05-25,Torino,Roma,0,2,A,11.0,15.0,4.0,5.0
2425,I1,2025-05-25,Udinese,Fiorentina,2,3,A,12.0,25.0,3.0,11.0
2425,I1,2025-05-25,Venezia,Juventus,2,3,A,12.0,15.0,5.0,5.0
2425,SP1,2025-05-25,Ath Bilbao,Barcelona,0,3,A,10.0,13.0,1.0,4.0
2425,SP1,2025-05-25,Girona,Ath Madrid,0,4,A,2.0,19.0,1.0,11.0
2425,SP1,2025-05-25,Villarreal,Sevilla,4,2,H,12.0,17.0,7.0,6.0
2526,E0,2025-08-15,Liverpool,Bournemouth,4,2,H,19.0,10.0,10.0,3.0
2526,F1,2025-08-15,Rennes,Marseille,1,0,H,12.0,24.0,5.0,2.0
2526,SP1,2025-08-15,Girona,Vallecano,1,3,A,7.0,16.0,2.0,5.0
2526,SP1,2025-08-15,Villarreal,Oviedo,2,0,H,25.0,5.0,10.0,4.0
2526,E0,2025-08-16,Aston Villa,Newcastle,0,0,D,3.0,16.0,3.0,3.0
2526,E0,2025-08-16,Brighton,Fulham,1,1,D,10.0,7.0,4.0,2.0
2526,E0,2025-08-16,Sunderland,West Ham,3,0,H,10.0,12.0,5.0,4.0
2526,E0,2025-08-16,Tottenham,Burnley,3,0,H,16.0,14.0,6.0,4.0
2526,E0,2025-08-16,Wolves,Man City,0,4,A,9.0,15.0,3.0,4.0
2526,F1,2025-08-16,Lens,Lyon,0,1,A,18.0,11.0,5.0,3.0
2526,F1,2025-08-16,Monaco,Le Havre,3,1,H,13.0,9.0,3.0,4.0
2526,F1,2025-08-16,Nice,Toulouse,0,1,A,13.0,10.0,2.0,2.0
2526,SP1,2025-08-16,Alaves,Levante,2,1,H,15.0,7.0,4.0,3.0
2526,SP1,2025-08-16,Mallorca,Barcelona,0,3,A,4.0,24.0,1.0,8.0
2526,SP1,2025-08-16,Valencia,Sociedad,1,1,D,18.0,13.0,2.0,3.0
2526,E0,2025-08-17,Chelsea,Crystal Palace,0,0,D,19.0,12.0,3.0,4.0
2526,E0,2025-08-17,Man United,Arsenal,0,1,A,22.0,9.0,7.0,3.0
2526,E0,2025-08-17,Nott'm Forest,Brentford,3,1,H,11.0,10.0,5.0,3.0
2526,F1,2025-08-17,Angers,Paris FC,1,0,H,8.0,17.0,2.0,7.0
2526,F1,2025-08-17,Auxerre,Lorient,1,0,H,7.0,14.0,3.0,3.0
2526,F1,2025-08-17,Brest,Lille,3,3,D,18.0,10.0,5.0,6.0
2526,F1,2025-08-17,Metz,Strasbourg,0,1,A,2.0,9.0,0.0,4.0
2526,F1,2025-08-17,Nantes,Paris SG,0,1,A,6.0,18.0,0.0,4.0
2526,SP1,2025-08-17,Ath Bilbao,Sevilla,3,2,H,14.0,12.0,3.0,6.0
2526,SP1,2025-08-17,Celta,Getafe,0,2,A,11.0,10.0,3.0,3.0
2526,SP1,2025-08-17,Espanol,Ath Madrid,2,1,H,10.0,15.0,5.0,4.0
2526,E0,2025-08-18,Leeds,Everton,1,0,H,21.0,7.0,3.0,1.0
2526,SP1,2025-08-18,Elche,Betis,1,1,D,6.0,12.0,2.0,4.0
2526,SP1,2025-08-19,Real Madrid,Osasuna,1,0,H,18.0,2.0,5.0,0.0
2526,D1,2025-08-22,Bayern Munich,RB Leipzig,6,0,H,19.0,12.0,10.0,1.0
2526,E0,2025-08-22,West Ham,Chelsea,1,5,A,12.0,12.0,4.0,7.0
2526,F1,2025-08-22,Paris SG,Angers,1,0,H,21.0,3.0,4.0,0.0
2526,SP1,2025-08-22,Betis,Alaves,1,0,H,16.0,11.0,5.0,5.0
2526,D1,2025-08-23,Ein Frankfurt,Werder Bremen,4,1,H,18.0,10.0,5.0,5.0
2526,D1,2025-08-23,Freiburg,Augsburg,1,3,A,16.0,14.0,4.0,5.0
2526,D1,2025-08-23,Heidenheim,Wolfsburg,1,3,A,7.0,15.0,2.0,5.0
2526,D1,2025-08-23,Leverkusen,Hoffenheim,1,2,A,7.0,10.0,2.0,5.0
2526,D1,2025-08-23,St Pauli,Dortmund,3,3,D,11.0,8.0,7.0,7.0
2526,D1,2025-08-23,Union Berlin,Stuttgart,2,1,H,8.0,21.0,2.0,6.0
2526,E0,2025-08-23,Arsenal,Leeds,5,0,H,18.0,3.0,5.0,1.0
2526,E0,2025-08-23,Bournemouth,Wolves,1,0,H,14.0,6.0,4.0,1.0
2526,E0,2025-08-23,Brentford,Aston Villa,1,0,H,9.0,17.0,2.0,2.0
2526,E0,2025-08-23,Burnley,Sunderland,2,0,H,7.0,9.0,2.0,1.0
2526,E0,2025-08-23,Man City,Tottenham,0,2,A,10.0,12.0,4.0,5.0
2526,F1,2025-08-23,Lyon,Metz,3,0,H,13.0,11.0,8.0,2.0
2526,F1,2025-08-23,Marseille,Paris FC,5,2,H,12.0,8.0,7.0,4.0
2526,F1,2025-08-23,Nice,Auxerre,3,1,H,16.0,12.0,6.0,8.0
2526,I1,2025-08-23,Genoa,Lecce,0,0,D,5.0,7.0,2.0,0.0
2526,I1,2025-08-23,Milan,Cremonese,1,2,A,24.0,4.0,6.0,3.0
2526,I1,2025-08-23,Roma,Bologna,1,0,H,14.0,10.0,4.0,2.0
2526,I1,2025-08-23,Sassuolo,Napoli,0,2,A,7.0,13.0,2.0,4.0
2526,SP1,2025-08-23,Ath Madrid,Elche,1,1,D,13.0,6.0,6.0,2.0
2526,SP1,2025-08-23,Levante,Barcelona,2,3,A,8.0,26.0,5.0,10.0
2526,SP1,2025-08-23,Mallorca,Celta,1,1,D,12.0,8.0,4.0,2.0
2526,D1,2025-08-24,M'gladbach,Hamburg,0,0,D,17.0,7.0,4.0,2.0
2526,D1,2025-08-24,Mainz,FC Koln,0,1,A,19.0,12.0,2.0,2.0
2526,E0,2025-08-24,Crystal Palace,Nott'm Forest,1,1,D,8.0,9.0,4.0,1.0
2526,E0,2025-08-24,Everton,Brighton,2,0,H,11.0,13.0,3.0,4.0
2526,E0,2025-08-24,Fulham,Man United,1,1,D,13.0,10.0,4.0,3.0
2526,F1,2025-08-24,Le Havre,Lens,1,2,A,18.0,6.0,6.0,3.0
2526,F1,2025-08-24,Lille,Monaco,1,0,H,18.0,6.0,1.0,1.0
2526,F1,2025-08-24,Lorient,Rennes,4,0,H,22.0,5.0,7.0,1.0
2526,F1,2025-08-24,Strasbourg,Nantes,1,0,H,15.0,9.0,4.0,2.0
2526,F1,2025-08-24,Toulouse,Brest,2,0,H,6.0,16.0,3.0,2.0
2526,I1,2025-08-24,Atalanta,Pisa,1,1,D,21.0,11.0,6.0,2.0
2526,I1,2025-08-24,Cagliari,Fiorentina,1,1,D,14.0,4.0,6.0,1.0
2526,I1,2025-08-24,Como,Lazio,2,0,H,19.0,5.0,6.0,1.0
2526,I1,2025-08-24,Juventus,Parma,2,0,H,25.0,8.0,8.0,2.0
2526,SP1,2025-08-24,Osasuna,Valencia,1,0,H,16.0,4.0,4.0,1.0
2526,SP1,2025-08-24,Oviedo,Real Madrid,0,3,A,6.0,26.0,3.0,10.0
2526,SP1,2025-08-24,Sociedad,Espanol,2,2,D,15.0,14.0,7.0,3.0
2526,SP1,2025-08-24,Villarreal,Girona,5,0,H,19.0,5.0,7.0,2.0
2526,E0,2025-08-25,Newcastle,Liverpool,2,3,A,10.0,5.0,3.0,4.0
2526,I1,2025-08-25,Inter,Torino,5,0,H,20.0,12.0,9.0,4.0
2526,I1,2025-08-25,Udinese,Verona,1,1,D,14.0,9.0,4.0,3.0
2526,SP1,2025-08-25,Ath Bilbao,Vallecano,1,0,H,11.0,6.0,4.0,1.0
2526,SP1,2025-08-25,Sevilla,Getafe,1,2,A,12.0,9.0,3.0,6.0
2526,SP1,2025-08-27,Celta,Betis,1,1,D,14.0,7.0,5.0,2.0
2526,D1,2025-08-29,Hamburg,St Pauli,0,2,A,5.0,17.0,2.0,6.0
2526,F1,2025-08-29,Lens,Brest,3,1,H,30.0,9.0,10.0,2.0
2526,I1,2025-08-29,Cremonese,Sassuolo,3,2,H,11.0,9.0,6.0,6.0
2526,I1,2025-08-29,Lecce,Milan,0,2,A,7.0,14.0,2.0,6.0
2526,SP1,2025-08-29,Elche,Levante,2,0,H,16.0,11.0,5.0,1.0
2526,SP1,2025-08-29,Valencia,Getafe,3,0,H,7.0,11.0,4.0,1.0
2526,D1,2025-08-30,Augsburg,Bayern Munich,2,3,A,10.0,20.0,3.0,10.0
2526,D1,2025-08-30,Hoffenheim,Ein Frankfurt,1,3,A,17.0,9.0,5.0,6.0
2526,D1,2025-08-30,RB Leipzig,Heidenheim,2,0,H,19.0,5.0,5.0,3.0
2526,D1,2025-08-30,Stuttgart,M'gladbach,1,0,H,13.0,15.0,5.0,6.0
2526,D1,2025-08-30,Werder Bremen,Leverkusen,3,3,D,12.0,10.0,5.0,4.0
2526,E0,2025-08-30,Chelsea,Fulham,2,0,H,13.0,11.0,6.0,3.0
2526,E0,2025-08-30,Leeds,Newcastle,0,0,D,10.0,8.0,1.0,2.0
2526,E0,2025-08-30,Man United,Burnley,3,2,H,26.0,6.0,6.0,3.0
2526,E0,2025-08-30,Sunderland,Brentford,2,1,H,12.0,7.0,3.0,4.0
2526,E0,2025-08-30,Tottenham,Bournemouth,0,1,A,5.0,20.0,1.0,6.0
2526,E0,2025-08-30,Wolves,Everton,2,3,A,12.0,10.0,4.0,4.0
2526,F1,2025-08-30,Lorient,Lille,1,7,A,6.0,20.0,2.0,11.0
2526,F1,2025-08-30,Nantes,Auxerre,1,0,H,4.0,14.0,3.0,4.0
2526,F1,2025-08-30,Toulouse,Paris SG,3,6,A,14.0,13.0,6.0,8.0
2526,I1,2025-08-30,Bologna,Como,1,0,H,15.0,13.0,2.0,2.0
2526,I1,2025-08-30,Napoli,Cagliari,1,0,H,20.0,10.0,6.0,1.0
2526,I1,2025-08-30,Parma,Atalanta,1,1,D,7.0,11.0,3.0,3.0
2526,I1,2025-08-30,Pisa,Roma,0,1,A,7.0,10.0,3.0,5.0
2526,SP1,2025-08-30,Alaves,Ath Madrid,1,1,D,5.0,15.0,2.0,6.0
2526,SP1,2025-08-30,Girona,Sevilla,0,2,A,20.0,13.0,5.0,4.0
2526,SP1,2025-08-30,Oviedo,Sociedad,1,0,H,8.0,18.0,1.0,6.0
2526,SP1,2025-08-30,Real Madrid,Mallorca,2,1,H,17.0,9.0,7.0,5.0
2526,D1,2025-08-31,Dortmund,Union Berlin,3,0,H,11.0,12.0,6.0,3.0
2526,D1,2025-08-31,FC Koln,Freiburg,4,1,H,18.0,12.0,6.0,2.0
2526,D1,2025-08-31,Wolfsburg,Mainz,1,1,D,11.0,17.0,3.0,3.0
2526,E0,2025-08-31,Aston Villa,Crystal Palace,0,3,A,13.0,6.0,4.0,4.0
2526,E0,2025-08-31,Brighton,Man City,2,1,H,12.0,12.0,7.0,3.0
2526,E0,2025-08-31,Liverpool,Arsenal,1,0,H,9.0,11.0,3.0,1.0
2526,E0,2025-08-31,Nott'm Forest,West Ham,0,3,A,11.0,12.0,3.0,8.0
2526,F1,2025-08-31,Angers,Rennes,1,1,D,10.0,15.0,7.0,7.0
2526,F1,2025-08-31,Le Havre,Nice,3,1,H,12.0,7.0,8.0,3.0
2526,F1,2025-08-31,Lyon,Marseille,1,0,H,17.0,5.0,5.0,2.0
2526,F1,2025-08-31,Monaco,Strasbourg,3,2,H,12.0,12.0,4.0,4.0
2526,F1,2025-08-31,Paris FC,Metz,3,2,H,24.0,14.0,9.0,2.0
2526,I1,2025-08-31,Genoa,Juventus,0,1,A,10.0,13.0,1.0,3.0
2526,I1,2025-08-31,Inter,Udinese,1,2,A,16.0,10.0,4.0,5.0
2526,I1,2025-08-31,Lazio,Verona,4,0,H,22.0,12.0,6.0,4.0
2526,I1,2025-08-31,Torino,Fiorentina,0,0,D,7.0,16.0,4.0,4.0
2526,SP1,2025-08-31,Betis,Ath Bilbao,1,2,A,9.0,15.0,2.0,6.0
2526,SP1,2025-08-31,Celta,Villarreal,1,1,D,10.0,8.0,2.0,3.0
2526,SP1,2025-08-31,Espanol,Osasuna,1,0,H,10.0,10.0,4.0,3.0
2526,SP1,2025-08-31,Vallecano,Barcelona,1,1,D,12.0,12.0,6.0,3.0
2526,D1,2025-09-12,Leverkusen,Ein Frankfurt,3,1,H,18.0,13.0,8.0,2.0
2526,F1,2025-09-12,Marseille,Lorient,4,0,H,15.0,4.0,8.0,1.0
2526,SP1,2025-09-12,Sevilla,Elche,2,2,D,7.0,5.0,3.0,2.0
2526,D1,2025-09-13,Bayern Munich,Hamburg,5,0,H,22.0,9.0,12.0,2.0
2526,D1,2025-09-13,Freiburg,Stuttgart,3,1,H,14.0,7.0,6.0,2.0
2526,D1,2025-09-13,Heidenheim,Dortmund,0,2,A,6.0,17.0,1.0,8.0
2526,D1,2025-09-13,Mainz,RB Leipzig,0,1,A,13.0,19.0,2.0,3.0
2526,D1,2025-09-13,Union Berlin,Hoffenheim,2,4,A,20.0,9.0,7.0,8.0
2526,D1,2025-09-13,Wolfsburg,FC Koln,3,3,D,14.0,14.0,6.0,8.0
2526,E0,2025-09-13,Arsenal,Nott'm Forest,3,0,H,16.0,5.0,5.0,1.0
2526,E0,2025-09-13,Bournemouth,Brighton,2,1,H,13.0,6.0,5.0,2.0
2526,E0,2025-09-13,Brentford,Chelsea,2,2,D,7.0,16.0,4.0,6.0
2526,E0,2025-09-13,Crystal Palace,Sunderland,0,0,D,14.0,6.0,6.0,0.0
2526,E0,2025-09-13,Everton,Aston Villa,0,0,D,20.0,7.0,2.0,1.0
2526,E0,2025-09-13,Fulham,Leeds,1,0,H,5.0,10.0,3.0,3.0
2526,E0,2025-09-13,Newcastle,Wolves,1,0,H,16.0,8.0,4.0,3.0
2526,E0,2025-09-13,West Ham,Tottenham,0,3,A,7.0,14.0,4.0,5.0
2526,F1,2025-09-13,Auxerre,Monaco,1,2,A,9.0,13.0,2.0,3.0
2526,F1,2025-09-13,Nice,Nantes,1,0,H,19.0,14.0,8.0,3.0
2526,I1,2025-09-13,Cagliari,Parma,2,0,H,12.0,17.0,5.0,5.0
2526,I1,2025-09-13,Fiorentina,Napoli,1,3,A,19.0,14.0,3.0,9.0
2526,I1,2025-09-13,Juventus,Inter,4,3,H,12.0,18.0,4.0,4.0
2526,SP1,2025-09-13,Ath Bilbao,Alaves,0,1,A,12.0,4.0,3.0,2.0
2526,SP1,2025-09-13,Ath Madrid,Villarreal,2,0,H,8.0,8.0,3.0,1.0
2526,SP1,2025-09-13,Getafe,Oviedo,2,0,H,10.0,5.0,3.0,1.0
2526,SP1,2025-09-13,Sociedad,Real Madrid,1,2,A,23.0,16.0,4.0,6.0
2526,D1,2025-09-14,M'gladbach,Werder Bremen,0,4,A,19.0,12.0,3.0,7.0
2526,D1,2025-09-14,St Pauli,Augsburg,2,1,H,13.0,10.0,7.0,5.0
2526,E0,2025-09-14,Burnley,Liverpool,0,1,A,3.0,27.0,0.0,4.0
2526,E0,2025-09-14,Man City,Man United,3,0,H,13.0,12.0,6.0,2.0
2526,F1,2025-09-14,Brest,Paris FC,1,2,A,23.0,7.0,8.0,4.0
2526,F1,2025-09-14,Lille,Toulouse,2,1,H,20.0,9.0,5.0,4.0
2526,F1,2025-09-14,Metz,Angers,1,1,D,9.0,11.0,5.0,4.0
2526,F1,2025-09-14,Paris SG,Lens,2,0,H,14.0,11.0,6.0,3.0
2526,F1,2025-09-14,Rennes,Lyon,3,1,H,23.0,8.0,5.0,5.0
2526,F1,2025-09-14,Strasbourg,Le Havre,1,0,H,9.0,10.0,7.0,1.0
2526,I1,2025-09-14,Atalanta,Lecce,4,1,H,19.0,12.0,8.0,3.0
2526,I1,2025-09-14,Milan,Bologna,1,0,H,14.0,5.0,3.0,0.0
2526,I1,2025-09-14,Pisa,Udinese,0,1,A,12.0,13.0,2.0,3.0
2526,I1,2025-09-14,Roma,Torino,0,1,A,22.0,8.0,5.0,4.0
2526,I1,2025-09-14,Sassuolo,Lazio,1,0,H,10.0,13.0,3.0,3.0
2526,SP1,2025-09-14,Barcelona,Valencia,6,0,H,24.0,2.0,10.0,1.0
2526,SP1,2025-09-14,Celta,Girona,1,1,D,21.0,13.0,7.0,8.0
2526,SP1,2025-09-14,Levante,Betis,2,2,D,5.0,28.0,2.0,9.0
2526,SP1,2025-09-14,Osasuna,Vallecano,2,0,H,9.0,19.0,7.0,6.0
2526,I1,2025-09-15,Como,Genoa,1,1,D,13.0,13.0,4.0,6.0
2526,I1,2025-09-15,Verona,Cremonese,0,0,D,20.0,6.0,9.0,2.0
2526,SP1,2025-09-15,Espanol,Mallorca,3,2,H,9.0,24.0,3.0,10.0
2526,D1,2025-09-19,Stuttgart,St Pauli,2,0,H,17.0,9.0,8.0,2.0
2526,F1,2025-09-19,Lyon,Angers,1,0,H,16.0,10.0,5.0,2.0
2526,I1,2025-09-19,Lecce,Cagliari,1,2,A,11.0,15.0,5.0,6.0
2526,SP1,2025-09-19,Betis,Sociedad,3,1,H,21.0,11.0,6.0,5.0
2526,D1,2025-09-20,Augsburg,Mainz,1,4,A,18.0,12.0,5.0,4.0
2526,D1,2025-09-20,Hamburg,Heidenheim,2,1,H,22.0,20.0,9.0,8.0
2526,D1,2025-09-20,Hoffenheim,Bayern Munich,1,4,A,12.0,18.0,4.0,10.0
2526,D1,2025-09-20,RB Leipzig,FC Koln,3,1,H,18.0,13.0,8.0,2.0
2526,D1,2025-09-20,Werder Bremen,Freiburg,0,3,A,12.0,10.0,5.0,5.0
2526,E0,2025-09-20,Brighton,Tottenham,2,2,D,12.0,11.0,4.0,3.0
2526,E0,2025-09-20,Burnley,Nott'm Forest,1,1,D,12.0,17.0,5.0,8.0
2526,E0,2025-09-20,Fulham,Brentford,3,1,H,14.0,8.0,3.0,3.0
2526,E0,2025-09-20,Liverpool,Everton,2,1,H,11.0,9.0,3.0,2.0
2526,E0,2025-09-20,Man United,Chelsea,2,1,H,11.0,5.0,4.0,1.0
2526,E0,2025-09-20,West Ham,Crystal Palace,1,2,A,8.0,18.0,3.0,3.0
2526,E0,2025-09-20,Wolves,Leeds,1,3,A,16.0,6.0,6.0,4.0
2526,F1,2025-09-20,Brest,Nice,4,1,H,11.0,21.0,5.0,4.0
2526,F1,2025-09-20,Lens,Lille,3,0,H,15.0,17.0,6.0,3.0
2526,F1,2025-09-20,Nantes,Rennes,2,2,D,16.0,8.0,4.0,4.0
2526,I1,2025-09-20,Bologna,Genoa,2,1,H,14.0,7.0,6.0,4.0
2526,I1,2025-09-20,Udinese,Milan,0,3,A,10.0,13.0,4.0,6.0
2526,I1,2025-09-20,Verona,Juventus,1,1,D,14.0,10.0,4.0,4.0
2526,SP1,2025-09-20,Alaves,Sevilla,1,2,A,8.0,9.0,5.0,3.0
2526,SP1,2025-09-20,Girona,Levante,0,4,A,7.0,14.0,1.0,7.0
2526,SP1,2025-09-20,Real Madrid,Espanol,2,0,H,16.0,8.0,5.0,1.0
2526,SP1,2025-09-20,Valencia,Ath Bilbao,2,0,H,13.0,11.0,5.0,5.0
2526,SP1,2025-09-20,Villarreal,Osasuna,2,1,H,26.0,6.0,8.0,3.0
2526,D1,2025-09-21,Dortmund,Wolfsburg,1,0,H,12.0,10.0,4.0,1.0
2526,D1,2025-09-21,Ein Frankfurt,Union Berlin,3,4,A,19.0,11.0,10.0,5.0
2526,D1,2025-09-21,Leverkusen,M'gladbach,1,1,D,13.0,13.0,9.0,7.0
2526,E0,2025-09-21,Arsenal,Man City,1,1,D,12.0,5.0,3.0,3.0
2526,E0,2025-09-21,Bournemouth,Newcastle,0,0,D,11.0,4.0,2.0,1.0
2526,E0,2025-09-21,Sunderland,Aston Villa,1,1,D,14.0,12.0,4.0,2.0
2526,F1,2025-09-21,Auxerre,Toulouse,1,0,H,6.0,13.0,1.0,3.0
2526,F1,2025-09-21,Le Havre,Lorient,1,1,D,13.0,8.0,2.0,4.0
2526,F1,2025-09-21,Monaco,Metz,5,2,H,16.0,8.0,6.0,3.0
2526,F1,2025-09-21,Paris FC,Strasbourg,2,3,A,18.0,8.0,6.0,4.0
2526,I1,2025-09-21,Cremonese,Parma,0,0,D,3.0,15.0,1.0,3.0
2526,I1,2025-09-21,Fiorentina,Como,1,2,A,8.0,19.0,1.0,7.0
2526,I1,2025-09-21,Inter,Sassuolo,2,1,H,20.0,9.0,6.0,5.0
2526,I1,2025-09-21,Lazio,Roma,0,1,A,10.0,13.0,2.0,6.0
2526,I1,2025-09-21,Torino,Atalanta,0,3,A,11.0,9.0,5.0,5.0
2526,SP1,2025-09-21,Barcelona,Getafe,3,0,H,16.0,3.0,7.0,2.0
2526,SP1,2025-09-21,Elche,Oviedo,1,0,H,15.0,12.0,5.0,4.0
2526,SP1,2025-09-21,Mallorca,Ath Madrid,1,1,D,8.0,12.0,3.0,7.0
2526,SP1,2025-09-21,Vallecano,Celta,1,1,D,15.0,9.0,5.0,5.0
2526,F1,2025-09-22,Marseille,Paris SG,1,0,H,9.0,12.0,2.0,5.0
2526,I1,2025-09-22,Napoli,Pisa,3,2,H,18.0,15.0,6.0,6.0
2526,SP1,2025-09-23,Ath Bilbao,Girona,1,1,D,17.0,6.0,5.0,3.0
2526,SP1,2025-09-23,Espanol,Valencia,2,2,D,21.0,5.0,10.0,2.0
2526,SP1,2025-09-23,Levante,Real Madrid,1,4,A,11.0,24.0,2.0,10.0
2526,SP1,2025-09-23,Sevilla,Villarreal,1,2,A,16.0,12.0,2.0,5.0
2526,SP1,2025-09-24,Ath Madrid,Vallecano,3,2,H,20.0,9.0,8.0,3.0
2526,SP1,2025-09-24,Getafe,Alaves,1,1,D,7.0,10.0,1.0,4.0
2526,SP1,2025-09-24,Sociedad,Mallorca,1,0,H,17.0,7.0,4.0,3.0
2526,SP1,2025-09-25,Osasuna,Elche,1,1,D,9.0,12.0,2.0,4.0
2526,SP1,2025-09-25,Oviedo,Barcelona,1,3,A,7.0,22.0,3.0,10.0
2526,D1,2025-09-26,Bayern Munich,Werder Bremen,4,0,H,26.0,9.0,13.0,3.0
2526,F1,2025-09-26,Strasbourg,Marseille,1,2,A,9.0,16.0,1.0,9.0
2526,SP1,2025-09-26,Girona,Espanol,0,0,D,12.0,20.0,3.0,5.0
2526,D1,2025-09-27,Heidenheim,Augsburg,2,1,H,11.0,8.0,5.0,2.0
2526,D1,2025-09-27,M'gladbach,Ein Frankfurt,4,6,A,11.0,21.0,8.0,7.0
2526,D1,2025-09-27,Mainz,Dortmund,0,2,A,8.0,10.0,2.0,4.0
2526,D1,2025-09-27,St Pauli,Leverkusen,1,2,A,13.0,5.0,6.0,4.0
2526,D1,2025-09-27,Wolfsburg,RB Leipzig,0,1,A,22.0,20.0,4.0,6.0
2526,E0,2025-09-27,Brentford,Man United,3,1,H,10.0,14.0,8.0,6.0
2526,E0,2025-09-27,Chelsea,Brighton,1,3,A,13.0,12.0,3.0,3.0
2526,E0,2025-09-27,Crystal Palace,Liverpool,2,1,H,16.0,20.0,7.0,4.0
2526,E0,2025-09-27,Leeds,Bournemouth,2,2,D,19.0,12.0,8.0,5.0
2526,E0,2025-09-27,Man City,Burnley,5,1,H,21.0,9.0,8.0,2.0
2526,E0,2025-09-27,Nott'm Forest,Sunderland,0,1,A,22.0,11.0,6.0,3.0
2526,E0,2025-09-27,Tottenham,Wolves,1,1,D,10.0,9.0,3.0,3.0
2526,F1,2025-09-27,Lorient,Monaco,3,1,H,19.0,5.0,8.0,2.0
2526,F1,2025-09-27,Paris SG,Auxerre,2,0,H,15.0,12.0,8.0,3.0
2526,F1,2025-09-27,Toulouse,Nantes,2,2,D,20.0,12.0,7.0,2.0
2526,I1,2025-09-27,Cagliari,Inter,0,2,A,6.0,20.0,0.0,5.0
2526,I1,2025-09-27,Como,Cremonese,1,1,D,14.0,9.0,6.0,2.0
2526,I1,2025-09-27,Juventus,Atalanta,1,1,D,24.0,12.0,10.0,2.0
2526,SP1,2025-09-27,Ath Madrid,Real Madrid,5,2,H,13.0,6.0,7.0,2.0
2526,SP1,2025-09-27,Getafe,Levante,1,1,D,11.0,11.0,4.0,3.0
2526,SP1,2025-09-27,Mallorca,Alaves,1,0,H,12.0,12.0,3.0,3.0
2526,SP1,2025-09-27,Villarreal,Ath Bilbao,1,0,H,14.0,16.0,5.0,4.0
2526,D1,2025-09-28,FC Koln,Stuttgart,1,2,A,14.0,15.0,6.0,5.0
2526,D1,2025-09-28,Freiburg,Hoffenheim,1,1,D,6.0,15.0,1.0,4.0
2526,D1,2025-09-28,Union Berlin,Hamburg,0,0,D,11.0,16.0,2.0,6.0
2526,E0,2025-09-28,Aston Villa,Fulham,3,1,H,9.0,11.0,4.0,4.0
2526,E0,2025-09-28,Newcastle,Arsenal,1,2,A,8.0,20.0,3.0,7.0
2526,F1,2025-09-28,Angers,Brest,0,2,A,11.0,7.0,2.0,3.0
2526,F1,2025-09-28,Lille,Lyon,0,1,A,14.0,5.0,3.0,2.0
2526,F1,2025-09-28,Metz,Le Havre,0,0,D,7.0,11.0,0.0,2.0
2526,F1,2025-09-28,Nice,Paris FC,1,1,D,11.0,13.0,5.0,3.0
2526,F1,2025-09-28,Rennes,Lens,0,0,D,14.0,13.0,2.0,2.0
2526,I1,2025-09-28,Lecce,Bologna,2,2,D,12.0,14.0,4.0,5.0
2526,I1,2025-09-28,Milan,Napoli,2,1,H,6.0,19.0,3.0,7.0
2526,I1,2025-09-28,Pisa,Fiorentina,0,0,D,11.0,14.0,1.0,2.0
2526,I1,2025-09-28,Roma,Verona,2,0,H,10.0,12.0,5.0,3.0
2526,I1,2025-09-28,Sassuolo,Udinese,3,1,H,11.0,12.0,5.0,5.0
2526,SP1,2025-09-28,Barcelona,Sociedad,2,1,H,22.0,7.0,12.0,2.0
2526,SP1,2025-09-28,Betis,Osasuna,2,0,H,12.0,12.0,6.0,1.0
2526,SP1,2025-09-28,Elche,Celta,2,1,H,17.0,8.0,8.0,2.0
2526,SP1,2025-09-28,Vallecano,Sevilla,0,1,A,18.0,4.0,6.0,1.0
2526,E0,2025-09-29,Everton,West Ham,1,1,D,12.0,14.0,6.0,3.0
2526,I1,2025-09-29,Genoa,Lazio,0,3,A,17.0,10.0,5.0,6.0
2526,I1,2025-09-29,Parma,Torino,2,1,H,13.0,15.0,2.0,4.0
2526,SP1,2025-09-30,Valencia,Oviedo,1,2,A,16.0,10.0,5.0,4.0
2526,D1,2025-10-03,Hoffenheim,FC Koln,0,1,A,15.0,10.0,4.0,4.0
2526,E0,2025-10-03,Bournemouth,Fulham,3,1,H,11.0,12.0,6.0,4.0
2526,F1,2025-10-03,Paris FC,Lorient,2,0,H,10.0,8.0,2.0,3.0
2526,I1,2025-10-03,Verona,Sassuolo,0,1,A,17.0,11.0,9.0,3.0
2526,SP1,2025-10-03,Osasuna,Getafe,2,1,H,7.0,6.0,3.0,2.0
2526,D1,2025-10-04,Augsburg,Wolfsburg,3,1,H,10.0,14.0,5.0,4.0
2526,D1,2025-10-04,Dortmund,RB Leipzig,1,1,D,15.0,13.0,3.0,3.0
2526,D1,2025-10-04,Ein Frankfurt,Bayern Munich,0,3,A,6.0,12.0,1.0,3.0
2526,D1,2025-10-04,Leverkusen,Union Berlin,2,0,H,20.0,10.0,3.0,3.0
2526,D1,2025-10-04,Werder Bremen,St Pauli,1,0,H,15.0,13.0,5.0,3.0
2526,E0,2025-10-04,Arsenal,West Ham,2,0,H,21.0,4.0,5.0,0.0
2526,E0,2025-10-04,Chelsea,Liverpool,2,1,H,12.0,12.0,6.0,2.0
2526,E0,2025-10-04,Leeds,Tottenham,1,2,A,16.0,9.0,4.0,3.0
2526,E0,2025-10-04,Man United,Sunderland,2,0,H,15.0,8.0,6.0,3.0
2526,F1,2025-10-04,Auxerre,Lens,1,2,A,18.0,7.0,2.0,4.0
2526,F1,2025-10-04,Brest,Nantes,0,0,D,17.0,6.0,5.0,0.0
2526,F1,2025-10-04,Metz,Marseille,0,3,A,4.0,21.0,1.0,9.0
2526,I1,2025-10-04,Atalanta,Como,1,1,D,16.0,12.0,4.0,4.0
2526,I1,2025-10-04,Inter,Cremonese,4,1,H,27.0,3.0,9.0,2.0
2526,I1,2025-10-04,Lazio,Torino,3,3,D,9.0,16.0,4.0,8.0
2526,I1,2025-10-04,Parma,Lecce,0,1,A,10.0,7.0,2.0,3.0
2526,SP1,2025-10-04,Ath Bilbao,Mallorca,2,1,H,18.0,7.0,5.0,2.0
2526,SP1,2025-10-04,Girona,Valencia,2,1,H,4.0,19.0,4.0,6.0
2526,SP1,2025-10-04,Oviedo,Levante,0,2,A,13.0,14.0,2.0,5.0
2526,SP1,2025-10-04,Real Madrid,Villarreal,3,1,H,26.0,9.0,7.0,2.0
2526,D1,2025-10-05,Hamburg,Mainz,4,0,H,15.0,11.0,9.0,4.0
2526,D1,2025-10-05,M'gladbach,Freiburg,0,0,D,9.0,12.0,5.0,1.0
2526,D1,2025-10-05,Stuttgart,Heidenheim,1,0,H,18.0,5.0,6.0,1.0
2526,E0,2025-10-05,Aston Villa,Burnley,2,1,H,15.0,5.0,7.0,2.0
2526,E0,2025-10-05,Brentford,Man City,0,1,A,6.0,10.0,1.0,4.0
2526,E0,2025-10-05,Everton,Crystal Palace,2,1,H,14.0,15.0,7.0,8.0
2526,E0,2025-10-05,Newcastle,Nott'm Forest,2,0,H,18.0,5.0,9.0,4.0
2526,E0,2025-10-05,Wolves,Brighton,1,1,D,6.0,17.0,3.0,6.0
2526,F1,2025-10-05,Le Havre,Rennes,2,2,D,10.0,9.0,2.0,3.0
2526,F1,2025-10-05,Lille,Paris SG,1,1,D,9.0,17.0,3.0,5.0
2526,F1,2025-10-05,Lyon,Toulouse,1,2,A,13.0,14.0,3.0,4.0
2526,F1,2025-10-05,Monaco,Nice,2,2,D,20.0,9.0,6.0,2.0
2526,F1,2025-10-05,Strasbourg,Angers,5,0,H,18.0,5.0,12.0,1.0
2526,I1,2025-10-05,Bologna,Pisa,4,0,H,24.0,2.0,7.0,0.0
2526,I1,2025-10-05,Fiorentina,Roma,1,2,A,11.0,8.0,3.0,3.0
2526,I1,2025-10-05,Juventus,Milan,0,0,D,12.0,13.0,3.0,4.0
2526,I1,2025-10-05,Napoli,Genoa,2,1,H,12.0,6.0,5.0,1.0
2526,I1,2025-10-05,Udinese,Cagliari,1,1,D,23.0,8.0,4.0,2.0
2526,SP1,2025-10-05,Alaves,Elche,3,1,H,25.0,6.0,5.0,3.0
2526,SP1,2025-10-05,Celta,Ath Madrid,1,1,D,18.0,6.0,4.0,1.0
2526,SP1,2025-10-05,Espanol,Betis,1,2,A,14.0,12.0,5.0,3.0
2526,SP1,2025-10-05,Sevilla,Barcelona,4,1,H,13.0,17.0,5.0,8.0
2526,SP1,2025-10-05,Sociedad,Vallecano,0,1,A,10.0,7.0,3.0,2.0
2526,D1,2025-10-17,Union Berlin,M'gladbach,3,1,H,16.0,8.0,5.0,2.0
2526,F1,2025-10-17,Paris SG,Strasbourg,3,3,D,21.0,12.0,9.0,7.0
2526,SP1,2025-10-17,Oviedo,Espanol,0,2,A,13.0,19.0,4.0,10.0
2526,D1,2025-10-18,Bayern Munich,Dortmund,2,1,H,15.0,8.0,7.0,1.0
2526,D1,2025-10-18,FC Koln,Augsburg,1,1,D,9.0,10.0,2.0,4.0
2526,D1,2025-10-18,Heidenheim,Werder Bremen,2,2,D,31.0,11.0,11.0,4.0
2526,D1,2025-10-18,Mainz,Leverkusen,3,4,A,12.0,20.0,4.0,8.0
2526,D1,2025-10-18,RB Leipzig,Hamburg,2,1,H,10.0,15.0,4.0,3.0
2526,D1,2025-10-18,Wolfsburg,Stuttgart,0,3,A,11.0,15.0,3.0,7.0
2526,E0,2025-10-18,Brighton,Newcastle,2,1,H,13.0,16.0,5.0,3.0
2526,E0,2025-10-18,Burnley,Leeds,2,0,H,4.0,19.0,3.0,4.0
2526,E0,2025-10-18,Crystal Palace,Bournemouth,3,3,D,20.0,8.0,7.0,5.0
2526,E0,2025-10-18,Fulham,Arsenal,0,1,A,9.0,16.0,0.0,5.0
2526,E0,2025-10-18,Man City,Everton,2,0,H,19.0,5.0,7.0,1.0
2526,E0,2025-10-18,Nott'm Forest,Chelsea,0,3,A,12.0,17.0,2.0,6.0
2526,E0,2025-10-18,Sunderland,Wolves,2,0,H,8.0,16.0,2.0,3.0
2526,F1,2025-10-18,Angers,Monaco,1,1,D,16.0,11.0,3.0,4.0
2526,F1,2025-10-18,Marseille,Le Havre,6,2,H,18.0,8.0,11.0,3.0
2526,F1,2025-10-18,Nice,Lyon,3,2,H,5.0,29.0,4.0,7.0
2526,I1,2025-10-18,Lecce,Sassuolo,0,0,D,11.0,9.0,2.0,2.0
2526,I1,2025-10-18,Pisa,Verona,0,0,D,7.0,15.0,0.0,3.0
2526,I1,2025-10-18,Roma,Inter,0,1,A,15.0,12.0,5.0,3.0
2526,I1,2025-10-18,Torino,Napoli,1,0,H,12.0,22.0,2.0,5.0
2526,SP1,2025-10-18,Ath Madrid,Osasuna,1,0,H,18.0,9.0,9.0,2.0
2526,SP1,2025-10-18,Barcelona,Girona,2,1,H,27.0,11.0,9.0,4.0
2526,SP1,2025-10-18,Sevilla,Mallorca,1,3,A,13.0,7.0,4.0,6.0
2526,SP1,2025-10-18,Villarreal,Betis,2,2,D,7.0,16.0,3.0,3.0
2526,D1,2025-10-19,Freiburg,Ein Frankfurt,2,2,D,12.0,8.0,5.0,3.0
2526,D1,2025-10-19,St Pauli,Hoffenheim,0,3,A,10.0,14.0,2.0,5.0
2526,E0,2025-10-19,Liverpool,Man United,1,2,A,19.0,12.0,6.0,4.0
2526,E0,2025-10-19,Tottenham,Aston Villa,1,2,A,9.0,8.0,3.0,2.0
2526,F1,2025-10-19,Lens,Paris FC,2,1,H,11.0,9.0,3.0,3.0
2526,F1,2025-10-19,Lorient,Brest,3,3,D,12.0,8.0,7.0,4.0
2526,F1,2025-10-19,Nantes,Lille,0,2,A,8.0,23.0,3.0,5.0
2526,F1,2025-10-19,Rennes,Auxerre,2,2,D,19.0,7.0,7.0,4.0
2526,F1,2025-10-19,Toulouse,Metz,4,0,H,16.0,2.0,7.0,2.0
2526,I1,2025-10-19,Atalanta,Lazio,0,0,D,16.0,4.0,6.0,1.0
2526,I1,2025-10-19,Cagliari,Bologna,0,2,A,4.0,10.0,3.0,7.0
2526,I1,2025-10-19,Como,Juventus,2,0,H,12.0,15.0,6.0,3.0
2526,I1,2025-10-19,Genoa,Parma,0,0,D,23.0,1.0,7.0,0.0
2526,I1,2025-10-19,Milan,Fiorentina,2,1,H,14.0,5.0,4.0,1.0
2526,SP1,2025-10-19,Celta,Sociedad,1,1,D,4.0,17.0,1.0,7.0
2526,SP1,2025-10-19,Elche,Ath Bilbao,0,0,D,15.0,4.0,5.0,1.0
2526,SP1,2025-10-19,Getafe,Real Madrid,0,1,A,7.0,23.0,1.0,10.0
2526,SP1,2025-10-19,Levante,Vallecano,0,3,A,17.0,10.0,4.0,5.0
2526,E0,2025-10-20,West Ham,Brentford,0,2,A,7.0,22.0,1.0,7.0
2526,I1,2025-10-20,Cremonese,Udinese,1,1,D,11.0,8.0,4.0,1.0
2526,SP1,2025-10-20,Alaves,Valencia,0,0,D,13.0,5.0,3.0,2.0
2526,D1,2025-10-24,Werder Bremen,Union Berlin,1,0,H,16.0,12.0,3.0,2.0
2526,E0,2025-10-24,Leeds,West Ham,2,1,H,13.0,9.0,5.0,3.0
2526,F1,2025-10-24,Paris FC,Nantes,1,2,A,14.0,11.0,3.0,3.0
2526,I1,2025-10-24,Milan,Pisa,2,2,D,20.0,8.0,7.0,2.0
2526,SP1,2025-10-24,Sociedad,Sevilla,2,1,H,5.0,6.0,3.0,1.0
2526,D1,2025-10-25,Augsburg,RB Leipzig,0,6,A,15.0,15.0,2.0,8.0
2526,D1,2025-10-25,Dortmund,FC Koln,1,0,H,27.0,5.0,9.0,0.0
2526,D1,2025-10-25,Ein Frankfurt,St Pauli,2,0,H,10.0,9.0,6.0,1.0
2526,D1,2025-10-25,Hamburg,Wolfsburg,0,1,A,27.0,6.0,6.0,2.0
2526,D1,2025-10-25,Hoffenheim,Heidenheim,3,1,H,14.0,12.0,7.0,3.0
2526,D1,2025-10-25,M'gladbach,Bayern Munich,0,3,A,1.0,27.0,0.0,11.0
2526,E0,2025-10-25,Brentford,Liverpool,3,2,H,17.0,18.0,8.0,5.0
2526,E0,2025-10-25,Chelsea,Sunderland,1,2,A,16.0,10.0,7.0,4.0
2526,E0,2025-10-25,Man United,Brighton,4,2,H,13.0,17.0,9.0,5.0
2526,E0,2025-10-25,Newcastle,Fulham,2,1,H,18.0,12.0,7.0,5.0
2526,F1,2025-10-25,Brest,Paris SG,0,3,A,8.0,18.0,2.0,8.0
2526,F1,2025-10-25,Lens,Marseille,2,1,H,8.0,17.0,5.0,3.0
2526,F1,2025-10-25,Monaco,Toulouse,1,0,H,14.0,10.0,5.0,2.0
2526,I1,2025-10-25,Cremonese,Atalanta,1,1,D,9.0,20.0,5.0,6.0
2526,I1,2025-10-25,Napoli,Inter,3,1,H,7.0,15.0,3.0,3.0
2526,I1,2025-10-25,Parma,Como,0,0,D,10.0,6.0,3.0,2.0
2526,I1,2025-10-25,Udinese,Lecce,3,2,H,8.0,13.0,4.0,3.0
2526,SP1,2025-10-25,Ath Bilbao,Getafe,0,1,A,7.0,8.0,4.0,3.0
2526,SP1,2025-10-25,Espanol,Elche,1,0,H,16.0,13.0,7.0,4.0
2526,SP1,2025-10-25,Girona,Oviedo,3,3,D,8.0,10.0,6.0,5.0
2526,SP1,2025-10-25,Valencia,Villarreal,0,2,A,15.0,12.0,3.0,5.0
2526,D1,2025-10-26,Leverkusen,Freiburg,2,0,H,19.0,10.0,4.0,3.0
2526,D1,2025-10-26,Stuttgart,Mainz,2,1,H,19.0,13.0,8.0,2.0
2526,E0,2025-10-26,Arsenal,Crystal Palace,1,0,H,10.0,7.0,3.0,1.0
2526,E0,2025-10-26,Aston Villa,Man City,1,0,H,9.0,18.0,3.0,4.0
2526,E0,2025-10-26,Bournemouth,Nott'm Forest,2,0,H,13.0,8.0,5.0,4.0
2526,E0,2025-10-26,Everton,Tottenham,0,3,A,12.0,7.0,2.0,4.0
2526,E0,2025-10-26,Wolves,Burnley,2,3,A,15.0,11.0,7.0,7.0
2526,F1,2025-10-26,Angers,Lorient,2,0,H,7.0,23.0,4.0,4.0
2526,F1,2025-10-26,Auxerre,Le Havre,0,1,A,14.0,9.0,3.0,4.0
2526,F1,2025-10-26,Lille,Metz,6,1,H,23.0,10.0,12.0,4.0
2526,F1,2025-10-26,Lyon,Strasbourg,2,1,H,8.0,7.0,3.0,2.0
2526,F1,2025-10-26,Rennes,Nice,1,2,A,19.0,8.0,7.0,3.0
2526,I1,2025-10-26,Fiorentina,Bologna,2,2,D,19.0,6.0,7.0,3.0
2526,I1,2025-10-26,Lazio,Juventus,1,0,H,13.0,14.0,3.0,5.0
2526,I1,2025-10-26,Sassuolo,Roma,0,1,A,11.0,15.0,1.0,8.0
2526,I1,2025-10-26,Torino,Genoa,2,1,H,13.0,11.0,6.0,3.0
2526,I1,2025-10-26,Verona,Cagliari,2,2,D,10.0,7.0,6.0,3.0
2526,SP1,2025-10-26,Mallorca,Levante,1,1,D,20.0,13.0,4.0,5.0
2526,SP1,2025-10-26,Osasuna,Celta,2,3,A,17.0,11.0,7.0,5.0
2526,SP1,2025-10-26,Real Madrid,Barcelona,2,1,H,23.0,15.0,10.0,6.0
2526,SP1,2025-10-26,Vallecano,Alaves,1,0,H,15.0,12.0,5.0,2.0
2526,SP1,2025-10-27,Betis,Ath Madrid,0,2,A,17.0,9.0,5.0,4.0
2526,I1,2025-10-28,Atalanta,Milan,1,1,D,17.0,6.0,3.0,1.0
2526,I1,2025-10-28,Lecce,Napoli,0,1,A,7.0,14.0,2.0,3.0
2526,F1,2025-10-29,Le Havre,Brest,1,0,H,13.0,8.0,3.0,2.0
2526,F1,2025-10-29,Lorient,Paris SG,1,1,D,5.0,15.0,2.0,8.0
2526,F1,2025-10-29,Marseille,Angers,2,2,D,11.0,12.0,6.0,6.0
2526,F1,2025-10-29,Metz,Lens,2,0,H,16.0,10.0,7.0,2.0
2526,F1,2025-10-29,Nantes,Monaco,3,5,A,18.0,19.0,5.0,9.0
2526,F1,2025-10-29,Nice,Lille,2,0,H,8.0,21.0,4.0,4.0
2526,F1,2025-10-29,Paris FC,Lyon,3,3,D,11.0,7.0,3.0,4.0
2526,F1,2025-10-29,Strasbourg,Auxerre,3,0,H,18.0,6.0,9.0,1.0
2526,F1,2025-10-29,Toulouse,Rennes,2,2,D,15.0,11.0,4.0,5.0
2526,I1,2025-10-29,Bologna,Torino,0,0,D,11.0,8.0,2.0,2.0
2526,I1,2025-10-29,Como,Verona,3,1,H,15.0,13.0,5.0,9.0
2526,I1,2025-10-29,Genoa,Cremonese,0,2,A,16.0,12.0,1.0,4.0
2526,I1,2025-10-29,Inter,Fiorentina,3,0,H,22.0,10.0,8.0,2.0
2526,I1,2025-10-29,Juventus,Udinese,3,1,H,25.0,8.0,11.0,2.0
2526,I1,2025-10-29,Roma,Parma,2,1,H,18.0,8.0,6.0,5.0
2526,I1,2025-10-30,Cagliari,Sassuolo,1,2,A,8.0,12.0,1.0,4.0
2526,I1,2025-10-30,Pisa,Lazio,0,0,D,10.0,11.0,2.0,6.0
2526,D1,2025-10-31,Augsburg,Dortmund,0,1,A,9.0,5.0,1.0,1.0
2526,SP1,2025-10-31,Getafe,Girona,2,1,H,12.0,8.0,4.0,4.0
2526,D1,2025-11-01,Bayern Munich,Leverkusen,3,0,H,18.0,7.0,4.0,1.0
2526,D1,2025-11-01,Heidenheim,Ein Frankfurt,1,1,D,9.0,16.0,4.0,3.0
2526,D1,2025-11-01,Mainz,Werder Bremen,1,1,D,10.0,5.0,5.0,3.0
2526,D1,2025-11-01,RB Leipzig,Stuttgart,3,1,H,16.0,14.0,9.0,4.0
2526,D1,2025-11-01,St Pauli,M'gladbach,0,4,A,16.0,15.0,4.0,11.0
2526,D1,2025-11-01,Union Berlin,Freiburg,0,0,D,11.0,13.0,2.0,4.0
2526,E0,2025-11-01,Brighton,Leeds,3,0,H,14.0,5.0,7.0,2.0
2526,E0,2025-11-01,Burnley,Arsenal,0,2,A,3.0,12.0,0.0,8.0
2526,E0,2025-11-01,Crystal Palace,Brentford,2,0,H,9.0,6.0,2.0,2.0
2526,E0,2025-11-01,Fulham,Wolves,3,0,H,19.0,5.0,6.0,2.0
2526,E0,2025-11-01,Liverpool,Aston Villa,2,0,H,16.0,10.0,4.0,3.0
2526,E0,2025-11-01,Nott'm Forest,Man United,2,2,D,17.0,18.0,3.0,7.0
2526,E0,2025-11-01,Tottenham,Chelsea,0,1,A,3.0,15.0,1.0,9.0
2526,F1,2025-11-01,Auxerre,Marseille,0,1,A,9.0,6.0,4.0,2.0
2526,F1,2025-11-01,Monaco,Paris FC,0,1,A,10.0,9.0,1.0,1.0
2526,F1,2025-11-01,Paris SG,Nice,1,0,H,28.0,5.0,8.0,2.0
2526,I1,2025-11-01,Cremonese,Juventus,1,2,A,9.0,15.0,2.0,5.0
2526,I1,2025-11-01,Napoli,Como,0,0,D,13.0,13.0,8.0,2.0
2526,I1,2025-11-01,Udinese,Atalanta,1,0,H,11.0,5.0,5.0,0.0
2526,SP1,2025-11-01,Ath Madrid,Sevilla,3,0,H,15.0,10.0,6.0,2.0
2526,SP1,2025-11-01,Real Madrid,Valencia,4,0,H,21.0,4.0,11.0,1.0
2526,SP1,2025-11-01,Sociedad,Ath Bilbao,3,2,H,9.0,11.0,5.0,4.0
2526,SP1,2025-11-01,Villarreal,Vallecano,4,0,H,16.0,13.0,7.0,3.0
2526,D1,2025-11-02,FC Koln,Hamburg,4,1,H,23.0,11.0,10.0,5.0
2526,D1,2025-11-02,Wolfsburg,Hoffenheim,2,3,A,12.0,10.0,6.0,4.0
2526,E0,2025-11-02,Man City,Bournemouth,3,1,H,15.0,8.0,8.0,5.0
2526,E0,2025-11-02,West Ham,Newcastle,3,1,H,15.0,12.0,9.0,4.0
2526,F1,2025-11-02,Brest,Lyon,0,0,D,13.0,4.0,3.0,2.0
2526,F1,2025-11-02,Lens,Lorient,3,0,H,9.0,12.0,6.0,3.0
2526,F1,2025-11-02,Lille,Angers,1,0,H,15.0,6.0,4.0,1.0
2526,F1,2025-11-02,Nantes,Metz,0,2,A,16.0,14.0,4.0,7.0
2526,F1,2025-11-02,Rennes,Strasbourg,4,1,H,13.0,20.0,6.0,2.0
2526,F1,2025-11-02,Toulouse,Le Havre,0,0,D,18.0,9.0,2.0,3.0
2526,I1,2025-11-02,Fiorentina,Lecce,0,1,A,15.0,11.0,4.0,4.0
2526,I1,2025-11-02,Milan,Roma,1,0,H,17.0,20.0,8.0,6.0
2526,I1,2025-11-02,Parma,Bologna,1,3,A,7.0,22.0,1.0,6.0
2526,I1,2025-11-02,Torino,Pisa,2,2,D,15.0,11.0,3.0,3.0
2526,I1,2025-11-02,Verona,Inter,1,2,A,8.0,21.0,2.0,6.0
2526,SP1,2025-11-02,Alaves,Espanol,2,1,H,13.0,18.0,4.0,2.0
2526,SP1,2025-11-02,Barcelona,Elche,3,1,H,17.0,9.0,5.0,3.0
2526,SP1,2025-11-02,Betis,Mallorca,3,0,H,15.0,14.0,8.0,1.0
2526,SP1,2025-11-02,Levante,Celta,1,2,A,9.0,20.0,3.0,6.0
2526,E0,2025-11-03,Sunderland,Everton,1,1,D,17.0,8.0,3.0,2.0
2526,I1,2025-11-03,Lazio,Cagliari,2,0,H,8.0,17.0,3.0,5.0
2526,I1,2025-11-03,Sassuolo,Genoa,1,2,A,13.0,16.0,4.0,5.0
2526,SP1,2025-11-03,Oviedo,Osasuna,0,0,D,8.0,11.0,2.0,5.0
2526,D1,2025-11-07,Werder Bremen,Wolfsburg,2,1,H,20.0,7.0,7.0,4.0
2526,F1,2025-11-07,Paris FC,Rennes,0,1,A,19.0,10.0,4.0,3.0
2526,I1,2025-11-07,Pisa,Cremonese,1,0,H,14.0,13.0,6.0,3.0
2526,SP1,2025-11-07,Elche,Sociedad,1,1,D,12.0,13.0,3.0,5.0
2526,D1,2025-11-08,Hamburg,Dortmund,1,1,D,9.0,17.0,3.0,1.0
2526,D1,2025-11-08,Hoffenheim,RB Leipzig,3,1,H,12.0,17.0,4.0,5.0
2526,D1,2025-11-08,Leverkusen,Heidenheim,6,0,H,25.0,1.0,10.0,0.0
2526,D1,2025-11-08,M'gladbach,FC Koln,3,1,H,9.0,19.0,4.0,5.0
2526,D1,2025-11-08,Union Berlin,Bayern Munich,2,2,D,12.0,12.0,4.0,4.0
2526,E0,2025-11-08,Chelsea,Wolves,3,0,H,20.0,3.0,8.0,0.0
2526,E0,2025-11-08,Everton,Fulham,2,0,H,14.0,8.0,5.0,4.0
2526,E0,2025-11-08,Sunderland,Arsenal,2,2,D,6.0,17.0,2.0,7.0
2526,E0,2025-11-08,Tottenham,Man United,2,2,D,10.0,5.0,4.0,2.0
2526,E0,2025-11-08,West Ham,Burnley,3,2,H,15.0,16.0,6.0,7.0
2526,F1,2025-11-08,Le Havre,Nantes,1,1,D,17.0,5.0,4.0,2.0
2526,F1,2025-11-08,Marseille,Brest,3,0,H,19.0,4.0,7.0,2.0
2526,F1,2025-11-08,Monaco,Lens,1,4,A,16.0,20.0,6.0,12.0
2526,I1,2025-11-08,Como,Cagliari,0,0,D,10.0,4.0,6.0,2.0
2526,I1,2025-11-08,Juventus,Torino,0,0,D,22.0,8.0,6.0,3.0
2526,I1,2025-11-08,Lecce,Verona,0,0,D,11.0,5.0,6.0,2.0
2526,I1,2025-11-08,Parma,Milan,2,2,D,14.0,10.0,4.0,5.0
2526,SP1,2025-11-08,Ath Madrid,Levante,3,1,H,25.0,6.0,10.0,3.0
2526,SP1,2025-11-08,Espanol,Villarreal,0,2,A,14.0,9.0,3.0,3.0
2526,SP1,2025-11-08,Girona,Alaves,1,0,H,10.0,14.0,2.0,5.0
2526,SP1,2025-11-08,Sevilla,Osasuna,1,0,H,10.0,9.0,4.0,3.0
2526,D1,2025-11-09,Ein Frankfurt,Mainz,1,0,H,14.0,3.0,4.0,0.0
2526,D1,2025-11-09,Freiburg,St Pauli,2,1,H,8.0,7.0,4.0,2.0
2526,D1,2025-11-09,Stuttgart,Augsburg,3,2,H,17.0,17.0,6.0,6.0
2526,E0,2025-11-09,Aston Villa,Bournemouth,4,0,H,16.0,13.0,8.0,4.0
2526,E0,2025-11-09,Brentford,Newcastle,3,1,H,15.0,5.0,7.0,1.0
2526,E0,2025-11-09,Crystal Palace,Brighton,0,0,D,10.0,7.0,2.0,3.0
2526,E0,2025-11-09,Man City,Liverpool,3,0,H,14.0,7.0,6.0,1.0
2526,E0,2025-11-09,Nott'm Forest,Leeds,3,1,H,14.0,10.0,6.0,3.0
2526,F1,2025-11-09,Angers,Auxerre,2,0,H,9.0,12.0,5.0,5.0
2526,F1,2025-11-09,Lorient,Toulouse,1,1,D,10.0,6.0,2.0,2.0
2526,F1,2025-11-09,Lyon,Paris SG,2,3,A,9.0,9.0,2.0,4.0
2526,F1,2025-11-09,Metz,Nice,2,1,H,9.0,11.0,2.0,4.0
2526,F1,2025-11-09,Strasbourg,Lille,2,0,H,5.0,7.0,2.0,4.0
2526,I1,2025-11-09,Atalanta,Sassuolo,0,3,A,14.0,8.0,2.0,4.0
2526,I1,2025-11-09,Bologna,Napoli,2,0,H,11.0,4.0,4.0,1.0
2526,I1,2025-11-09,Genoa,Fiorentina,2,2,D,10.0,7.0,6.0,3.0
2526,I1,2025-11-09,Inter,Lazio,2,0,H,8.0,8.0,3.0,5.0
2526,I1,2025-11-09,Roma,Udinese,2,0,H,13.0,10.0,4.0,4.0
2526,SP1,2025-11-09,Ath Bilbao,Oviedo,1,0,H,21.0,5.0,7.0,2.0
2526,SP1,2025-11-09,Celta,Barcelona,2,4,A,5.0,21.0,3.0,9.0
2526,SP1,2025-11-09,Mallorca,Getafe,1,0,H,6.0,14.0,4.0,3.0
2526,SP1,2025-11-09,Valencia,Betis,1,1,D,17.0,9.0,4.0,2.0
2526,SP1,2025-11-09,Vallecano,Real Madrid,0,0,D,13.0,21.0,2.0,5.0
2526,D1,2025-11-21,Mainz,Hoffenheim,1,1,D,17.0,19.0,3.0,5.0
2526,F1,2025-11-21,Nice,Marseille,1,5,A,15.0,13.0,7.0,11.0
2526,SP1,2025-11-21,Valencia,Levante,1,0,H,14.0,8.0,3.0,1.0
2526,D1,2025-11-22,Augsburg,Hamburg,1,0,H,13.0,15.0,6.0,6.0
2526,D1,2025-11-22,Bayern Munich,Freiburg,6,2,H,22.0,8.0,8.0,2.0
2526,D1,2025-11-22,Dortmund,Stuttgart,3,3,D,14.0,16.0,6.0,6.0
2526,D1,2025-11-22,FC Koln,Ein Frankfurt,3,4,A,11.0,11.0,5.0,7.0
2526,D1,2025-11-22,Heidenheim,M'gladbach,0,3,A,7.0,16.0,2.0,4.0
2526,D1,2025-11-22,Wolfsburg,Leverkusen,1,3,A,21.0,7.0,10.0,3.0
2526,E0,2025-11-22,Bournemouth,West Ham,2,2,D,28.0,5.0,10.0,2.0
2526,E0,2025-11-22,Brighton,Brentford,2,1,H,14.0,10.0,5.0,4.0
2526,E0,2025-11-22,Burnley,Chelsea,0,2,A,8.0,15.0,2.0,5.0
2526,E0,2025-11-22,Fulham,Sunderland,1,0,H,24.0,4.0,6.0,2.0
2526,E0,2025-11-22,Liverpool,Nott'm Forest,0,3,A,21.0,15.0,4.0,7.0
2526,E0,2025-11-22,Newcastle,Man City,2,1,H,9.0,17.0,5.0,4.0
2526,E0,2025-11-22,Wolves,Crystal Palace,0,2,A,8.0,10.0,1.0,4.0
2526,F1,2025-11-22,Lens,Strasbourg,1,0,H,13.0,7.0,5.0,1.0
2526,F1,2025-11-22,Paris SG,Le Havre,3,0,H,31.0,12.0,11.0,4.0
2526,F1,2025-11-22,Rennes,Monaco,4,1,H,17.0,13.0,9.0,3.0
2526,I1,2025-11-22,Cagliari,Genoa,3,3,D,11.0,13.0,5.0,8.0
2526,I1,2025-11-22,Fiorentina,Juventus,1,1,D,11.0,17.0,2.0,4.0
2526,I1,2025-11-22,Napoli,Atalanta,3,1,H,11.0,14.0,6.0,3.0
2526,I1,2025-11-22,Udinese,Bologna,0,3,A,12.0,10.0,3.0,5.0
2526,SP1,2025-11-22,Alaves,Celta,0,1,A,5.0,7.0,2.0,4.0
2526,SP1,2025-11-22,Barcelona,Ath Bilbao,4,0,H,19.0,13.0,7.0,2.0
2526,SP1,2025-11-22,Osasuna,Sociedad,1,3,A,14.0,19.0,4.0,9.0
2526,SP1,2025-11-22,Villarreal,Mallorca,2,1,H,14.0,9.0,7.0,3.0
2526,D1,2025-11-23,RB Leipzig,Werder Bremen,2,0,H,22.0,15.0,13.0,6.0
2526,D1,2025-11-23,St Pauli,Union Berlin,0,1,A,12.0,8.0,3.0,3.0
2526,E0,2025-11-23,Arsenal,Tottenham,4,1,H,17.0,3.0,8.0,2.0
2526,E0,2025-11-23,Leeds,Aston Villa,1,2,A,14.0,14.0,5.0,3.0
2526,F1,2025-11-23,Auxerre,Lyon,0,0,D,12.0,16.0,5.0,7.0
2526,F1,2025-11-23,Brest,Metz,3,2,H,20.0,7.0,7.0,3.0
2526,F1,2025-11-23,Lille,Paris FC,4,2,H,17.0,6.0,10.0,3.0
2526,F1,2025-11-23,Nantes,Lorient,1,1,D,9.0,7.0,1.0,1.0
2526,F1,2025-11-23,Toulouse,Angers,0,1,A,25.0,6.0,6.0,2.0
2526,I1,2025-11-23,Cremonese,Roma,1,3,A,9.0,12.0,4.0,6.0
2526,I1,2025-11-23,Inter,Milan,0,1,A,20.0,7.0,6.0,3.0
2526,I1,2025-11-23,Lazio,Lecce,2,0,H,19.0,5.0,9.0,1.0
2526,I1,2025-11-23,Verona,Parma,1,2,A,10.0,15.0,2.0,7.0
2526,SP1,2025-11-23,Betis,Girona,1,1,D,23.0,11.0,7.0,4.0
2526,SP1,2025-11-23,Elche,Real Madrid,2,2,D,15.0,20.0,6.0,7.0
2526,SP1,2025-11-23,Getafe,Ath Madrid,0,1,A,9.0,13.0,1.0,6.0
2526,SP1,2025-11-23,Oviedo,Vallecano,0,0,D,8.0,11.0,3.0,3.0
2526,E0,2025-11-24,Man United,Everton,0,1,A,25.0,3.0,6.0,1.0
2526,I1,2025-11-24,Sassuolo,Pisa,2,2,D,22.0,10.0,7.0,3.0
2526,I1,2025-11-24,Torino,Como,1,5,A,10.0,15.0,2.0,7.0
2526,SP1,2025-11-24,Espanol,Sevilla,2,1,H,8.0,22.0,5.0,6.0
2526,D1,2025-11-28,M'gladbach,RB Leipzig,0,0,D,8.0,20.0,1.0,4.0
2526,F1,2025-11-28,Metz,Rennes,0,1,A,16.0,9.0,5.0,2.0
2526,I1,2025-11-28,Como,Sassuolo,2,0,H,18.0,12.0,13.0,5.0
2526,SP1,2025-11-28,Getafe,Elche,1,0,H,15.0,9.0,6.0,4.0
2526,D1,2025-11-29,Bayern Munich,St Pauli,3,1,H,19.0,10.0,4.0,1.0
2526,D1,2025-11-29,Hoffenheim,Augsburg,3,0,H,17.0,14.0,3.0,4.0
2526,D1,2025-11-29,Leverkusen,Dortmund,1,2,A,14.0,7.0,4.0,4.0
2526,D1,2025-11-29,Union Berlin,Heidenheim,1,2,A,9.0,10.0,2.0,2.0
2526,D1,2025-11-29,Werder Bremen,FC Koln,1,1,D,17.0,10.0,4.0,2.0
2526,E0,2025-11-29,Brentford,Burnley,3,1,H,14.0,6.0,4.0,2.0
2526,E0,2025-11-29,Everton,Newcastle,1,4,A,10.0,13.0,2.0,8.0
2526,E0,2025-11-29,Man City,Leeds,3,2,H,18.0,9.0,9.0,4.0
2526,E0,2025-11-29,Sunderland,Bournemouth,3,2,H,12.0,18.0,6.0,6.0
2526,E0,2025-11-29,Tottenham,Fulham,1,2,A,14.0,7.0,2.0,3.0
2526,F1,2025-11-29,Marseille,Toulouse,2,2,D,20.0,6.0,5.0,4.0
2526,F1,2025-11-29,Monaco,Paris SG,1,0,H,10.0,17.0,5.0,4.0
2526,F1,2025-11-29,Paris FC,Auxerre,1,1,D,11.0,11.0,2.0,3.0
2526,I1,2025-11-29,Genoa,Verona,2,1,H,15.0,13.0,4.0,5.0
2526,I1,2025-11-29,Juventus,Cagliari,2,1,H,14.0,5.0,6.0,3.0
2526,I1,2025-11-29,Milan,Lazio,1,0,H,16.0,9.0,4.0,4.0
2526,I1,2025-11-29,Parma,Udinese,0,2,A,17.0,14.0,2.0,5.0
2526,SP1,2025-11-29,Ath Madrid,Oviedo,2,0,H,14.0,12.0,8.0,1.0
2526,SP1,2025-11-29,Barcelona,Alaves,3,1,H,18.0,9.0,6.0,2.0
2526,SP1,2025-11-29,Levante,Ath Bilbao,0,2,A,11.0,14.0,4.0,4.0
2526,SP1,2025-11-29,Mallorca,Osasuna,2,2,D,7.0,14.0,4.0,2.0
2526,D1,2025-11-30,Ein Frankfurt,Wolfsburg,1,1,D,15.0,10.0,3.0,3.0
2526,D1,2025-11-30,Freiburg,Mainz,4,0,H,23.0,1.0,10.0,1.0
2526,D1,2025-11-30,Hamburg,Stuttgart,2,1,H,9.0,14.0,2.0,3.0
2526,E0,2025-11-30,Aston Villa,Wolves,1,0,H,16.0,9.0,6.0,4.0
2526,E0,2025-11-30,Chelsea,Arsenal,1,1,D,11.0,8.0,4.0,4.0
2526,E0,2025-11-30,Crystal Palace,Man United,1,2,A,14.0,14.0,3.0,6.0
2526,E0,2025-11-30,Nott'm Forest,Brighton,0,2,A,19.0,17.0,3.0,6.0
2526,E0,2025-11-30,West Ham,Liverpool,0,2,A,7.0,9.0,0.0,5.0
2526,F1,2025-11-30,Angers,Lens,1,2,A,7.0,17.0,5.0,6.0
2526,F1,2025-11-30,Le Havre,Lille,0,1,A,14.0,8.0,7.0,2.0
2526,F1,2025-11-30,Lorient,Nice,3,1,H,18.0,9.0,7.0,2.0
2526,F1,2025-11-30,Lyon,Nantes,3,0,H,20.0,6.0,8.0,2.0
2526,F1,2025-11-30,Strasbourg,Brest,1,2,A,14.0,7.0,6.0,4.0
2526,I1,2025-11-30,Atalanta,Fiorentina,2,0,H,21.0,15.0,9.0,3.0
2526,I1,2025-11-30,Lecce,Torino,2,1,H,10.0,15.0,2.0,6.0
2526,I1,2025-11-30,Pisa,Inter,0,2,A,10.0,14.0,2.0,3.0
2526,I1,2025-11-30,Roma,Napoli,0,1,A,8.0,8.0,2.0,5.0
2526,SP1,2025-11-30,Celta,Espanol,0,1,A,11.0,9.0,4.0,2.0
2526,SP1,2025-11-30,Girona,Real Madrid,1,1,D,10.0,25.0,4.0,4.0
2526,SP1,2025-11-30,Sevilla,Betis,0,2,A,9.0,9.0,3.0,4.0
2526,SP1,2025-11-30,Sociedad,Villarreal,2,3,A,18.0,10.0,7.0,5.0
2526,I1,2025-12-01,Bologna,Cremonese,1,3,A,29.0,10.0,7.0,5.0
2526,SP1,2025-12-01,Vallecano,Valencia,1,1,D,19.0,10.0,7.0,2.0
2526,E0,2025-12-02,Bournemouth,Everton,0,1,A,5.0,13.0,2.0,3.0
2526,E0,2025-12-02,Fulham,Man City,4,5,A,12.0,11.0,6.0,4.0
2526,E0,2025-12-02,Newcastle,Tottenham,2,2,D,19.0,8.0,7.0,2.0
2526,SP1,2025-12-02,Barcelona,Ath Madrid,3,1,H,19.0,7.0,6.0,2.0
2526,E0,2025-12-03,Arsenal,Brentford,2,0,H,15.0,6.0,7.0,1.0
2526,E0,2025-12-03,Brighton,Aston Villa,3,4,A,16.0,14.0,7.0,10.0
2526,E0,2025-12-03,Burnley,Crystal Palace,0,1,A,11.0,3.0,4.0,3.0
2526,E0,2025-12-03,Leeds,Chelsea,3,1,H,17.0,14.0,5.0,2.0
2526,E0,2025-12-03,Liverpool,Sunderland,1,1,D,23.0,9.0,4.0,6.0
2526,E0,2025-12-03,Wolves,Nott'm Forest,0,1,A,5.0,10.0,1.0,3.0
2526,SP1,2025-12-03,Ath Bilbao,Real Madrid,0,3,A,9.0,13.0,4.0,8.0
2526,E0,2025-12-04,Man United,West Ham,1,1,D,17.0,11.0,4.0,3.0
2526,D1,2025-12-05,Mainz,M'gladbach,0,1,A,8.0,14.0,2.0,5.0
2526,F1,2025-12-05,Brest,Monaco,1,0,H,12.0,10.0,4.0,2.0
2526,F1,2025-12-05,Lille,Marseille,1,0,H,5.0,6.0,2.0,2.0
2526,SP1,2025-12-05,Oviedo,Mallorca,0,0,D,15.0,13.0,3.0,6.0
2526,D1,2025-12-06,Augsburg,Leverkusen,2,0,H,13.0,20.0,6.0,2.0
2526,D1,2025-12-06,FC Koln,St Pauli,1,1,D,11.0,5.0,8.0,1.0
2526,D1,2025-12-06,Heidenheim,Freiburg,2,1,H,16.0,16.0,3.0,2.0
2526,D1,2025-12-06,RB Leipzig,Ein Frankfurt,6,0,H,16.0,8.0,7.0,2.0
2526,D1,2025-12-06,Stuttgart,Bayern Munich,0,5,A,13.0,19.0,1.0,11.0
2526,D1,2025-12-06,Wolfsburg,Union Berlin,3,1,H,4.0,21.0,3.0,6.0
2526,E0,2025-12-06,Aston Villa,Arsenal,2,1,H,15.0,15.0,6.0,9.0
2526,E0,2025-12-06,Bournemouth,Chelsea,0,0,D,13.0,11.0,5.0,4.0
2526,E0,2025-12-06,Everton,Nott'm Forest,3,0,H,11.0,7.0,5.0,3.0
2526,E0,2025-12-06,Leeds,Liverpool,3,3,D,12.0,16.0,5.0,7.0
2526,E0,2025-12-06,Man City,Sunderland,3,0,H,18.0,8.0,6.0,1.0
2526,E0,2025-12-06,Newcastle,Burnley,2,1,H,17.0,9.0,7.0,3.0
2526,E0,2025-12-06,Tottenham,Brentford,2,0,H,15.0,4.0,7.0,1.0
2526,F1,2025-12-06,Nantes,Lens,1,2,A,10.0,20.0,4.0,6.0
2526,F1,2025-12-06,Paris SG,Rennes,5,0,H,20.0,6.0,9.0,2.0
2526,F1,2025-12-06,Toulouse,Strasbourg,1,0,H,6.0,3.0,3.0,0.0
2526,I1,2025-12-06,Inter,Como,4,0,H,11.0,15.0,7.0,3.0
2526,I1,2025-12-06,Sassuolo,Fiorentina,3,1,H,13.0,9.0,5.0,1.0
2526,I1,2025-12-06,Verona,Atalanta,3,1,H,12.0,12.0,7.0,5.0
2526,SP1,2025-12-06,Alaves,Sociedad,1,0,H,14.0,10.0,3.0,1.0
2526,SP1,2025-12-06,Ath Bilbao,Ath Madrid,1,0,H,14.0,7.0,3.0,3.0
2526,SP1,2025-12-06,Betis,Barcelona,3,5,A,17.0,16.0,5.0,8.0
2526,SP1,2025-12-06,Villarreal,Getafe,2,0,H,10.0,6.0,5.0,0.0
2526,D1,2025-12-07,Dortmund,Hoffenheim,2,0,H,8.0,11.0,4.0,3.0
2526,D1,2025-12-07,Hamburg,Werder Bremen,3,2,H,12.0,10.0,6.0,3.0
2526,E0,2025-12-07,Brighton,West Ham,1,1,D,22.0,14.0,4.0,5.0
2526,E0,2025-12-07,Fulham,Crystal Palace,1,2,A,12.0,11.0,4.0,5.0
2526,F1,2025-12-07,Auxerre,Metz,3,1,H,14.0,5.0,7.0,3.0
2526,F1,2025-12-07,Le Havre,Paris FC,0,0,D,13.0,13.0,2.0,2.0
2526,F1,2025-12-07,Lorient,Lyon,1,0,H,14.0,7.0,6.0,4.0
2526,F1,2025-12-07,Nice,Angers,0,1,A,13.0,8.0,3.0,4.0
2526,I1,2025-12-07,Cagliari,Roma,1,0,H,15.0,6.0,8.0,2.0
2526,I1,2025-12-07,Cremonese,Lecce,2,0,H,11.0,9.0,4.0,1.0
2526,I1,2025-12-07,Lazio,Bologna,1,1,D,16.0,13.0,9.0,6.0
2526,I1,2025-12-07,Napoli,Juventus,2,1,H,9.0,5.0,4.0,2.0
2526,SP1,2025-12-07,Elche,Girona,3,0,H,11.0,8.0,6.0,4.0
2526,SP1,2025-12-07,Espanol,Vallecano,1,0,H,9.0,6.0,2.0,2.0
2526,SP1,2025-12-07,Real Madrid,Celta,0,2,A,23.0,7.0,7.0,5.0
2526,SP1,2025-12-07,Valencia,Sevilla,1,1,D,11.0,4.0,3.0,1.0
2526,E0,2025-12-08,Wolves,Man United,1,4,A,8.0,27.0,2.0,10.0
2526,I1,2025-12-08,Pisa,Parma,0,1,A,14.0,9.0,2.0,2.0
2526,I1,2025-12-08,Torino,Milan,2,3,A,8.0,17.0,4.0,6.0
2526,I1,2025-12-08,Udinese,Genoa,1,2,A,23.0,12.0,6.0,6.0
2526,SP1,2025-12-08,Osasuna,Levante,2,0,H,14.0,11.0,6.0,5.0
2526,D1,2025-12-12,Union Berlin,RB Leipzig,3,1,H,12.0,9.0,6.0,3.0
2526,F1,2025-12-12,Angers,Nantes,4,1,H,20.0,7.0,9.0,4.0
2526,I1,2025-12-12,Lecce,Pisa,1,0,H,21.0,5.0,3.0,0.0
2526,SP1,2025-12-12,Sociedad,Girona,1,2,A,9.0,14.0,4.0,3.0
2526,D1,2025-12-13,Ein Frankfurt,Augsburg,1,0,H,11.0,12.0,4.0,1.0
2526,D1,2025-12-13,Hoffenheim,Hamburg,4,1,H,10.0,14.0,6.0,5.0
2526,D1,2025-12-13,Leverkusen,FC Koln,2,0,H,17.0,6.0,6.0,4.0
2526,D1,2025-12-13,M'gladbach,Wolfsburg,1,3,A,14.0,11.0,4.0,6.0
2526,D1,2025-12-13,St Pauli,Heidenheim,2,1,H,8.0,20.0,5.0,7.0
2526,E0,2025-12-13,Arsenal,Wolves,2,1,H,16.0,3.0,2.0,2.0
2526,E0,2025-12-13,Burnley,Fulham,2,3,A,16.0,6.0,8.0,4.0
2526,E0,2025-12-13,Chelsea,Everton,2,0,H,17.0,11.0,5.0,2.0
2526,E0,2025-12-13,Liverpool,Brighton,2,0,H,18.0,14.0,4.0,1.0
2526,F1,2025-12-13,Metz,Paris SG,2,3,A,9.0,14.0,5.0,9.0
2526,F1,2025-12-13,Paris FC,Toulouse,0,3,A,9.0,7.0,2.0,4.0
2526,F1,2025-12-13,Rennes,Brest,3,1,H,9.0,14.0,5.0,7.0
2526,I1,2025-12-13,Atalanta,Cagliari,2,1,H,17.0,8.0,8.0,1.0
2526,I1,2025-12-13,Parma,Lazio,0,1,A,19.0,15.0,5.0,5.0
2526,I1,2025-12-13,Torino,Cremonese,1,0,H,18.0,10.0,6.0,3.0
2526,SP1,2025-12-13,Ath Madrid,Valencia,2,1,H,10.0,13.0,6.0,2.0
2526,SP1,2025-12-13,Barcelona,Osasuna,2,0,H,24.0,3.0,7.0,2.0
2526,SP1,2025-12-13,Getafe,Espanol,0,1,A,11.0,6.0,1.0,4.0
2526,SP1,2025-12-13,Mallorca,Elche,3,1,H,15.0,9.0,8.0,0.0
2526,D1,2025-12-14,Bayern Munich,Mainz,2,2,D,24.0,5.0,11.0,2.0
2526,D1,2025-12-14,Freiburg,Dortmund,1,1,D,21.0,9.0,6.0,4.0
2526,D1,2025-12-14,Werder Bremen,Stuttgart,0,4,A,9.0,24.0,3.0,12.0
2526,E0,2025-12-14,Brentford,Leeds,1,1,D,7.0,18.0,2.0,4.0
2526,E0,2025-12-14,Crystal Palace,Man City,0,3,A,16.0,7.0,4.0,6.0
2526,E0,2025-12-14,Nott'm Forest,Tottenham,3,0,H,15.0,6.0,6.0,1.0
2526,E0,2025-12-14,Sunderland,Newcastle,1,0,H,5.0,6.0,1.0,2.0
2526,E0,2025-12-14,West Ham,Aston Villa,2,3,A,10.0,7.0,3.0,4.0
2526,F1,2025-12-14,Auxerre,Lille,3,4,A,18.0,8.0,8.0,5.0
2526,F1,2025-12-14,Lens,Nice,2,0,H,15.0,8.0,5.0,4.0
2526,F1,2025-12-14,Lyon,Le Havre,1,0,H,18.0,10.0,4.0,4.0
2526,F1,2025-12-14,Marseille,Monaco,1,0,H,18.0,18.0,8.0,7.0
2526,F1,2025-12-14,Strasbourg,Lorient,0,0,D,12.0,10.0,2.0,2.0
2526,I1,2025-12-14,Bologna,Juventus,0,1,A,11.0,13.0,4.0,3.0
2526,I1,2025-12-14,Fiorentina,Verona,1,2,A,20.0,13.0,4.0,3.0
2526,I1,2025-12-14,Genoa,Inter,1,2,A,5.0,18.0,3.0,8.0
2526,I1,2025-12-14,Milan,Sassuolo,2,2,D,13.0,8.0,5.0,3.0
2526,I1,2025-12-14,Udinese,Napoli,1,0,H,18.0,7.0,5.0,0.0
2526,SP1,2025-12-14,Alaves,Real Madrid,1,2,A,6.0,13.0,2.0,6.0
2526,SP1,2025-12-14,Celta,Ath Bilbao,2,0,H,5.0,14.0,2.0,2.0
2526,SP1,2025-12-14,Sevilla,Oviedo,4,0,H,13.0,5.0,7.0,1.0
2526,E0,2025-12-15,Man United,Bournemouth,4,4,D,25.0,14.0,9.0,9.0
2526,I1,2025-12-15,Roma,Como,1,0,H,14.0,13.0,4.0,1.0
2526,SP1,2025-12-15,Vallecano,Betis,0,0,D,23.0,13.0,7.0,6.0
2526,D1,2025-12-19,Dortmund,M'gladbach,2,0,H,10.0,6.0,4.0,1.0
2526,SP1,2025-12-19,Valencia,Mallorca,1,1,D,17.0,4.0,2.0,2.0
2526,D1,2025-12-20,Augsburg,Werder Bremen,0,0,D,14.0,9.0,6.0,0.0
2526,D1,2025-12-20,FC Koln,Union Berlin,0,1,A,13.0,11.0,2.0,3.0
2526,D1,2025-12-20,Hamburg,Ein Frankfurt,1,1,D,9.0,9.0,3.0,3.0
2526,D1,2025-12-20,RB Leipzig,Leverkusen,1,3,A,19.0,15.0,7.0,8.0
2526,D1,2025-12-20,Stuttgart,Hoffenheim,0,0,D,10.0,4.0,3.0,1.0
2526,D1,2025-12-20,Wolfsburg,Freiburg,3,4,A,13.0,15.0,6.0,8.0
2526,E0,2025-12-20,Bournemouth,Burnley,1,1,D,16.0,4.0,1.0,1.0
2526,E0,2025-12-20,Brighton,Sunderland,0,0,D,16.0,14.0,4.0,6.0
2526,E0,2025-12-20,Everton,Arsenal,0,1,A,5.0,13.0,1.0,2.0
2526,E0,2025-12-20,Leeds,Crystal Palace,4,1,H,20.0,9.0,8.0,3.0
2526,E0,2025-12-20,Man City,West Ham,3,0,H,17.0,7.0,8.0,3.0
2526,E0,2025-12-20,Newcastle,Chelsea,2,2,D,11.0,13.0,5.0,4.0
2526,E0,2025-12-20,Tottenham,Liverpool,1,2,A,15.0,8.0,4.0,4.0
2526,E0,2025-12-20,Wolves,Brentford,0,2,A,9.0,7.0,2.0,6.0
2526,I1,2025-12-20,Juventus,Roma,2,1,H,13.0,14.0,9.0,5.0
2526,I1,2025-12-20,Lazio,Cremonese,0,0,D,8.0,9.0,2.0,2.0
2526,SP1,2025-12-20,Levante,Sociedad,1,1,D,13.0,18.0,3.0,6.0
2526,SP1,2025-12-20,Osasuna,Alaves,3,0,H,16.0,7.0,7.0,3.0
2526,SP1,2025-12-20,Oviedo,Celta,0,0,D,10.0,6.0,3.0,2.0
2526,SP1,2025-12-20,Real Madrid,Sevilla,2,0,H,18.0,14.0,8.0,5.0
2526,D1,2025-12-21,Heidenheim,Bayern Munich,0,4,A,8.0,23.0,1.0,11.0
2526,D1,2025-12-21,Mainz,St Pauli,0,0,D,13.0,5.0,1.0,1.0
2526,E0,2025-12-21,Aston Villa,Man United,2,1,H,12.0,15.0,4.0,6.0
2526,I1,2025-12-21,Cagliari,Pisa,2,2,D,14.0,15.0,5.0,3.0
2526,I1,2025-12-21,Fiorentina,Udinese,5,1,H,20.0,11.0,7.0,4.0
2526,I1,2025-12-21,Genoa,Atalanta,0,1,A,6.0,16.0,3.0,4.0
2526,I1,2025-12-21,Sassuolo,Torino,0,1,A,7.0,10.0,1.0,5.0
2526,SP1,2025-12-21,Betis,Getafe,4,0,H,19.0,15.0,8.0,3.0
2526,SP1,2025-12-21,Elche,Vallecano,4,0,H,18.0,18.0,6.0,8.0
2526,SP1,2025-12-21,Girona,Ath Madrid,0,3,A,9.0,14.0,2.0,6.0
2526,SP1,2025-12-21,Villarreal,Barcelona,0,2,A,14.0,19.0,5.0,5.0
2526,E0,2025-12-22,Fulham,Nott'm Forest,1,0,H,11.0,12.0,1.0,2.0
2526,SP1,2025-12-22,Ath Bilbao,Espanol,1,2,A,17.0,10.0,7.0,5.0
2526,E0,2025-12-26,Man United,Newcastle,1,0,H,10.0,16.0,4.0,3.0
2526,E0,2025-12-27,Arsenal,Brighton,2,1,H,24.0,8.0,6.0,3.0
2526,E0,2025-12-27,Brentford,Bournemouth,4,1,H,15.0,20.0,7.0,10.0
2526,E0,2025-12-27,Burnley,Everton,0,0,D,16.0,15.0,0.0,6.0
2526,E0,2025-12-27,Chelsea,Aston Villa,1,2,A,14.0,11.0,3.0,8.0
2526,E0,2025-12-27,Liverpool,Wolves,2,1,H,14.0,9.0,4.0,4.0
2526,E0,2025-12-27,Nott'm Forest,Man City,1,2,A,7.0,16.0,2.0,5.0
2526,E0,2025-12-27,West Ham,Fulham,0,1,A,11.0,15.0,2.0,4.0
2526,I1,2025-12-27,Lecce,Como,0,3,A,11.0,12.0,5.0,6.0
2526,I1,2025-12-27,Parma,Fiorentina,1,0,H,13.0,23.0,2.0,4.0
2526,I1,2025-12-27,Pisa,Juventus,0,2,A,8.0,15.0,0.0,7.0
2526,I1,2025-12-27,Torino,Cagliari,1,2,A,19.0,9.0,10.0,4.0
2526,I1,2025-12-27,Udinese,Lazio,1,1,D,15.0,14.0,4.0,2.0
2526,E0,2025-12-28,Crystal Palace,Tottenham,0,1,A,15.0,8.0,2.0,4.0
2526,E0,2025-12-28,Sunderland,Leeds,1,1,D,8.0,17.0,3.0,6.0
2526,I1,2025-12-28,Atalanta,Inter,0,1,A,7.0,15.0,0.0,4.0
2526,I1,2025-12-28,Bologna,Sassuolo,1,1,D,16.0,8.0,6.0,5.0
2526,I1,2025-12-28,Cremonese,Napoli,0,2,A,6.0,22.0,2.0,8.0
2526,I1,2025-12-28,Milan,Verona,3,0,H,11.0,9.0,5.0,1.0
2526,I1,2025-12-29,Roma,Genoa,3,1,H,16.0,10.0,8.0,2.0
2526,E0,2025-12-30,Arsenal,Aston Villa,4,1,H,22.0,11.0,7.0,3.0
2526,E0,2025-12-30,Burnley,Newcastle,1,3,A,15.0,20.0,4.0,9.0
2526,E0,2025-12-30,Chelsea,Bournemouth,2,2,D,17.0,17.0,3.0,6.0
2526,E0,2025-12-30,Man United,Wolves,1,1,D,15.0,11.0,6.0,4.0
2526,E0,2025-12-30,Nott'm Forest,Everton,0,2,A,21.0,11.0,6.0,3.0
2526,E0,2025-12-30,West Ham,Brighton,2,2,D,10.0,16.0,4.0,6.0
2526,E0,2026-01-01,Brentford,Tottenham,0,0,D,7.0,9.0,2.0,3.0
2526,E0,2026-01-01,Crystal Palace,Fulham,1,1,D,11.0,17.0,2.0,5.0
2526,E0,2026-01-01,Liverpool,Leeds,0,0,D,19.0,4.0,4.0,2.0
2526,E0,2026-01-01,Sunderland,Man City,0,0,D,10.0,14.0,4.0,4.0
2526,F1,2026-01-02,Toulouse,Lens,0,3,A,8.0,16.0,2.0,7.0
2526,I1,2026-01-02,Cagliari,Milan,0,1,A,6.0,11.0,1.0,4.0
2526,SP1,2026-01-02,Vallecano,Getafe,1,1,D,13.0,12.0,4.0,4.0
2526,E0,2026-01-03,Aston Villa,Nott'm Forest,3,1,H,11.0,10.0,4.0,5.0
2526,E0,2026-01-03,Bournemouth,Arsenal,2,3,A,15.0,12.0,3.0,5.0
2526,E0,2026-01-03,Brighton,Burnley,2,0,H,15.0,5.0,4.0,3.0
2526,E0,2026-01-03,Wolves,West Ham,3,0,H,11.0,6.0,8.0,0.0
2526,F1,2026-01-03,Lille,Rennes,0,2,A,13.0,18.0,3.0,4.0
2526,F1,2026-01-03,Monaco,Lyon,1,3,A,6.0,13.0,2.0,9.0
2526,F1,2026-01-03,Nice,Strasbourg,1,1,D,19.0,8.0,6.0,5.0
2526,I1,2026-01-03,Atalanta,Roma,1,0,H,13.0,10.0,2.0,4.0
2526,I1,2026-01-03,Como,Udinese,1,0,H,15.0,4.0,3.0,1.0
2526,I1,2026-01-03,Genoa,Pisa,1,1,D,12.0,10.0,4.0,2.0
2526,I1,2026-01-03,Juventus,Lecce,1,1,D,25.0,6.0,5.0,1.0
2526,I1,2026-01-03,Sassuolo,Parma,1,1,D,11.0,16.0,3.0,5.0
2526,SP1,2026-01-03,Celta,Valencia,4,1,H,12.0,16.0,6.0,5.0
2526,SP1,2026-01-03,Elche,Villarreal,1,3,A,15.0,12.0,2.0,4.0
2526,SP1,2026-01-03,Espanol,Barcelona,0,2,A,14.0,15.0,7.0,6.0
2526,SP1,2026-01-03,Osasuna,Ath Bilbao,1,1,D,11.0,16.0,4.0,6.0
2526,E0,2026-01-04,Everton,Brentford,2,4,A,14.0,11.0,6.0,7.0
2526,E0,2026-01-04,Fulham,Liverpool,2,2,D,8.0,10.0,2.0,2.0
2526,E0,2026-01-04,Leeds,Man United,1,1,D,11.0,15.0,3.0,2.0
2526,E0,2026-01-04,Man City,Chelsea,1,1,D,14.0,8.0,3.0,3.0
2526,E0,2026-01-04,Newcastle,Crystal Palace,2,0,H,12.0,11.0,7.0,1.0
2526,E0,2026-01-04,Tottenham,Sunderland,1,1,D,13.0,10.0,5.0,3.0
2526,F1,2026-01-04,Brest,Auxerre,2,0,H,11.0,10.0,4.0,1.0
2526,F1,2026-01-04,Le Havre,Angers,2,1,H,11.0,9.0,6.0,3.0
2526,F1,2026-01-04,Lorient,Metz,1,1,D,16.0,8.0,5.0,2.0
2526,F1,2026-01-04,Marseille,Nantes,0,2,A,11.0,15.0,4.0,9.0
2526,F1,2026-01-04,Paris SG,Paris FC,2,1,H,20.0,6.0,6.0,3.0
2526,I1,2026-01-04,Fiorentina,Cremonese,1,0,H,22.0,6.0,8.0,2.0
2526,I1,2026-01-04,Inter,Bologna,3,1,H,19.0,6.0,10.0,2.0
2526,I1,2026-01-04,Lazio,Napoli,0,2,A,5.0,14.0,0.0,3.0
2526,I1,2026-01-04,Verona,Torino,0,3,A,7.0,21.0,3.0,5.0
2526,SP1,2026-01-04,Alaves,Oviedo,1,1,D,18.0,18.0,7.0,6.0
2526,SP1,2026-01-04,Mallorca,Girona,1,2,A,9.0,9.0,2.0,4.0
2526,SP1,2026-01-04,Real Madrid,Betis,5,1,H,19.0,13.0,9.0,5.0
2526,SP1,2026-01-04,Sevilla,Levante,0,3,A,15.0,6.0,7.0,4.0
2526,SP1,2026-01-04,Sociedad,Ath Madrid,1,1,D,18.0,10.0,8.0,2.0
2526,E0,2026-01-06,West Ham,Nott'm Forest,1,2,A,14.0,13.0,3.0,5.0
2526,I1,2026-01-06,Lecce,Roma,0,2,A,6.0,10.0,1.0,3.0
2526,I1,2026-01-06,Pisa,Como,0,3,A,10.0,15.0,4.0,7.0
2526,I1,2026-01-06,Sassuolo,Juventus,0,3,A,7.0,17.0,2.0,10.0
2526,E0,2026-01-07,Bournemouth,Tottenham,3,2,H,11.0,16.0,3.0,4.0
2526,E0,2026-01-07,Brentford,Sunderland,3,0,H,18.0,11.0,6.0,3.0
2526,E0,2026-01-07,Burnley,Man United,2,2,D,7.0,30.0,1.0,10.0
2526,E0,2026-01-07,Crystal Palace,Aston Villa,0,0,D,11.0,15.0,5.0,3.0
2526,E0,2026-01-07,Everton,Wolves,1,1,D,13.0,13.0,2.0,4.0
2526,E0,2026-01-07,Fulham,Chelsea,2,1,H,16.0,14.0,5.0,6.0
2526,E0,2026-01-07,Man City,Brighton,1,1,D,22.0,6.0,6.0,3.0
2526,E0,2026-01-07,Newcastle,Leeds,4,3,H,18.0,14.0,8.0,6.0
2526,I1,2026-01-07,Bologna,Atalanta,0,2,A,11.0,11.0,2.0,5.0
2526,I1,2026-01-07,Lazio,Fiorentina,2,2,D,17.0,8.0,9.0,5.0
2526,I1,2026-01-07,Napoli,Verona,2,2,D,15.0,11.0,4.0,4.0
2526,I1,2026-01-07,Parma,Inter,0,2,A,4.0,26.0,0.0,8.0
2526,I1,2026-01-07,Torino,Udinese,1,2,A,10.0,9.0,4.0,4.0
2526,E0,2026-01-08,Arsenal,Liverpool,0,0,D,9.0,8.0,4.0,0.0
2526,I1,2026-01-08,Cremonese,Cagliari,2,2,D,12.0,21.0,5.0,5.0
2526,I1,2026-01-08,Milan,Genoa,1,1,D,32.0,7.0,8.0,2.0
2526,D1,2026-01-09,Ein Frankfurt,Dortmund,3,3,D,12.0,16.0,6.0,6.0
2526,SP1,2026-01-09,Getafe,Sociedad,1,2,A,6.0,12.0,3.0,5.0
2526,D1,2026-01-10,Freiburg,Hamburg,2,1,H,20.0,10.0,7.0,5.0
2526,D1,2026-01-10,Heidenheim,FC Koln,2,2,D,14.0,21.0,6.0,9.0
2526,D1,2026-01-10,Leverkusen,Stuttgart,1,4,A,16.0,10.0,4.0,7.0
2526,D1,2026-01-10,Union Berlin,Mainz,2,2,D,17.0,9.0,5.0,6.0
2526,I1,2026-01-10,Atalanta,Torino,2,0,H,18.0,10.0,5.0,3.0
2526,I1,2026-01-10,Como,Bologna,1,1,D,12.0,7.0,3.0,2.0
2526,I1,2026-01-10,Roma,Sassuolo,2,0,H,26.0,5.0,6.0,3.0
2526,I1,2026-01-10,Udinese,Pisa,2,2,D,11.0,14.0,2.0,7.0
2526,SP1,2026-01-10,Girona,Osasuna,1,0,H,8.0,13.0,4.0,1.0
2526,SP1,2026-01-10,Oviedo,Betis,1,1,D,13.0,15.0,3.0,6.0
2526,SP1,2026-01-10,Valencia,Elche,1,1,D,16.0,5.0,4.0,1.0
2526,SP1,2026-01-10,Villarreal,Alaves,3,1,H,11.0,16.0,4.0,5.0
2526,D1,2026-01-11,Bayern Munich,Wolfsburg,8,1,H,16.0,8.0,10.0,3.0
2526,D1,2026-01-11,M'gladbach,Augsburg,4,0,H,12.0,17.0,7.0,2.0
2526,I1,2026-01-11,Fiorentina,Milan,1,1,D,20.0,13.0,7.0,3.0
2526,I1,2026-01-11,Inter,Napoli,2,2,D,13.0,7.0,4.0,3.0
2526,I1,2026-01-11,Lecce,Parma,1,2,A,10.0,12.0,1.0,2.0
2526,I1,2026-01-11,Verona,Lazio,0,1,A,10.0,11.0,2.0,2.0
2526,SP1,2026-01-11,Levante,Espanol,1,1,D,8.0,19.0,2.0,3.0
2526,SP1,2026-01-11,Vallecano,Mallorca,2,1,H,14.0,9.0,5.0,2.0
2526,I1,2026-01-12,Genoa,Cagliari,3,0,H,11.0,15.0,7.0,3.0
2526,I1,2026-01-12,Juventus,Cremonese,5,0,H,18.0,9.0,11.0,2.0
2526,SP1,2026-01-12,Sevilla,Celta,0,1,A,7.0,9.0,2.0,7.0
2526,D1,2026-01-13,Dortmund,Werder Bremen,3,0,H,18.0,6.0,8.0,3.0
2526,D1,2026-01-13,Mainz,Heidenheim,2,1,H,13.0,15.0,6.0,4.0
2526,D1,2026-01-13,Stuttgart,Ein Frankfurt,3,2,H,20.0,12.0,11.0,5.0
2526,D1,2026-01-14,FC Koln,Bayern Munich,1,3,A,8.0,19.0,3.0,8.0
2526,D1,2026-01-14,Hoffenheim,M'gladbach,5,1,H,18.0,7.0,10.0,5.0
2526,D1,2026-01-14,RB Leipzig,Freiburg,2,0,H,21.0,3.0,7.0,1.0
2526,D1,2026-01-14,Wolfsburg,St Pauli,2,1,H,13.0,9.0,5.0,4.0
2526,I1,2026-01-14,Inter,Lecce,1,0,H,21.0,10.0,7.0,1.0
2526,I1,2026-01-14,Napoli,Parma,0,0,D,16.0,4.0,4.0,1.0
2526,D1,2026-01-15,Augsburg,Union Berlin,1,1,D,9.0,16.0,5.0,3.0
2526,I1,2026-01-15,Como,Milan,1,3,A,18.0,7.0,8.0,4.0
2526,I1,2026-01-15,Verona,Bologna,2,3,A,15.0,14.0,5.0,5.0
2526,D1,2026-01-16,Werder Bremen,Ein Frankfurt,3,3,D,13.0,8.0,4.0,4.0
2526,F1,2026-01-16,Monaco,Lorient,1,3,A,14.0,14.0,7.0,4.0
2526,F1,2026-01-16,Paris SG,Lille,3,0,H,13.0,7.0,7.0,4.0
2526,I1,2026-01-16,Pisa,Atalanta,1,1,D,14.0,9.0,6.0,4.0
2526,SP1,2026-01-16,Espanol,Girona,0,2,A,14.0,7.0,2.0,4.0
2526,D1,2026-01-17,Dortmund,St Pauli,3,2,H,10.0,9.0,6.0,5.0
2526,D1,2026-01-17,FC Koln,Mainz,2,1,H,20.0,11.0,6.0,7.0
2526,D1,2026-01-17,Hamburg,M'gladbach,0,0,D,25.0,6.0,12.0,0.0
2526,D1,2026-01-17,Hoffenheim,Leverkusen,1,0,H,19.0,8.0,8.0,2.0
2526,D1,2026-01-17,RB Leipzig,Bayern Munich,1,5,A,17.0,19.0,4.0,12.0
2526,D1,2026-01-17,Wolfsburg,Heidenheim,1,1,D,13.0,13.0,4.0,3.0
2526,E0,2026-01-17,Chelsea,Brentford,2,0,H,6.0,15.0,2.0,5.0
2526,E0,2026-01-17,Leeds,Fulham,1,0,H,14.0,8.0,5.0,1.0
2526,E0,2026-01-17,Liverpool,Burnley,1,1,D,32.0,7.0,11.0,1.0
2526,E0,2026-01-17,Man United,Man City,2,0,H,11.0,7.0,7.0,1.0
2526,E0,2026-01-17,Nott'm Forest,Arsenal,0,0,D,6.0,15.0,0.0,3.0
2526,E0,2026-01-17,Sunderland,Crystal Palace,2,1,H,13.0,6.0,7.0,2.0
2526,E0,2026-01-17,Tottenham,West Ham,1,2,A,21.0,17.0,6.0,4.0
2526,F1,2026-01-17,Angers,Marseille,2,5,A,7.0,23.0,3.0,11.0
2526,F1,2026-01-17,Lens,Auxerre,1,0,H,19.0,5.0,7.0,0.0
2526,F1,2026-01-17,Toulouse,Nice,5,1,H,22.0,15.0,10.0,6.0
2526,I1,2026-01-17,Cagliari,Juventus,1,0,H,3.0,21.0,1.0,5.0
2526,I1,2026-01-17,Napoli,Sassuolo,1,0,H,11.0,21.0,4.0,4.0
2526,I1,2026-01-17,Udinese,Inter,0,1,A,5.0,14.0,1.0,5.0
2526,SP1,2026-01-17,Betis,Villarreal,2,0,H,15.0,9.0,6.0,3.0
2526,SP1,2026-01-17,Mallorca,Ath Bilbao,3,2,H,18.0,21.0,9.0,11.0
2526,SP1,2026-01-17,Osasuna,Oviedo,3,2,H,16.0,13.0,5.0,5.0
2526,SP1,2026-01-17,Real Madrid,Levante,2,0,H,26.0,10.0,11.0,0.0
2526,D1,2026-01-18,Augsburg,Freiburg,2,2,D,13.0,12.0,5.0,5.0
2526,D1,2026-01-18,Stuttgart,Union Berlin,1,1,D,13.0,20.0,4.0,3.0
2526,E0,2026-01-18,Aston Villa,Everton,0,1,A,18.0,9.0,5.0,3.0
2526,E0,2026-01-18,Wolves,Newcastle,0,0,D,6.0,12.0,2.0,2.0
2526,F1,2026-01-18,Lyon,Brest,2,1,H,19.0,5.0,6.0,2.0
2526,F1,2026-01-18,Nantes,Paris FC,1,2,A,5.0,10.0,1.0,3.0
2526,F1,2026-01-18,Rennes,Le Havre,1,1,D,19.0,7.0,7.0,4.0
2526,F1,2026-01-18,Strasbourg,Metz,2,1,H,14.0,9.0,6.0,2.0
2526,I1,2026-01-18,Bologna,Fiorentina,1,2,A,18.0,11.0,3.0,4.0
2526,I1,2026-01-18,Milan,Lecce,1,0,H,20.0,4.0,6.0,0.0
2526,I1,2026-01-18,Parma,Genoa,0,0,D,14.0,11.0,2.0,3.0
2526,I1,2026-01-18,Torino,Roma,0,2,A,8.0,14.0,4.0,5.0
2526,SP1,2026-01-18,Ath Madrid,Alaves,1,0,H,23.0,8.0,6.0,0.0
2526,SP1,2026-01-18,Celta,Vallecano,3,0,H,11.0,14.0,7.0,3.0
2526,SP1,2026-01-18,Getafe,Valencia,0,1,A,14.0,7.0,3.0,1.0
2526,SP1,2026-01-18,Sociedad,Barcelona,2,1,H,8.0,25.0,6.0,9.0
2526,E0,2026-01-19,Brighton,Bournemouth,1,1,D,17.0,11.0,5.0,2.0
2526,I1,2026-01-19,Cremonese,Verona,0,0,D,7.0,11.0,1.0,4.0
2526,I1,2026-01-19,Lazio,Como,0,3,A,8.0,11.0,4.0,6.0
2526,SP1,2026-01-19,Elche,Sevilla,2,2,D,10.0,25.0,5.0,8.0
2526,D1,2026-01-23,St Pauli,Hamburg,0,0,D,8.0,5.0,3.0,2.0
2526,F1,2026-01-23,Auxerre,Paris SG,0,1,A,8.0,16.0,0.0,8.0
2526,I1,2026-01-23,Inter,Pisa,6,2,H,34.0,8.0,14.0,3.0
2526,SP1,2026-01-23,Levante,Elche,3,2,H,26.0,6.0,6.0,3.0
2526,D1,2026-01-24,Bayern Munich,Augsburg,1,2,A,15.0,16.0,6.0,6.0
2526,D1,2026-01-24,Ein Frankfurt,Hoffenheim,1,3,A,9.0,10.0,3.0,5.0
2526,D1,2026-01-24,Heidenheim,RB Leipzig,0,3,A,7.0,11.0,2.0,8.0
2526,D1,2026-01-24,Leverkusen,Werder Bremen,1,0,H,13.0,17.0,4.0,3.0
2526,D1,2026-01-24,Mainz,Wolfsburg,3,1,H,20.0,7.0,9.0,2.0
2526,D1,2026-01-24,Union Berlin,Dortmund,0,3,A,10.0,15.0,3.0,5.0
2526,E0,2026-01-24,Bournemouth,Liverpool,3,2,H,12.0,14.0,5.0,4.0
2526,E0,2026-01-24,Burnley,Tottenham,2,2,D,9.0,18.0,4.0,11.0
2526,E0,2026-01-24,Fulham,Brighton,2,1,H,12.0,13.0,4.0,5.0
2526,E0,2026-01-24,Man City,Wolves,2,0,H,11.0,11.0,4.0,1.0
2526,E0,2026-01-24,West Ham,Sunderland,3,1,H,13.0,7.0,5.0,2.0
2526,F1,2026-01-24,Le Havre,Monaco,0,0,D,7.0,10.0,1.0,2.0
2526,F1,2026-01-24,Marseille,Lens,3,1,H,10.0,7.0,5.0,2.0
2526,F1,2026-01-24,Rennes,Lorient,0,2,A,22.0,6.0,5.0,4.0
2526,I1,2026-01-24,Como,Torino,6,0,H,17.0,7.0,7.0,1.0
2526,I1,2026-01-24,Fiorentina,Cagliari,1,2,A,15.0,10.0,3.0,6.0
2526,I1,2026-01-24,Lecce,Lazio,0,0,D,15.0,6.0,2.0,1.0
2526,SP1,2026-01-24,Sevilla,Ath Bilbao,2,1,H,10.0,15.0,7.0,3.0
2526,SP1,2026-01-24,Valencia,Espanol,3,2,H,10.0,16.0,5.0,6.0
2526,SP1,2026-01-24,Vallecano,Osasuna,1,3,A,11.0,14.0,4.0,5.0
2526,SP1,2026-01-24,Villarreal,Real Madrid,0,2,A,8.0,14.0,1.0,4.0
2526,D1,2026-01-25,Freiburg,FC Koln,2,1,H,13.0,19.0,5.0,4.0
2526,D1,2026-01-25,M'gladbach,Stuttgart,0,3,A,12.0,17.0,3.0,8.0
2526,E0,2026-01-25,Arsenal,Man United,2,3,A,15.0,10.0,4.0,3.0
2526,E0,2026-01-25,Brentford,Nott'm Forest,0,2,A,10.0,7.0,1.0,2.0
2526,E0,2026-01-25,Crystal Palace,Chelsea,1,3,A,13.0,10.0,7.0,6.0
2526,E0,2026-01-25,Newcastle,Aston Villa,0,2,A,15.0,14.0,4.0,8.0
2526,F1,2026-01-25,Brest,Toulouse,0,2,A,13.0,8.0,5.0,5.0
2526,F1,2026-01-25,Lille,Strasbourg,1,4,A,20.0,15.0,6.0,6.0
2526,F1,2026-01-25,Metz,Lyon,2,5,A,15.0,13.0,6.0,10.0
2526,F1,2026-01-25,Nantes,Nice,1,4,A,20.0,7.0,5.0,4.0
2526,F1,2026-01-25,Paris FC,Angers,0,0,D,8.0,7.0,1.0,1.0
2526,I1,2026-01-25,Atalanta,Parma,4,0,H,21.0,15.0,9.0,2.0
2526,I1,2026-01-25,Genoa,Bologna,3,2,H,8.0,13.0,6.0,3.0
2526,I1,2026-01-25,Juventus,Napoli,3,0,H,12.0,9.0,6.0,1.0
2526,I1,2026-01-25,Roma,Milan,1,1,D,15.0,5.0,7.0,2.0
2526,I1,2026-01-25,Sassuolo,Cremonese,1,0,H,13.0,10.0,7.0,4.0
2526,SP1,2026-01-25,Alaves,Betis,2,1,H,17.0,18.0,9.0,4.0
2526,SP1,2026-01-25,Ath Madrid,Mallorca,3,0,H,17.0,6.0,8.0,1.0
2526,SP1,2026-01-25,Barcelona,Oviedo,3,0,H,15.0,12.0,7.0,3.0
2526,SP1,2026-01-25,Sociedad,Celta,3,1,H,10.0,17.0,4.0,4.0
2526,E0,2026-01-26,Everton,Leeds,1,1,D,10.0,14.0,3.0,4.0
2526,I1,2026-01-26,Verona,Udinese,1,3,A,7.0,20.0,4.0,7.0
2526,SP1,2026-01-26,Girona,Getafe,1,1,D,12.0,8.0,4.0,2.0
2526,D1,2026-01-27,St Pauli,RB Leipzig,1,1,D,7.0,12.0,2.0,5.0
2526,D1,2026-01-27,Werder Bremen,Hoffenheim,0,2,A,26.0,12.0,3.0,3.0
2526,D1,2026-01-30,FC Koln,Wolfsburg,1,0,H,15.0,14.0,3.0,3.0
2526,F1,2026-01-30,Lens,Le Havre,1,0,H,15.0,8.0,3.0,2.0
2526,I1,2026-01-30,Lazio,Genoa,3,2,H,14.0,16.0,4.0,4.0
2526,SP1,2026-01-30,Espanol,Alaves,1,2,A,10.0,11.0,3.0,7.0
2526,D1,2026-01-31,Augsburg,St Pauli,2,1,H,12.0,17.0,6.0,5.0
2526,D1,2026-01-31,Ein Frankfurt,Leverkusen,1,3,A,11.0,11.0,4.0,4.0
2526,D1,2026-01-31,Hamburg,Bayern Munich,2,2,D,14.0,13.0,4.0,7.0
2526,D1,2026-01-31,Hoffenheim,Union Berlin,3,1,H,9.0,16.0,4.0,3.0
2526,D1,2026-01-31,RB Leipzig,Mainz,1,2,A,15.0,11.0,4.0,4.0
2526,D1,2026-01-31,Werder Bremen,M'gladbach,1,1,D,18.0,7.0,6.0,2.0
2526,E0,2026-01-31,Brighton,Everton,1,1,D,11.0,7.0,2.0,4.0
2526,E0,2026-01-31,Chelsea,West Ham,3,2,H,14.0,11.0,6.0,6.0
2526,E0,2026-01-31,Leeds,Arsenal,0,4,A,3.0,14.0,1.0,8.0
2526,E0,2026-01-31,Liverpool,Newcastle,4,1,H,17.0,8.0,7.0,2.0
2526,E0,2026-01-31,Wolves,Bournemouth,0,2,A,17.0,9.0,7.0,4.0
2526,F1,2026-01-31,Lorient,Nantes,2,1,H,5.0,10.0,4.0,2.0
2526,F1,2026-01-31,Monaco,Rennes,4,0,H,14.0,8.0,6.0,4.0
2526,F1,2026-01-31,Paris FC,Marseille,2,2,D,9.0,18.0,4.0,4.0
2526,I1,2026-01-31,Cagliari,Verona,4,0,H,13.0,9.0,7.0,3.0
2526,I1,2026-01-31,Napoli,Fiorentina,2,1,H,19.0,15.0,6.0,5.0
2526,I1,2026-01-31,Pisa,Sassuolo,1,3,A,15.0,21.0,6.0,5.0
2526,SP1,2026-01-31,Elche,Barcelona,1,3,A,9.0,30.0,3.0,8.0
2526,SP1,2026-01-31,Levante,Ath Madrid,0,0,D,10.0,10.0,2.0,4.0
2526,SP1,2026-01-31,Osasuna,Villarreal,2,2,D,15.0,5.0,5.0,4.0
2526,SP1,2026-01-31,Oviedo,Girona,1,0,H,8.0,9.0,4.0,1.0
2526,D1,2026-02-01,Dortmund,Heidenheim,3,2,H,19.0,12.0,5.0,3.0
2526,D1,2026-02-01,Stuttgart,Freiburg,1,0,H,18.0,11.0,7.0,2.0
2526,E0,2026-02-01,Aston Villa,Brentford,0,1,A,27.0,6.0,5.0,2.0
2526,E0,2026-02-01,Man United,Fulham,3,2,H,13.0,14.0,6.0,6.0
2526,E0,2026-02-01,Nott'm Forest,Crystal Palace,1,1,D,9.0,14.0,1.0,3.0
2526,E0,2026-02-01,Tottenham,Man City,2,2,D,12.0,15.0,6.0,3.0
2526,F1,2026-02-01,Angers,Metz,1,0,H,17.0,5.0,7.0,0.0
2526,F1,2026-02-01,Lyon,Lille,1,0,H,4.0,11.0,2.0,4.0
2526,F1,2026-02-01,Nice,Brest,2,2,D,15.0,12.0,7.0,2.0
2526,F1,2026-02-01,Strasbourg,Paris SG,1,2,A,9.0,13.0,4.0,4.0
2526,F1,2026-02-01,Toulouse,Auxerre,0,0,D,12.0,8.0,4.0,2.0
2526,I1,2026-02-01,Como,Atalanta,0,0,D,28.0,6.0,9.0,2.0
2526,I1,2026-02-01,Cremonese,Inter,0,2,A,9.0,15.0,3.0,4.0
2526,I1,2026-02-01,Parma,Juventus,1,4,A,10.0,15.0,4.0,8.0
2526,I1,2026-02-01,Torino,Lecce,1,0,H,17.0,14.0,5.0,2.0
2526,SP1,2026-02-01,Ath Bilbao,Sociedad,1,1,D,19.0,9.0,4.0,6.0
2526,SP1,2026-02-01,Betis,Valencia,2,1,H,14.0,15.0,2.0,4.0
2526,SP1,2026-02-01,Getafe,Celta,0,0,D,9.0,5.0,2.0,1.0
2526,SP1,2026-02-01,Real Madrid,Vallecano,2,1,H,16.0,11.0,6.0,4.0
2526,E0,2026-02-02,Sunderland,Burnley,3,0,H,14.0,5.0,5.0,0.0
2526,I1,2026-02-02,Udinese,Roma,1,0,H,8.0,10.0,4.0,3.0
2526,SP1,2026-02-02,Mallorca,Sevilla,4,1,H,11.0,15.0,7.0,5.0
2526,I1,2026-02-03,Bologna,Milan,0,3,A,13.0,10.0,2.0,3.0
2526,D1,2026-02-06,Union Berlin,Ein Frankfurt,1,1,D,11.0,3.0,3.0,1.0
2526,E0,2026-02-06,Leeds,Nott'm Forest,3,1,H,14.0,16.0,5.0,6.0
2526,F1,2026-02-06,Metz,Lille,0,0,D,6.0,16.0,2.0,1.0
2526,I1,2026-02-06,Verona,Pisa,0,0,D,4.0,11.0,0.0,3.0
2526,SP1,2026-02-06,Celta,Osasuna,1,2,A,18.0,8.0,4.0,2.0
2526,D1,2026-02-07,Freiburg,Werder Bremen,1,0,H,7.0,17.0,2.0,5.0
2526,D1,2026-02-07,Heidenheim,Hamburg,0,2,A,20.0,14.0,4.0,5.0
2526,D1,2026-02-07,M'gladbach,Leverkusen,1,1,D,9.0,10.0,6.0,2.0
2526,D1,2026-02-07,Mainz,Augsburg,2,0,H,10.0,14.0,6.0,6.0
2526,D1,2026-02-07,St Pauli,Stuttgart,2,1,H,15.0,7.0,7.0,3.0
2526,D1,2026-02-07,Wolfsburg,Dortmund,1,2,A,12.0,21.0,2.0,4.0
2526,E0,2026-02-07,Arsenal,Sunderland,3,0,H,16.0,5.0,5.0,3.0
2526,E0,2026-02-07,Bournemouth,Aston Villa,1,1,D,20.0,7.0,9.0,4.0
2526,E0,2026-02-07,Burnley,West Ham,0,2,A,18.0,6.0,5.0,4.0
2526,E0,2026-02-07,Fulham,Everton,1,2,A,13.0,16.0,3.0,3.0
2526,E0,2026-02-07,Man United,Tottenham,2,0,H,23.0,7.0,10.0,1.0
2526,E0,2026-02-07,Newcastle,Brentford,2,3,A,16.0,11.0,4.0,5.0
2526,E0,2026-02-07,Wolves,Chelsea,1,3,A,11.0,15.0,3.0,6.0
2526,F1,2026-02-07,Brest,Lorient,2,0,H,11.0,13.0,5.0,2.0
2526,F1,2026-02-07,Lens,Rennes,3,1,H,10.0,14.0,3.0,1.0
2526,F1,2026-02-07,Nantes,Lyon,0,1,A,13.0,10.0,2.0,3.0
2526,I1,2026-02-07,Fiorentina,Torino,2,2,D,21.0,12.0,5.0,4.0
2526,I1,2026-02-07,Genoa,Napoli,2,3,A,12.0,14.0,3.0,5.0
2526,SP1,2026-02-07,Barcelona,Mallorca,3,0,H,24.0,9.0,7.0,4.0
2526,SP1,2026-02-07,Sociedad,Elche,3,1,H,11.0,11.0,3.0,5.0
2526,D1,2026-02-08,Bayern Munich,Hoffenheim,5,1,H,27.0,9.0,14.0,4.0
2526,D1,2026-02-08,FC Koln,RB Leipzig,1,2,A,10.0,19.0,3.0,4.0
2526,E0,2026-02-08,Brighton,Crystal Palace,0,1,A,7.0,7.0,2.0,4.0
2526,E0,2026-02-08,Liverpool,Man City,1,2,A,15.0,17.0,4.0,7.0
2526,F1,2026-02-08,Angers,Toulouse,1,0,H,12.0,12.0,4.0,5.0
2526,F1,2026-02-08,Auxerre,Paris FC,0,0,D,12.0,8.0,2.0,4.0
2526,F1,2026-02-08,Le Havre,Strasbourg,2,1,H,15.0,10.0,7.0,3.0
2526,F1,2026-02-08,Nice,Monaco,0,0,D,13.0,10.0,3.0,2.0
2526,F1,2026-02-08,Paris SG,Marseille,5,0,H,22.0,9.0,7.0,3.0
2526,I1,2026-02-08,Bologna,Parma,0,1,A,16.0,5.0,2.0,1.0
2526,I1,2026-02-08,Juventus,Lazio,2,2,D,34.0,9.0,8.0,2.0
2526,I1,2026-02-08,Lecce,Udinese,2,1,H,16.0,6.0,5.0,1.0
2526,I1,2026-02-08,Sassuolo,Inter,0,5,A,7.0,23.0,2.0,11.0
2526,SP1,2026-02-08,Alaves,Getafe,0,2,A,13.0,17.0,5.0,5.0
2526,SP1,2026-02-08,Ath Bilbao,Levante,4,2,H,22.0,6.0,7.0,3.0
2526,SP1,2026-02-08,Ath Madrid,Betis,0,1,A,10.0,8.0,5.0,4.0
2526,SP1,2026-02-08,Sevilla,Girona,1,1,D,11.0,15.0,3.0,6.0
2526,SP1,2026-02-08,Valencia,Real Madrid,0,2,A,7.0,11.0,0.0,6.0
2526,I1,2026-02-09,Atalanta,Cremonese,2,1,H,29.0,12.0,9.0,2.0
2526,I1,2026-02-09,Roma,Cagliari,2,0,H,15.0,3.0,5.0,1.0
2526,SP1,2026-02-09,Villarreal,Espanol,4,1,H,10.0,9.0,3.0,2.0
2526,E0,2026-02-10,Chelsea,Leeds,2,2,D,19.0,4.0,4.0,2.0
2526,E0,2026-02-10,Everton,Bournemouth,1,2,A,16.0,11.0,6.0,4.0
2526,E0,2026-02-10,Tottenham,Newcastle,1,2,A,16.0,21.0,2.0,5.0
2526,E0,2026-02-10,West Ham,Man United,1,1,D,7.0,9.0,3.0,3.0
2526,E0,2026-02-11,Aston Villa,Brighton,1,0,H,15.0,9.0,1.0,3.0
2526,E0,2026-02-11,Crystal Palace,Burnley,2,3,A,21.0,8.0,3.0,3.0
2526,E0,2026-02-11,Man City,Fulham,3,0,H,13.0,14.0,5.0,3.0
2526,E0,2026-02-11,Nott'm Forest,Wolves,0,0,D,35.0,7.0,10.0,3.0
2526,E0,2026-02-11,Sunderland,Liverpool,0,1,A,11.0,23.0,2.0,3.0
2526,E0,2026-02-12,Brentford,Arsenal,1,1,D,12.0,7.0,3.0,2.0
2526,D1,2026-02-13,Dortmund,Mainz,4,0,H,14.0,10.0,8.0,5.0
2526,F1,2026-02-13,Monaco,Nantes,3,1,H,12.0,13.0,6.0,2.0
2526,F1,2026-02-13,Rennes,Paris SG,3,1,H,13.0,22.0,4.0,7.0
2526,I1,2026-02-13,Pisa,Milan,1,2,A,7.0,7.0,2.0,2.0
2526,SP1,2026-02-13,Elche,Osasuna,0,0,D,17.0,6.0,5.0,2.0
2526,D1,2026-02-14,Ein Frankfurt,M'gladbach,3,0,H,12.0,20.0,9.0,3.0
2526,D1,2026-02-14,Hamburg,Union Berlin,3,2,H,13.0,12.0,4.0,5.0
2526,D1,2026-02-14,Hoffenheim,Freiburg,3,0,H,25.0,13.0,7.0,3.0
2526,D1,2026-02-14,Leverkusen,St Pauli,4,0,H,12.0,11.0,7.0,1.0
2526,D1,2026-02-14,Stuttgart,FC Koln,3,1,H,13.0,10.0,4.0,3.0
2526,D1,2026-02-14,Werder Bremen,Bayern Munich,0,3,A,14.0,11.0,3.0,8.0
2526,F1,2026-02-14,Lille,Brest,1,1,D,20.0,11.0,5.0,4.0
2526,F1,2026-02-14,Marseille,Strasbourg,2,2,D,10.0,12.0,6.0,4.0
2526,F1,2026-02-14,Paris FC,Lens,0,5,A,11.0,17.0,6.0,6.0
2526,I1,2026-02-14,Como,Fiorentina,1,2,A,16.0,7.0,3.0,3.0
2526,I1,2026-02-14,Inter,Juventus,3,2,H,21.0,11.0,9.0,8.0
2526,I1,2026-02-14,Lazio,Atalanta,0,2,A,18.0,12.0,5.0,5.0
2526,SP1,2026-02-14,Espanol,Celta,2,2,D,9.0,14.0,3.0,5.0
2526,SP1,2026-02-14,Getafe,Villarreal,2,1,H,5.0,8.0,2.0,2.0
2526,SP1,2026-02-14,Real Madrid,Sociedad,4,1,H,11.0,13.0,5.0,3.0
2526,SP1,2026-02-14,Sevilla,Alaves,1,1,D,4.0,12.0,2.0,1.0
2526,D1,2026-02-15,Augsburg,Heidenheim,1,0,H,12.0,16.0,4.0,2.0
2526,D1,2026-02-15,RB Leipzig,Wolfsburg,2,2,D,20.0,10.0,10.0,3.0
2526,F1,2026-02-15,Le Havre,Toulouse,2,1,H,5.0,25.0,2.0,9.0
2526,F1,2026-02-15,Lorient,Angers,2,0,H,8.0,10.0,2.0,3.0
2526,F1,2026-02-15,Lyon,Nice,2,0,H,9.0,10.0,2.0,3.0
2526,F1,2026-02-15,Metz,Auxerre,1,3,A,13.0,14.0,4.0,3.0
2526,I1,2026-02-15,Cremonese,Genoa,0,0,D,19.0,19.0,8.0,6.0
2526,I1,2026-02-15,Napoli,Roma,2,2,D,11.0,9.0,7.0,2.0
2526,I1,2026-02-15,Parma,Verona,2,1,H,27.0,4.0,8.0,1.0
2526,I1,2026-02-15,Torino,Bologna,1,2,A,7.0,14.0,2.0,6.0
2526,I1,2026-02-15,Udinese,Sassuolo,1,2,A,8.0,10.0,2.0,3.0
2526,SP1,2026-02-15,Levante,Valencia,0,2,A,9.0,5.0,1.0,2.0
2526,SP1,2026-02-15,Mallorca,Betis,1,2,A,14.0,17.0,3.0,8.0
2526,SP1,2026-02-15,Oviedo,Ath Bilbao,1,2,A,7.0,13.0,1.0,4.0
2526,SP1,2026-02-15,Vallecano,Ath Madrid,3,0,H,13.0,9.0,9.0,3.0
2526,I1,2026-02-16,Cagliari,Lecce,0,2,A,11.0,13.0,0.0,4.0
2526,SP1,2026-02-16,Girona,Barcelona,2,1,H,13.0,27.0,9.0,4.0
2526,E0,2026-02-18,Wolves,Arsenal,2,2,D,5.0,10.0,2.0,4.0
2526,I1,2026-02-18,Milan,Como,1,1,D,6.0,10.0,4.0,4.0
2526,SP1,2026-02-18,Levante,Villarreal,0,1,A,16.0,15.0,4.0,6.0
2526,D1,2026-02-20,Mainz,Hamburg,1,1,D,17.0,14.0,3.0,5.0
2526,F1,2026-02-20,Brest,Marseille,2,0,H,12.0,17.0,4.0,4.0
2526,I1,2026-02-20,Sassuolo,Verona,3,0,H,8.0,12.0,4.0,1.0
2526,SP1,2026-02-20,Ath Bilbao,Elche,2,1,H,18.0,2.0,8.0,2.0
2526,D1,2026-02-21,Bayern Munich,Ein Frankfurt,3,2,H,24.0,9.0,11.0,3.0
2526,D1,2026-02-21,FC Koln,Hoffenheim,2,2,D,9.0,18.0,4.0,6.0
2526,D1,2026-02-21,RB Leipzig,Dortmund,2,2,D,13.0,11.0,3.0,5.0
2526,D1,2026-02-21,Union Berlin,Leverkusen,1,0,H,8.0,16.0,4.0,1.0
2526,D1,2026-02-21,Wolfsburg,Augsburg,2,3,A,10.0,15.0,4.0,6.0
2526,E0,2026-02-21,Aston Villa,Leeds,1,1,D,16.0,14.0,4.0,4.0
2526,E0,2026-02-21,Brentford,Brighton,0,2,A,13.0,11.0,3.0,7.0
2526,E0,2026-02-21,Chelsea,Burnley,1,1,D,12.0,12.0,2.0,4.0
2526,E0,2026-02-21,Man City,Newcastle,2,1,H,15.0,13.0,7.0,7.0
2526,E0,2026-02-21,West Ham,Bournemouth,0,0,D,20.0,10.0,3.0,5.0
2526,F1,2026-02-21,Lens,Monaco,2,3,A,18.0,10.0,7.0,5.0
2526,F1,2026-02-21,Paris SG,Metz,3,0,H,17.0,3.0,7.0,0.0
2526,F1,2026-02-21,Toulouse,Paris FC,1,1,D,23.0,5.0,10.0,2.0
2526,I1,2026-02-21,Cagliari,Lazio,0,0,D,11.0,10.0,2.0,3.0
2526,I1,2026-02-21,Juventus,Como,0,2,A,11.0,11.0,3.0,2.0
2526,I1,2026-02-21,Lecce,Inter,0,2,A,3.0,24.0,0.0,9.0
2526,SP1,2026-02-21,Ath Madrid,Espanol,4,2,H,18.0,8.0,9.0,2.0
2526,SP1,2026-02-21,Betis,Vallecano,1,1,D,14.0,12.0,3.0,3.0
2526,SP1,2026-02-21,Osasuna,Real Madrid,2,1,H,13.0,15.0,2.0,5.0
2526,SP1,2026-02-21,Sociedad,Oviedo,3,3,D,15.0,14.0,8.0,6.0
2526,D1,2026-02-22,Freiburg,M'gladbach,2,1,H,10.0,12.0,6.0,2.0
2526,D1,2026-02-22,Heidenheim,Stuttgart,3,3,D,10.0,12.0,6.0,8.0
2526,D1,2026-02-22,St Pauli,Werder Bremen,2,1,H,5.0,13.0,4.0,4.0
2526,E0,2026-02-22,Crystal Palace,Wolves,1,0,H,14.0,12.0,3.0,7.0
2526,E0,2026-02-22,Nott'm Forest,Liverpool,0,1,A,18.0,10.0,2.0,4.0
2526,E0,2026-02-22,Sunderland,Fulham,1,3,A,12.0,12.0,2.0,4.0
2526,E0,2026-02-22,Tottenham,Arsenal,1,4,A,6.0,20.0,5.0,7.0
2526,F1,2026-02-22,Angers,Lille,0,1,A,6.0,14.0,2.0,5.0
2526,F1,2026-02-22,Auxerre,Rennes,0,3,A,11.0,12.0,2.0,7.0
2526,F1,2026-02-22,Nantes,Le Havre,2,0,H,9.0,6.0,2.0,1.0
2526,F1,2026-02-22,Nice,Lorient,3,3,D,8.0,17.0,4.0,5.0
2526,F1,2026-02-22,Strasbourg,Lyon,3,1,H,13.0,4.0,7.0,2.0
2526,I1,2026-02-22,Atalanta,Napoli,2,1,H,10.0,10.0,7.0,4.0
2526,I1,2026-02-22,Genoa,Torino,3,0,H,16.0,7.0,5.0,3.0
2526,I1,2026-02-22,Milan,Parma,0,1,A,25.0,9.0,6.0,3.0
2526,I1,2026-02-22,Roma,Cremonese,3,0,H,23.0,2.0,5.0,0.0
2526,SP1,2026-02-22,Barcelona,Levante,3,0,H,22.0,5.0,9.0,2.0
2526,SP1,2026-02-22,Celta,Mallorca,2,0,H,20.0,1.0,7.0,0.0
2526,SP1,2026-02-22,Getafe,Sevilla,0,1,A,6.0,6.0,3.0,1.0
2526,SP1,2026-02-22,Villarreal,Valencia,2,1,H,12.0,8.0,5.0,3.0
2526,E0,2026-02-23,Everton,Man United,0,1,A,12.0,11.0,4.0,3.0
2526,I1,2026-02-23,Bologna,Udinese,1,0,H,11.0,10.0,6.0,3.0
2526,I1,2026-02-23,Fiorentina,Pisa,1,0,H,15.0,7.0,5.0,1.0
2526,SP1,2026-02-23,Alaves,Girona,2,2,D,17.0,10.0,6.0,5.0
2526,D1,2026-02-27,Augsburg,FC Koln,2,0,H,14.0,10.0,4.0,3.0
2526,E0,2026-02-27,Wolves,Aston Villa,2,0,H,9.0,14.0,2.0,5.0
2526,F1,2026-02-27,Strasbourg,Lens,1,1,D,8.0,25.0,5.0,5.0
2526,I1,2026-02-27,Parma,Cagliari,1,1,D,18.0,11.0,4.0,5.0
2526,SP1,2026-02-27,Levante,Alaves,2,0,H,22.0,17.0,5.0,7.0
2526,D1,2026-02-28,Dortmund,Bayern Munich,2,3,A,10.0,14.0,2.0,6.0
2526,D1,2026-02-28,Hoffenheim,St Pauli,0,1,A,20.0,11.0,11.0,3.0
2526,D1,2026-02-28,Leverkusen,Mainz,1,1,D,12.0,8.0,5.0,4.0
2526,D1,2026-02-28,M'gladbach,Union Berlin,1,0,H,21.0,6.0,7.0,2.0
2526,D1,2026-02-28,Werder Bremen,Heidenheim,2,0,H,17.0,9.0,6.0,0.0
2526,E0,2026-02-28,Bournemouth,Sunderland,1,1,D,21.0,8.0,5.0,4.0
2526,E0,2026-02-28,Burnley,Brentford,3,4,A,12.0,16.0,3.0,7.0
2526,E0,2026-02-28,Leeds,Man City,0,1,A,14.0,14.0,2.0,5.0
2526,E0,2026-02-28,Liverpool,West Ham,5,2,H,18.0,11.0,7.0,4.0
2526,E0,2026-02-28,Newcastle,Everton,2,3,A,17.0,9.0,7.0,5.0
2526,F1,2026-02-28,Le Havre,Paris SG,0,1,A,10.0,22.0,2.0,9.0
2526,F1,2026-02-28,Monaco,Angers,2,0,H,10.0,6.0,4.0,2.0
2526,F1,2026-02-28,Rennes,Toulouse,1,0,H,10.0,9.0,2.0,2.0
2526,I1,2026-02-28,Como,Lecce,3,1,H,12.0,5.0,7.0,2.0
2526,I1,2026-02-28,Inter,Genoa,2,0,H,14.0,6.0,6.0,2.0
2526,I1,2026-02-28,Verona,Napoli,1,2,A,8.0,9.0,2.0,5.0
2526,SP1,2026-02-28,Barcelona,Villarreal,4,1,H,19.0,6.0,8.0,1.0
2526,SP1,2026-02-28,Mallorca,Sociedad,0,1,A,6.0,12.0,1.0,2.0
2526,SP1,2026-02-28,Oviedo,Ath Madrid,0,1,A,16.0,12.0,6.0,1.0
2526,SP1,2026-02-28,Vallecano,Ath Bilbao,1,1,D,15.0,8.0,7.0,2.0
2526,D1,2026-03-01,Ein Frankfurt,Freiburg,2,0,H,15.0,4.0,7.0,2.0
2526,D1,2026-03-01,Hamburg,RB Leipzig,1,2,A,7.0,13.0,3.0,5.0
2526,D1,2026-03-01,Stuttgart,Wolfsburg,4,0,H,24.0,10.0,11.0,3.0
2526,E0,2026-03-01,Arsenal,Chelsea,2,1,H,12.0,9.0,5.0,3.0
2526,E0,2026-03-01,Brighton,Nott'm Forest,2,1,H,14.0,13.0,7.0,4.0
2526,E0,2026-03-01,Fulham,Tottenham,2,1,H,18.0,13.0,4.0,1.0
2526,E0,2026-03-01,Man United,Crystal Palace,2,1,H,20.0,8.0,11.0,3.0
2526,F1,2026-03-01,Lille,Nantes,1,0,H,9.0,3.0,3.0,1.0
2526,F1,2026-03-01,Lorient,Auxerre,2,2,D,15.0,10.0,5.0,3.0
2526,F1,2026-03-01,Marseille,Lyon,3,2,H,18.0,12.0,7.0,6.0
2526,F1,2026-03-01,Metz,Brest,0,1,A,24.0,6.0,6.0,1.0
2526,F1,2026-03-01,Paris FC,Nice,1,0,H,16.0,11.0,6.0,3.0
2526,I1,2026-03-01,Cremonese,Milan,0,2,A,15.0,20.0,3.0,6.0
2526,I1,2026-03-01,Roma,Juventus,3,3,D,11.0,13.0,5.0,5.0
2526,I1,2026-03-01,Sassuolo,Atalanta,2,1,H,7.0,26.0,5.0,7.0
2526,I1,2026-03-01,Torino,Lazio,2,0,H,13.0,12.0,5.0,3.0
2526,SP1,2026-03-01,Betis,Sevilla,2,2,D,9.0,14.0,2.0,6.0
2526,SP1,2026-03-01,Elche,Espanol,2,2,D,17.0,9.0,9.0,4.0
2526,SP1,2026-03-01,Girona,Celta,1,2,A,15.0,7.0,7.0,5.0
2526,SP1,2026-03-01,Valencia,Osasuna,1,0,H,14.0,8.0,1.0,0.0
2526,I1,2026-03-02,Pisa,Bologna,0,1,A,6.0,8.0,3.0,1.0
2526,I1,2026-03-02,Udinese,Fiorentina,3,0,H,10.0,10.0,7.0,0.0
2526,SP1,2026-03-02,Real Madrid,Getafe,0,1,A,18.0,9.0,7.0,3.0
2526,E0,2026-03-03,Bournemouth,Brentford,0,0,D,13.0,5.0,2.0,2.0
2526,E0,2026-03-03,Everton,Burnley,2,0,H,14.0,5.0,5.0,2.0
2526,E0,2026-03-03,Leeds,Sunderland,0,1,A,18.0,3.0,4.0,1.0
2526,E0,2026-03-03,Wolves,Liverpool,2,1,H,4.0,19.0,3.0,7.0
2526,D1,2026-03-04,Hamburg,Leverkusen,0,1,A,10.0,14.0,3.0,4.0
2526,E0,2026-03-04,Aston Villa,Chelsea,1,4,A,9.0,15.0,4.0,8.0
2526,E0,2026-03-04,Brighton,Arsenal,0,1,A,11.0,7.0,3.0,2.0
2526,E0,2026-03-04,Fulham,West Ham,0,1,A,13.0,9.0,5.0,3.0
2526,E0,2026-03-04,Man City,Nott'm Forest,2,2,D,21.0,9.0,7.0,4.0
2526,E0,2026-03-04,Newcastle,Man United,2,1,H,12.0,14.0,5.0,5.0
2526,SP1,2026-03-04,Vallecano,Oviedo,3,0,H,19.0,8.0,7.0,2.0
2526,E0,2026-03-05,Tottenham,Crystal Palace,1,3,A,12.0,9.0,4.0,4.0
2526,D1,2026-03-06,Bayern Munich,M'gladbach,4,1,H,18.0,10.0,9.0,5.0
2526,F1,2026-03-06,Paris SG,Monaco,1,3,A,20.0,11.0,6.0,6.0
2526,I1,2026-03-06,Napoli,Torino,2,1,H,14.0,7.0,9.0,4.0
2526,SP1,2026-03-06,Celta,Real Madrid,1,2,A,8.0,14.0,4.0,3.0
2526,D1,2026-03-07,FC Koln,Dortmund,1,2,A,14.0,13.0,4.0,5.0
2526,D1,2026-03-07,Freiburg,Leverkusen,3,3,D,21.0,17.0,9.0,5.0
2526,D1,2026-03-07,Heidenheim,Hoffenheim,2,4,A,8.0,16.0,2.0,7.0
2526,D1,2026-03-07,Mainz,Stuttgart,2,2,D,18.0,11.0,6.0,4.0
2526,D1,2026-03-07,RB Leipzig,Augsburg,2,1,H,17.0,16.0,8.0,5.0
2526,D1,2026-03-07,Wolfsburg,Hamburg,1,2,A,14.0,10.0,4.0,7.0
2526,F1,2026-03-07,Auxerre,Strasbourg,0,0,D,10.0,13.0,4.0,5.0
2526,F1,2026-03-07,Nantes,Angers,0,1,A,13.0,11.0,3.0,4.0
2526,F1,2026-03-07,Toulouse,Marseille,0,1,A,12.0,10.0,2.0,3.0
2526,I1,2026-03-07,Atalanta,Udinese,2,2,D,22.0,8.0,4.0,2.0
2526,I1,2026-03-07,Cagliari,Como,1,2,A,8.0,8.0,3.0,2.0
2526,I1,2026-03-07,Juventus,Pisa,4,0,H,25.0,7.0,7.0,2.0
2526,SP1,2026-03-07,Ath Bilbao,Barcelona,0,1,A,10.0,7.0,3.0,2.0
2526,SP1,2026-03-07,Ath Madrid,Sociedad,3,2,H,24.0,7.0,9.0,3.0
2526,SP1,2026-03-07,Levante,Girona,1,1,D,14.0,22.0,4.0,5.0
2526,SP1,2026-03-07,Osasuna,Mallorca,2,2,D,22.0,8.0,5.0,4.0
2526,D1,2026-03-08,St Pauli,Ein Frankfurt,0,0,D,11.0,8.0,2.0,2.0
2526,D1,2026-03-08,Union Berlin,Werder Bremen,1,4,A,9.0,15.0,2.0,5.0
2526,F1,2026-03-08,Brest,Le Havre,2,0,H,11.0,14.0,2.0,0.0
2526,F1,2026-03-08,Lens,Metz,3,0,H,24.0,5.0,7.0,0.0
2526,F1,2026-03-08,Lille,Lorient,1,1,D,12.0,9.0,2.0,5.0
2526,F1,2026-03-08,Lyon,Paris FC,1,1,D,14.0,14.0,4.0,4.0
2526,F1,2026-03-08,Nice,Rennes,0,4,A,14.0,12.0,2.0,6.0
2526,I1,2026-03-08,Bologna,Verona,1,2,A,19.0,15.0,2.0,5.0
2526,I1,2026-03-08,Fiorentina,Parma,0,0,D,12.0,8.0,1.0,0.0
2526,I1,2026-03-08,Genoa,Roma,2,1,H,11.0,8.0,5.0,1.0
2526,I1,2026-03-08,Lecce,Cremonese,2,1,H,9.0,10.0,3.0,5.0
2526,I1,2026-03-08,Milan,Inter,1,0,H,9.0,11.0,2.0,2.0
2526,SP1,2026-03-08,Getafe,Betis,2,0,H,9.0,14.0,5.0,5.0
2526,SP1,2026-03-08,Sevilla,Vallecano,1,1,D,11.0,9.0,2.0,2.0
2526,SP1,2026-03-08,Valencia,Alaves,3,2,H,19.0,10.0,8.0,4.0
2526,SP1,2026-03-08,Villarreal,Elche,2,1,H,16.0,13.0,7.0,6.0
2526,I1,2026-03-09,Lazio,Sassuolo,2,1,H,13.0,7.0,5.0,4.0
2526,SP1,2026-03-09,Espanol,Oviedo,1,1,D,28.0,6.0,9.0,3.0
2526,D1,2026-03-13,M'gladbach,St Pauli,2,0,H,10.0,8.0,4.0,1.0
2526,F1,2026-03-13,Marseille,Auxerre,1,0,H,16.0,8.0,3.0,3.0
2526,I1,2026-03-13,Torino,Parma,4,1,H,15.0,6.0,6.0,3.0
2526,SP1,2026-03-13,Alaves,Villarreal,1,1,D,8.0,10.0,0.0,4.0
2526,D1,2026-03-14,Dortmund,Augsburg,2,0,H,16.0,7.0,5.0,3.0
2526,D1,2026-03-14,Ein Frankfurt,Heidenheim,1,0,H,12.0,3.0,4.0,1.0
2526,D1,2026-03-14,Hamburg,FC Koln,1,1,D,5.0,10.0,1.0,2.0
2526,D1,2026-03-14,Hoffenheim,Wolfsburg,1,1,D,21.0,4.0,6.0,2.0
2526,D1,2026-03-14,Leverkusen,Bayern Munich,1,1,D,21.0,11.0,7.0,5.0
2526,E0,2026-03-14,Arsenal,Everton,2,0,H,25.0,9.0,7.0,3.0
2526,E0,2026-03-14,Burnley,Bournemouth,0,0,D,15.0,22.0,2.0,3.0
2526,E0,2026-03-14,Chelsea,Newcastle,0,1,A,22.0,7.0,3.0,5.0
2526,E0,2026-03-14,Sunderland,Brighton,0,1,A,14.0,12.0,4.0,4.0
2526,E0,2026-03-14,West Ham,Man City,1,1,D,1.0,24.0,1.0,6.0
2526,F1,2026-03-14,Angers,Nice,0,2,A,11.0,12.0,1.0,8.0
2526,F1,2026-03-14,Lorient,Lens,2,1,H,6.0,20.0,3.0,6.0
2526,F1,2026-03-14,Monaco,Brest,2,0,H,10.0,13.0,4.0,1.0
2526,I1,2026-03-14,Inter,Atalanta,1,1,D,16.0,8.0,3.0,3.0
2526,I1,2026-03-14,Napoli,Lecce,2,1,H,12.0,12.0,4.0,2.0
2526,I1,2026-03-14,Udinese,Juventus,0,1,A,10.0,22.0,2.0,8.0
2526,SP1,2026-03-14,Ath Madrid,Getafe,1,0,H,16.0,7.0,5.0,3.0
2526,SP1,2026-03-14,Girona,Ath Bilbao,3,0,H,14.0,20.0,6.0,9.0
2526,SP1,2026-03-14,Oviedo,Valencia,1,0,H,11.0,13.0,6.0,2.0
2526,SP1,2026-03-14,Real Madrid,Elche,4,1,H,14.0,11.0,6.0,1.0
2526,D1,2026-03-15,Freiburg,Union Berlin,0,1,A,19.0,9.0,6.0,4.0
2526,D1,2026-03-15,Stuttgart,RB Leipzig,1,0,H,13.0,9.0,4.0,4.0
2526,D1,2026-03-15,Werder Bremen,Mainz,0,2,A,16.0,11.0,3.0,2.0
2526,E0,2026-03-15,Crystal Palace,Leeds,0,0,D,12.0,10.0,0.0,3.0
2526,E0,2026-03-15,Liverpool,Tottenham,1,1,D,17.0,13.0,4.0,7.0
2526,E0,2026-03-15,Man United,Aston Villa,3,1,H,16.0,9.0,6.0,2.0
2526,E0,2026-03-15,Nott'm Forest,Fulham,0,0,D,11.0,5.0,2.0,0.0
2526,F1,2026-03-15,Le Havre,Lyon,0,0,D,12.0,13.0,4.0,4.0
2526,F1,2026-03-15,Metz,Toulouse,3,4,A,17.0,19.0,8.0,6.0
2526,F1,2026-03-15,Rennes,Lille,1,2,A,12.0,8.0,4.0,3.0
2526,F1,2026-03-15,Strasbourg,Paris FC,0,0,D,12.0,11.0,3.0,2.0
2526,I1,2026-03-15,Como,Roma,2,1,H,22.0,3.0,7.0,1.0
2526,I1,2026-03-15,Lazio,Milan,1,0,H,7.0,17.0,2.0,3.0
2526,I1,2026-03-15,Pisa,Cagliari,3,1,H,10.0,14.0,6.0,4.0
2526,I1,2026-03-15,Sassuolo,Bologna,0,1,A,9.0,16.0,3.0,3.0
2526,I1,2026-03-15,Verona,Genoa,0,2,A,8.0,11.0,1.0,3.0
2526,SP1,2026-03-15,Barcelona,Sevilla,5,2,H,13.0,8.0,8.0,4.0
2526,SP1,2026-03-15,Betis,Celta,1,1,D,19.0,7.0,6.0,3.0
2526,SP1,2026-03-15,Mallorca,Espanol,2,1,H,26.0,10.0,12.0,2.0
2526,SP1,2026-03-15,Sociedad,Osasuna,3,1,H,14.0,13.0,6.0,5.0
2526,E0,2026-03-16,Brentford,Wolves,2,2,D,10.0,13.0,3.0,4.0
2526,I1,2026-03-16,Cremonese,Fiorentina,1,4,A,13.0,13.0,3.0,6.0
2526,SP1,2026-03-16,Vallecano,Levante,1,1,D,18.0,19.0,4.0,5.0
2526,D1,2026-03-20,RB Leipzig,Hoffenheim,5,0,H,14.0,8.0,9.0,2.0
2526,E0,2026-03-20,Bournemouth,Man United,2,2,D,16.0,14.0,5.0,5.0
2526,F1,2026-03-20,Lens,Angers,5,1,H,26.0,16.0,9.0,5.0
2526,I1,2026-03-20,Cagliari,Napoli,0,1,A,7.0,17.0,0.0,5.0
2526,I1,2026-03-20,Genoa,Udinese,0,2,A,18.0,6.0,2.0,4.0
2526,SP1,2026-03-20,Villarreal,Sociedad,3,1,H,21.0,11.0,10.0,4.0
2526,D1,2026-03-21,Bayern Munich,Union Berlin,4,0,H,31.0,5.0,9.0,1.0
2526,D1,2026-03-21,Dortmund,Hamburg,3,2,H,24.0,4.0,8.0,4.0
2526,D1,2026-03-21,FC Koln,M'gladbach,3,3,D,12.0,9.0,5.0,3.0
2526,D1,2026-03-21,Heidenheim,Leverkusen,3,3,D,9.0,14.0,5.0,5.0
2526,D1,2026-03-21,Wolfsburg,Werder Bremen,0,1,A,11.0,8.0,4.0,3.0
2526,E0,2026-03-21,Brighton,Liverpool,2,1,H,16.0,12.0,7.0,5.0
2526,E0,2026-03-21,Everton,Chelsea,3,0,H,10.0,12.0,9.0,4.0
2526,E0,2026-03-21,Fulham,Burnley,3,1,H,22.0,9.0,6.0,5.0
2526,E0,2026-03-21,Leeds,Brentford,0,0,D,14.0,6.0,4.0,2.0
2526,F1,2026-03-21,Auxerre,Brest,3,0,H,11.0,9.0,7.0,2.0
2526,F1,2026-03-21,Nice,Paris SG,0,4,A,6.0,17.0,1.0,10.0
2526,F1,2026-03-21,Toulouse,Lorient,1,0,H,12.0,7.0,4.0,2.0
2526,I1,2026-03-21,Juventus,Sassuolo,1,1,D,18.0,7.0,8.0,1.0
2526,I1,2026-03-21,Milan,Torino,3,2,H,15.0,19.0,6.0,7.0
2526,I1,2026-03-21,Parma,Cremonese,0,2,A,8.0,7.0,1.0,4.0
2526,SP1,2026-03-21,Elche,Mallorca,2,1,H,13.0,11.0,4.0,4.0
2526,SP1,2026-03-21,Espanol,Getafe,1,2,A,15.0,10.0,5.0,5.0
2526,SP1,2026-03-21,Levante,Oviedo,4,2,H,20.0,10.0,8.0,2.0
2526,SP1,2026-03-21,Osasuna,Girona,1,0,H,19.0,5.0,11.0,0.0
2526,SP1,2026-03-21,Sevilla,Valencia,0,2,A,13.0,9.0,2.0,4.0
2526,D1,2026-03-22,Augsburg,Stuttgart,2,5,A,13.0,13.0,7.0,8.0
2526,D1,2026-03-22,Mainz,Ein Frankfurt,2,1,H,8.0,12.0,5.0,4.0
2526,D1,2026-03-22,St Pauli,Freiburg,1,2,A,12.0,15.0,5.0,6.0
2526,E0,2026-03-22,Aston Villa,West Ham,2,0,H,23.0,9.0,7.0,1.0
2526,E0,2026-03-22,Newcastle,Sunderland,1,2,A,16.0,17.0,4.0,7.0
2526,E0,2026-03-22,Tottenham,Nott'm Forest,0,3,A,14.0,8.0,3.0,7.0
2526,F1,2026-03-22,Lyon,Monaco,1,2,A,15.0,21.0,4.0,7.0
2526,F1,2026-03-22,Marseille,Lille,1,2,A,14.0,11.0,3.0,4.0
2526,F1,2026-03-22,Nantes,Strasbourg,2,3,A,14.0,13.0,9.0,9.0
2526,F1,2026-03-22,Paris FC,Le Havre,3,2,H,15.0,20.0,4.0,6.0
2526,F1,2026-03-22,Rennes,Metz,0,0,D,25.0,7.0,8.0,2.0
2526,I1,2026-03-22,Atalanta,Verona,1,0,H,11.0,12.0,3.0,3.0
2526,I1,2026-03-22,Bologna,Lazio,0,2,A,15.0,9.0,4.0,5.0
2526,I1,2026-03-22,Como,Pisa,5,0,H,14.0,7.0,7.0,0.0
2526,I1,2026-03-22,Fiorentina,Inter,1,1,D,16.0,12.0,6.0,4.0
2526,I1,2026-03-22,Roma,Lecce,1,0,H,14.0,8.0,2.0,3.0
2526,SP1,2026-03-22,Ath Bilbao,Betis,2,1,H,11.0,11.0,6.0,3.0
2526,SP1,2026-03-22,Barcelona,Vallecano,1,0,H,15.0,8.0,4.0,4.0
2526,SP1,2026-03-22,Celta,Alaves,3,4,A,12.0,14.0,5.0,6.0
2526,SP1,2026-03-22,Real Madrid,Ath Madrid,3,2,H,17.0,13.0,10.0,7.0
2526,F1,2026-04-03,Paris SG,Toulouse,3,1,H,17.0,5.0,7.0,1.0
2526,SP1,2026-04-03,Vallecano,Elche,1,0,H,21.0,9.0,5.0,4.0
2526,D1,2026-04-04,Freiburg,Bayern Munich,2,3,A,13.0,21.0,4.0,9.0
2526,D1,2026-04-04,Hamburg,Augsburg,1,1,D,18.0,18.0,4.0,3.0
2526,D1,2026-04-04,Hoffenheim,Mainz,1,2,A,16.0,9.0,5.0,5.0
2526,D1,2026-04-04,Leverkusen,Wolfsburg,6,3,H,25.0,11.0,11.0,5.0
2526,D1,2026-04-04,M'gladbach,Heidenheim,2,2,D,15.0,15.0,7.0,7.0
2526,D1,2026-04-04,Stuttgart,Dortmund,0,2,A,13.0,5.0,3.0,3.0
2526,D1,2026-04-04,Werder Bremen,RB Leipzig,1,2,A,13.0,7.0,5.0,2.0
2526,F1,2026-04-04,Brest,Rennes,3,4,A,10.0,15.0,4.0,7.0
2526,F1,2026-04-04,Lille,Lens,3,0,H,13.0,5.0,7.0,1.0
2526,F1,2026-04-04,Strasbourg,Nice,3,1,H,16.0,8.0,6.0,3.0
2526,I1,2026-04-04,Lazio,Parma,1,1,D,7.0,7.0,3.0,4.0
2526,I1,2026-04-04,Sassuolo,Cagliari,2,1,H,9.0,11.0,2.0,3.0
2526,I1,2026-04-04,Verona,Fiorentina,0,1,A,21.0,5.0,8.0,1.0
2526,SP1,2026-04-04,Ath Madrid,Barcelona,1,2,A,6.0,22.0,2.0,8.0
2526,SP1,2026-04-04,Betis,Espanol,0,0,D,19.0,8.0,6.0,1.0
2526,SP1,2026-04-04,Mallorca,Real Madrid,2,1,H,6.0,15.0,2.0,6.0
2526,SP1,2026-04-04,Sociedad,Levante,2,0,H,18.0,8.0,5.0,4.0
2526,D1,2026-04-05,Ein Frankfurt,FC Koln,2,2,D,20.0,14.0,7.0,9.0
2526,D1,2026-04-05,Union Berlin,St Pauli,1,1,D,16.0,9.0,8.0,2.0
2526,F1,2026-04-05,Angers,Lyon,0,0,D,7.0,11.0,1.0,2.0
2526,F1,2026-04-05,Le Havre,Auxerre,1,1,D,10.0,12.0,3.0,2.0
2526,F1,2026-04-05,Lorient,Paris FC,1,1,D,10.0,7.0,3.0,5.0
2526,F1,2026-04-05,Metz,Nantes,0,0,D,19.0,6.0,5.0,2.0
2526,F1,2026-04-05,Monaco,Marseille,2,1,H,7.0,19.0,3.0,9.0
2526,I1,2026-04-05,Cremonese,Bologna,1,2,A,9.0,14.0,3.0,7.0
2526,I1,2026-04-05,Inter,Roma,5,2,H,17.0,9.0,9.0,3.0
2526,I1,2026-04-05,Pisa,Torino,0,1,A,7.0,13.0,1.0,2.0
2526,SP1,2026-04-05,Alaves,Osasuna,2,2,D,18.0,8.0,6.0,5.0
2526,SP1,2026-04-05,Getafe,Ath Bilbao,2,0,H,10.0,5.0,6.0,0.0
2526,SP1,2026-04-05,Oviedo,Sevilla,1,0,H,7.0,9.0,4.0,0.0
2526,SP1,2026-04-05,Valencia,Celta,2,3,A,13.0,9.0,4.0,5.0
2526,I1,2026-04-06,Juventus,Genoa,2,0,H,16.0,12.0,5.0,3.0
2526,I1,2026-04-06,Lecce,Atalanta,0,3,A,11.0,16.0,0.0,6.0
2526,I1,2026-04-06,Napoli,Milan,1,0,H,10.0,7.0,3.0,1.0
2526,I1,2026-04-06,Udinese,Como,0,0,D,14.0,12.0,4.0,4.0
2526,SP1,2026-04-06,Girona,Villarreal,1,0,H,10.0,9.0,2.0,0.0
2526,D1,2026-04-10,Augsburg,Hoffenheim,2,2,D,17.0,13.0,8.0,4.0
2526,E0,2026-04-10,West Ham,Wolves,4,0,H,18.0,14.0,7.0,3.0
2526,F1,2026-04-10,Marseille,Metz,3,1,H,18.0,6.0,9.0,2.0
2526,F1,2026-04-10,Paris FC,Monaco,4,1,H,12.0,19.0,6.0,5.0
2526,I1,2026-04-10,Roma,Pisa,3,0,H,8.0,9.0,3.0,5.0
2526,SP1,2026-04-10,Real Madrid,Girona,1,1,D,22.0,10.0,9.0,2.0
2526,D1,2026-04-11,Dortmund,Leverkusen,0,1,A,14.0,11.0,1.0,4.0
2526,D1,2026-04-11,Heidenheim,Union Berlin,3,1,H,7.0,10.0,3.0,3.0
2526,D1,2026-04-11,RB Leipzig,M'gladbach,1,0,H,24.0,15.0,11.0,3.0
2526,D1,2026-04-11,St Pauli,Bayern Munich,0,5,A,6.0,20.0,3.0,8.0
2526,D1,2026-04-11,Wolfsburg,Ein Frankfurt,1,2,A,22.0,10.0,7.0,4.0
2526,E0,2026-04-11,Arsenal,Bournemouth,1,2,A,15.0,8.0,3.0,3.0
2526,E0,2026-04-11,Brentford,Everton,2,2,D,17.0,14.0,4.0,7.0
2526,E0,2026-04-11,Burnley,Brighton,0,2,A,10.0,13.0,5.0,6.0
2526,E0,2026-04-11,Liverpool,Fulham,2,0,H,18.0,19.0,5.0,4.0
2526,F1,2026-04-11,Auxerre,Nantes,0,0,D,5.0,13.0,0.0,4.0
2526,F1,2026-04-11,Rennes,Angers,2,1,H,15.0,6.0,7.0,4.0
2526,I1,2026-04-11,Atalanta,Juventus,0,1,A,22.0,7.0,3.0,2.0
2526,I1,2026-04-11,Cagliari,Cremonese,1,0,H,17.0,5.0,5.0,2.0
2526,I1,2026-04-11,Milan,Udinese,0,3,A,20.0,12.0,3.0,6.0
2526,I1,2026-04-11,Torino,Verona,2,1,H,11.0,18.0,2.0,4.0
2526,SP1,2026-04-11,Barcelona,Espanol,4,1,H,20.0,10.0,10.0,2.0
2526,SP1,2026-04-11,Elche,Valencia,1,0,H,8.0,22.0,2.0,8.0
2526,SP1,2026-04-11,Sevilla,Ath Madrid,2,1,H,11.0,13.0,2.0,2.0
2526,SP1,2026-04-11,Sociedad,Alaves,3,3,D,12.0,12.0,4.0,2.0
2526,D1,2026-04-12,FC Koln,Werder Bremen,3,1,H,25.0,6.0,8.0,2.0
2526,D1,2026-04-12,Mainz,Freiburg,0,1,A,10.0,8.0,3.0,3.0
2526,D1,2026-04-12,Stuttgart,Hamburg,4,0,H,23.0,9.0,11.0,5.0
2526,E0,2026-04-12,Chelsea,Man City,0,3,A,12.0,18.0,3.0,8.0
2526,E0,2026-04-12,Crystal Palace,Newcastle,2,1,H,11.0,7.0,5.0,3.0
2526,E0,2026-04-12,Nott'm Forest,Aston Villa,1,1,D,15.0,12.0,4.0,5.0
2526,E0,2026-04-12,Sunderland,Tottenham,1,0,H,13.0,11.0,2.0,7.0
2526,F1,2026-04-12,Lyon,Lorient,2,0,H,11.0,12.0,5.0,6.0
2526,F1,2026-04-12,Nice,Le Havre,1,1,D,15.0,11.0,5.0,6.0
2526,F1,2026-04-12,Toulouse,Lille,0,4,A,9.0,15.0,1.0,9.0
2526,I1,2026-04-12,Bologna,Lecce,2,0,H,12.0,6.0,4.0,1.0
2526,I1,2026-04-12,Como,Inter,3,4,A,24.0,7.0,8.0,5.0
2526,I1,2026-04-12,Genoa,Sassuolo,2,1,H,14.0,15.0,7.0,6.0
2526,I1,2026-04-12,Parma,Napoli,1,1,D,3.0,20.0,2.0,6.0
2526,SP1,2026-04-12,Ath Bilbao,Villarreal,1,2,A,18.0,12.0,6.0,6.0
2526,SP1,2026-04-12,Celta,Oviedo,0,3,A,9.0,8.0,6.0,5.0
2526,SP1,2026-04-12,Mallorca,Vallecano,3,0,H,12.0,17.0,4.0,3.0
2526,SP1,2026-04-12,Osasuna,Betis,1,1,D,12.0,8.0,4.0,3.0
2526,E0,2026-04-13,Man United,Leeds,1,2,A,20.0,15.0,9.0,6.0
2526,I1,2026-04-13,Fiorentina,Lazio,1,0,H,8.0,13.0,2.0,6.0
2526,SP1,2026-04-13,Levante,Getafe,1,0,H,22.0,5.0,4.0,1.0
2526,D1,2026-04-17,St Pauli,FC Koln,1,1,D,14.0,10.0,6.0,1.0
2526,F1,2026-04-17,Lens,Toulouse,3,2,H,41.0,5.0,13.0,2.0
2526,I1,2026-04-17,Inter,Cagliari,3,0,H,18.0,10.0,5.0,1.0
2526,I1,2026-04-17,Sassuolo,Como,2,1,H,11.0,12.0,4.0,3.0
2526,D1,2026-04-18,Ein Frankfurt,RB Leipzig,1,3,A,16.0,19.0,5.0,8.0
2526,D1,2026-04-18,Hoffenheim,Dortmund,2,1,H,13.0,8.0,4.0,3.0
2526,D1,2026-04-18,Leverkusen,Augsburg,1,2,A,35.0,11.0,10.0,5.0
2526,D1,2026-04-18,Union Berlin,Wolfsburg,1,2,A,25.0,5.0,7.0,4.0
2526,D1,2026-04-18,Werder Bremen,Hamburg,3,1,H,18.0,11.0,10.0,3.0
2526,E0,2026-04-18,Brentford,Fulham,0,0,D,13.0,11.0,4.0,0.0
2526,E0,2026-04-18,Chelsea,Man United,0,1,A,21.0,4.0,3.0,1.0
2526,E0,2026-04-18,Leeds,Wolves,3,0,H,17.0,7.0,6.0,2.0
2526,E0,2026-04-18,Newcastle,Bournemouth,1,2,A,12.0,12.0,3.0,3.0
2526,E0,2026-04-18,Tottenham,Brighton,2,2,D,13.0,10.0,6.0,3.0
2526,F1,2026-04-18,Angers,Le Havre,1,1,D,11.0,16.0,5.0,8.0
2526,F1,2026-04-18,Lille,Nice,0,0,D,9.0,5.0,2.0,1.0
2526,F1,2026-04-18,Lorient,Marseille,2,0,H,11.0,16.0,4.0,2.0
2526,I1,2026-04-18,Napoli,Lazio,0,2,A,12.0,14.0,0.0,7.0
2526,I1,2026-04-18,Roma,Atalanta,1,1,D,19.0,8.0,9.0,2.0
2526,I1,2026-04-18,Udinese,Parma,0,1,A,16.0,10.0,3.0,1.0
2526,D1,2026-04-19,Bayern Munich,Stuttgart,4,2,H,28.0,11.0,9.0,7.0
2526,D1,2026-04-19,Freiburg,Heidenheim,2,1,H,17.0,13.0,4.0,2.0
2526,D1,2026-04-19,M'gladbach,Mainz,1,1,D,9.0,17.0,4.0,7.0
2526,E0,2026-04-19,Aston Villa,Sunderland,4,3,H,15.0,10.0,7.0,7.0
2526,E0,2026-04-19,Everton,Liverpool,1,2,A,10.0,14.0,4.0,6.0
2526,E0,2026-04-19,Man City,Arsenal,2,1,H,15.0,9.0,5.0,3.0
2526,E0,2026-04-19,Nott'm Forest,Burnley,4,1,H,10.0,4.0,4.0,3.0
2526,F1,2026-04-19,Metz,Paris FC,1,3,A,13.0,15.0,6.0,7.0
2526,F1,2026-04-19,Monaco,Auxerre,2,2,D,15.0,12.0,6.0,7.0
2526,F1,2026-04-19,Nantes,Brest,1,1,D,17.0,4.0,4.0,2.0
2526,F1,2026-04-19,Paris SG,Lyon,1,2,A,23.0,6.0,6.0,5.0
2526,F1,2026-04-19,Strasbourg,Rennes,0,3,A,9.0,26.0,1.0,9.0
2526,I1,2026-04-19,Cremonese,Torino,0,0,D,14.0,4.0,4.0,1.0
2526,I1,2026-04-19,Juventus,Bologna,2,0,H,14.0,7.0,4.0,0.0
2526,I1,2026-04-19,Pisa,Genoa,1,2,A,12.0,13.0,4.0,5.0
2526,I1,2026-04-19,Verona,Milan,0,1,A,13.0,6.0,2.0,3.0
2526,E0,2026-04-20,Crystal Palace,West Ham,0,0,D,9.0,9.0,1.0,4.0
2526,I1,2026-04-20,Lecce,Fiorentina,1,1,D,14.0,5.0,4.0,3.0
2526,E0,2026-04-21,Brighton,Chelsea,3,0,H,15.0,6.0,9.0,0.0
2526,SP1,2026-04-21,Ath Bilbao,Osasuna,1,0,H,7.0,8.0,2.0,3.0
2526,SP1,2026-04-21,Girona,Betis,2,3,A,9.0,7.0,2.0,3.0
2526,SP1,2026-04-21,Mallorca,Valencia,1,1,D,20.0,10.0,8.0,3.0
2526,SP1,2026-04-21,Real Madrid,Alaves,2,1,H,24.0,19.0,8.0,5.0
2526,E0,2026-04-22,Bournemouth,Leeds,2,2,D,17.0,10.0,7.0,3.0
2526,E0,2026-04-22,Burnley,Man City,0,1,A,9.0,28.0,1.0,9.0
2526,F1,2026-04-22,Paris SG,Nantes,3,0,H,14.0,11.0,6.0,4.0
2526,SP1,2026-04-22,Barcelona,Celta,1,0,H,10.0,6.0,3.0,3.0
2526,SP1,2026-04-22,Elche,Ath Madrid,3,2,H,14.0,6.0,6.0,3.0
2526,SP1,2026-04-22,Sociedad,Getafe,0,1,A,13.0,5.0,4.0,0.0
2526,SP1,2026-04-23,Levante,Sevilla,2,0,H,8.0,7.0,3.0,0.0
2526,SP1,2026-04-23,Oviedo,Villarreal,1,1,D,16.0,7.0,4.0,3.0
2526,SP1,2026-04-23,Vallecano,Espanol,1,0,H,17.0,15.0,6.0,4.0
2526,D1,2026-04-24,RB Leipzig,Union Berlin,3,1,H,20.0,5.0,10.0,1.0
2526,E0,2026-04-24,Sunderland,Nott'm Forest,0,5,A,14.0,10.0,4.0,6.0
2526,F1,2026-04-24,Brest,Lens,3,3,D,6.0,25.0,3.0,7.0
2526,I1,2026-04-24,Napoli,Cremonese,4,0,H,25.0,7.0,9.0,4.0
2526,SP1,2026-04-24,Betis,Real Madrid,1,1,D,19.0,12.0,4.0,8.0
2526,D1,2026-04-25,Augsburg,Ein Frankfurt,1,1,D,17.0,19.0,3.0,7.0
2526,D1,2026-04-25,FC Koln,Leverkusen,1,2,A,25.0,8.0,10.0,3.0
2526,D1,2026-04-25,Hamburg,Hoffenheim,1,2,A,12.0,15.0,4.0,6.0
2526,D1,2026-04-25,Heidenheim,St Pauli,2,0,H,12.0,11.0,5.0,2.0
2526,D1,2026-04-25,Mainz,Bayern Munich,3,4,A,21.0,11.0,8.0,6.0
2526,D1,2026-04-25,Wolfsburg,M'gladbach,0,0,D,12.0,10.0,4.0,2.0
2526,E0,2026-04-25,Arsenal,Newcastle,1,0,H,11.0,13.0,4.0,3.0
2526,E0,2026-04-25,Fulham,Aston Villa,1,0,H,13.0,10.0,6.0,1.0
2526,E0,2026-04-25,Liverpool,Crystal Palace,3,1,H,9.0,14.0,3.0,7.0
2526,E0,2026-04-25,West Ham,Everton,2,1,H,10.0,11.0,3.0,3.0
2526,E0,2026-04-25,Wolves,Tottenham,0,1,A,11.0,11.0,2.0,2.0
2526,F1,2026-04-25,Angers,Paris SG,0,3,A,6.0,17.0,1.0,10.0
2526,F1,2026-04-25,Lyon,Auxerre,3,2,H,12.0,9.0,6.0,2.0
2526,F1,2026-04-25,Toulouse,Monaco,2,2,D,18.0,8.0,5.0,5.0
2526,I1,2026-04-25,Bologna,Roma,0,2,A,10.0,7.0,2.0,2.0
2526,I1,2026-04-25,Parma,Pisa,1,0,H,15.0,12.0,5.0,3.0
2526,I1,2026-04-25,Verona,Lecce,0,0,D,6.0,12.0,3.0,2.0
2526,SP1,2026-04-25,Alaves,Mallorca,2,1,H,15.0,4.0,4.0,2.0
2526,SP1,2026-04-25,Ath Madrid,Ath Bilbao,3,2,H,6.0,12.0,4.0,4.0
2526,SP1,2026-04-25,Getafe,Barcelona,0,2,A,4.0,13.0,0.0,4.0
2526,SP1,2026-04-25,Valencia,Girona,2,1,H,12.0,7.0,3.0,4.0
2526,D1,2026-04-26,Dortmund,Freiburg,4,0,H,17.0,7.0,5.0,4.0
2526,D1,2026-04-26,Stuttgart,Werder Bremen,1,1,D,20.0,9.0,4.0,3.0
2526,F1,2026-04-26,Le Havre,Metz,4,4,D,14.0,12.0,5.0,5.0
2526,F1,2026-04-26,Lorient,Strasbourg,2,3,A,14.0,11.0,6.0,5.0
2526,F1,2026-04-26,Marseille,Nice,1,1,D,24.0,5.0,6.0,2.0
2526,F1,2026-04-26,Paris FC,Lille,0,1,A,7.0,10.0,2.0,4.0
2526,F1,2026-04-26,Rennes,Nantes,2,1,H,14.0,24.0,5.0,8.0
2526,I1,2026-04-26,Fiorentina,Sassuolo,0,0,D,22.0,11.0,5.0,1.0
2526,I1,2026-04-26,Genoa,Como,0,2,A,9.0,8.0,1.0,2.0
2526,I1,2026-04-26,Milan,Juventus,0,0,D,8.0,10.0,1.0,5.0
2526,I1,2026-04-26,Torino,Inter,2,2,D,14.0,14.0,2.0,5.0
2526,SP1,2026-04-26,Osasuna,Sevilla,2,1,H,15.0,8.0,7.0,2.0
2526,SP1,2026-04-26,Oviedo,Elche,1,2,A,12.0,4.0,3.0,4.0
2526,SP1,2026-04-26,Vallecano,Sociedad,3,3,D,24.0,13.0,9.0,8.0
2526,SP1,2026-04-26,Villarreal,Celta,2,1,H,13.0,9.0,4.0,3.0
2526,E0,2026-04-27,Man United,Brentford,2,1,H,11.0,12.0,6.0,4.0
2526,I1,2026-04-27,Cagliari,Atalanta,3,2,H,9.0,12.0,4.0,6.0
2526,I1,2026-04-27,Lazio,Udinese,3,3,D,13.0,16.0,5.0,7.0
2526,SP1,2026-04-27,Espanol,Levante,0,0,D,9.0,8.0,3.0,4.0
2526,E0,2026-05-01,Leeds,Burnley,3,1,H,18.0,9.0,8.0,3.0
2526,I1,2026-05-01,Pisa,Lecce,1,2,A,17.0,7.0,7.0,4.0
2526,SP1,2026-05-01,Girona,Mallorca,0,1,A,14.0,8.0,4.0,4.0
2526,D1,2026-05-02,Bayern Munich,Heidenheim,3,3,D,23.0,12.0,7.0,5.0
2526,D1,2026-05-02,Ein Frankfurt,Hamburg,1,2,A,8.0,9.0,5.0,4.0
2526,D1,2026-05-02,Hoffenheim,Stuttgart,3,3,D,22.0,14.0,9.0,5.0
2526,D1,2026-05-02,Leverkusen,RB Leipzig,4,1,H,23.0,14.0,8.0,5.0
2526,D1,2026-05-02,Union Berlin,FC Koln,2,2,D,13.0,8.0,3.0,4.0
2526,D1,2026-05-02,Werder Bremen,Augsburg,1,3,A,15.0,14.0,4.0,7.0
2526,E0,2026-05-02,Arsenal,Fulham,3,0,H,18.0,10.0,9.0,1.0
2526,E0,2026-05-02,Brentford,West Ham,3,0,H,14.0,13.0,6.0,4.0
2526,E0,2026-05-02,Newcastle,Brighton,3,1,H,13.0,13.0,6.0,4.0
2526,E0,2026-05-02,Wolves,Sunderland,1,1,D,20.0,10.0,7.0,2.0
2526,F1,2026-05-02,Metz,Monaco,1,2,A,13.0,15.0,1.0,3.0
2526,F1,2026-05-02,Nantes,Marseille,3,0,H,17.0,16.0,6.0,8.0
2526,F1,2026-05-02,Nice,Lens,1,1,D,9.0,16.0,2.0,4.0
2526,F1,2026-05-02,Paris SG,Lorient,2,2,D,24.0,5.0,6.0,3.0
2526,I1,2026-05-02,Atalanta,Genoa,0,0,D,21.0,7.0,7.0,2.0
2526,I1,2026-05-02,Como,Napoli,0,0,D,16.0,8.0,5.0,1.0
2526,I1,2026-05-02,Udinese,Torino,2,0,H,19.0,9.0,8.0,1.0
2526,SP1,2026-05-02,Alaves,Ath Bilbao,2,4,A,7.0,9.0,4.0,4.0
2526,SP1,2026-05-02,Osasuna,Barcelona,1,2,A,9.0,13.0,4.0,4.0
2526,SP1,2026-05-02,Valencia,Ath Madrid,0,2,A,12.0,20.0,0.0,5.0
2526,SP1,2026-05-02,Villarreal,Levante,5,1,H,20.0,12.0,8.0,3.0
2526,D1,2026-05-03,Freiburg,Wolfsburg,1,1,D,11.0,13.0,3.0,4.0
2526,D1,2026-05-03,M'gladbach,Dortmund,1,0,H,12.0,6.0,4.0,1.0
2526,D1,2026-05-03,St Pauli,Mainz,1,2,A,10.0,17.0,3.0,6.0
2526,E0,2026-05-03,Aston Villa,Tottenham,1,2,A,5.0,10.0,1.0,5.0
2526,E0,2026-05-03,Bournemouth,Crystal Palace,3,0,H,16.0,7.0,5.0,1.0
2526,E0,2026-05-03,Man United,Liverpool,3,2,H,18.0,13.0,6.0,5.0
2526,F1,2026-05-03,Auxerre,Angers,3,1,H,19.0,9.0,10.0,3.0
2526,F1,2026-05-03,Lille,Le Havre,1,1,D,22.0,2.0,10.0,2.0
2526,F1,2026-05-03,Lyon,Rennes,4,2,H,16.0,8.0,9.0,5.0
2526,F1,2026-05-03,Paris FC,Brest,4,0,H,17.0,10.0,8.0,1.0
2526,F1,2026-05-03,Strasbourg,Toulouse,1,2,A,9.0,16.0,4.0,6.0
2526,I1,2026-05-03,Bologna,Cagliari,0,0,D,13.0,8.0,4.0,2.0
2526,I1,2026-05-03,Inter,Parma,2,0,H,12.0,4.0,5.0,0.0
2526,I1,2026-05-03,Juventus,Verona,1,1,D,29.0,7.0,7.0,3.0
2526,I1,2026-05-03,Sassuolo,Milan,2,0,H,13.0,7.0,4.0,1.0
2526,SP1,2026-05-03,Betis,Oviedo,3,0,H,10.0,17.0,5.0,5.0
2526,SP1,2026-05-03,Celta,Elche,3,1,H,6.0,15.0,4.0,4.0
2526,SP1,2026-05-03,Espanol,Real Madrid,0,2,A,17.0,15.0,3.0,5.0
2526,SP1,2026-05-03,Getafe,Vallecano,0,2,A,13.0,10.0,3.0,6.0
2526,E0,2026-05-04,Chelsea,Nott'm Forest,1,3,A,21.0,6.0,5.0,4.0
2526,E0,2026-05-04,Everton,Man City,3,3,D,14.0,21.0,6.0,4.0
2526,I1,2026-05-04,Cremonese,Lazio,1,2,A,13.0,8.0,5.0,3.0
2526,I1,2026-05-04,Roma,Fiorentina,4,0,H,14.0,4.0,7.0,1.0
2526,SP1,2026-05-04,Sevilla,Sociedad,1,0,H,19.0,6.0,5.0,0.0
2526,D1,2026-05-08,Dortmund,Ein Frankfurt,3,2,H,13.0,9.0,8.0,4.0
2526,F1,2026-05-08,Lens,Nantes,1,0,H,14.0,15.0,5.0,3.0
2526,I1,2026-05-08,Torino,Sassuolo,2,1,H,18.0,13.0,4.0,7.0
2526,SP1,2026-05-08,Levante,Osasuna,3,2,H,35.0,5.0,12.0,3.0
2526,D1,2026-05-09,Augsburg,M'gladbach,3,1,H,15.0,16.0,10.0,4.0
2526,D1,2026-05-09,Hoffenheim,Werder Bremen,1,0,H,15.0,11.0,4.0,2.0
2526,D1,2026-05-09,RB Leipzig,St Pauli,2,1,H,13.0,7.0,5.0,3.0
2526,D1,2026-05-09,Stuttgart,Leverkusen,3,1,H,20.0,6.0,9.0,5.0
2526,D1,2026-05-09,Wolfsburg,Bayern Munich,0,1,A,17.0,16.0,5.0,9.0
2526,E0,2026-05-09,Brighton,Wolves,3,0,H,14.0,5.0,6.0,1.0
2526,E0,2026-05-09,Fulham,Bournemouth,0,1,A,14.0,10.0,2.0,5.0
2526,E0,2026-05-09,Liverpool,Chelsea,1,1,D,8.0,6.0,3.0,3.0
2526,E0,2026-05-09,Man City,Brentford,3,0,H,25.0,4.0,10.0,2.0
2526,E0,2026-05-09,Sunderland,Man United,0,0,D,15.0,11.0,4.0,1.0
2526,I1,2026-05-09,Cagliari,Udinese,0,2,A,22.0,9.0,5.0,6.0
2526,I1,2026-05-09,Lazio,Inter,0,3,A,9.0,14.0,5.0,5.0
2526,I1,2026-05-09,Lecce,Juventus,0,1,A,8.0,15.0,3.0,6.0
2526,SP1,2026-05-09,Ath Madrid,Celta,0,1,A,20.0,3.0,4.0,1.0
2526,SP1,2026-05-09,Elche,Alaves,1,1,D,16.0,12.0,5.0,4.0
2526,SP1,2026-05-09,Sevilla,Espanol,2,1,H,21.0,10.0,6.0,5.0
2526,SP1,2026-05-09,Sociedad,Betis,2,2,D,14.0,14.0,6.0,6.0
2526,D1,2026-05-10,FC Koln,Heidenheim,1,3,A,18.0,11.0,7.0,5.0
2526,D1,2026-05-10,Hamburg,Freiburg,3,2,H,14.0,5.0,5.0,3.0
2526,D1,2026-05-10,Mainz,Union Berlin,1,3,A,14.0,16.0,3.0,9.0
2526,E0,2026-05-10,Burnley,Aston Villa,2,2,D,15.0,18.0,6.0,7.0
2526,E0,2026-05-10,Crystal Palace,Everton,2,2,D,21.0,13.0,8.0,6.0
2526,E0,2026-05-10,Nott'm Forest,Newcastle,1,1,D,17.0,16.0,6.0,6.0
2526,E0,2026-05-10,West Ham,Arsenal,0,1,A,9.0,15.0,3.0,4.0
2526,F1,2026-05-10,Angers,Strasbourg,1,1,D,11.0,15.0,4.0,6.0
2526,F1,2026-05-10,Auxerre,Nice,2,1,H,12.0,10.0,4.0,6.0
2526,F1,2026-05-10,Le Havre,Marseille,0,1,A,10.0,8.0,2.0,3.0
2526,F1,2026-05-10,Metz,Lorient,0,4,A,8.0,14.0,2.0,7.0
2526,F1,2026-05-10,Monaco,Lille,0,1,A,7.0,7.0,3.0,2.0
2526,F1,2026-05-10,Paris SG,Brest,1,0,H,23.0,3.0,6.0,2.0
2526,F1,2026-05-10,Rennes,Paris FC,2,1,H,14.0,11.0,5.0,1.0
2526,F1,2026-05-10,Toulouse,Lyon,2,1,H,14.0,18.0,6.0,3.0
2526,I1,2026-05-10,Cremonese,Pisa,3,0,H,10.0,0.0,6.0,0.0
2526,I1,2026-05-10,Fiorentina,Genoa,0,0,D,13.0,9.0,1.0,3.0
2526,I1,2026-05-10,Milan,Atalanta,2,3,A,20.0,9.0,9.0,5.0
2526,I1,2026-05-10,Parma,Roma,2,3,A,11.0,15.0,3.0,7.0
2526,I1,2026-05-10,Verona,Como,0,1,A,11.0,11.0,3.0,4.0
2526,SP1,2026-05-10,Ath Bilbao,Valencia,0,1,A,14.0,7.0,4.0,3.0
2526,SP1,2026-05-10,Barcelona,Real Madrid,2,0,H,10.0,8.0,7.0,1.0
2526,SP1,2026-05-10,Mallorca,Villarreal,1,1,D,18.0,7.0,8.0,2.0
2526,SP1,2026-05-10,Oviedo,Getafe,0,0,D,8.0,22.0,4.0,4.0
2526,E0,2026-05-11,Tottenham,Leeds,1,1,D,16.0,11.0,3.0,4.0
2526,I1,2026-05-11,Napoli,Bologna,2,3,A,14.0,10.0,5.0,4.0
2526,SP1,2026-05-11,Vallecano,Girona,1,1,D,18.0,9.0,5.0,5.0
2526,SP1,2026-05-12,Betis,Elche,2,1,H,16.0,8.0,7.0,2.0
2526,SP1,2026-05-12,Celta,Levante,2,3,A,11.0,14.0,6.0,6.0
2526,SP1,2026-05-12,Osasuna,Ath Madrid,1,2,A,23.0,5.0,5.0,4.0
2526,E0,2026-05-13,Man City,Crystal Palace,3,0,H,15.0,6.0,4.0,2.0
2526,F1,2026-05-13,Brest,Strasbourg,1,2,A,21.0,10.0,6.0,5.0
2526,F1,2026-05-13,Lens,Paris SG,0,2,A,25.0,10.0,10.0,3.0
2526,SP1,2026-05-13,Alaves,Barcelona,1,0,H,9.0,8.0,3.0,0.0
2526,SP1,2026-05-13,Espanol,Ath Bilbao,2,0,H,12.0,11.0,5.0,4.0
2526,SP1,2026-05-13,Getafe,Mallorca,3,1,H,6.0,9.0,4.0,2.0
2526,SP1,2026-05-13,Villarreal,Sevilla,2,3,A,6.0,13.0,4.0,5.0
2526,SP1,2026-05-14,Girona,Sociedad,1,1,D,29.0,6.0,4.0,2.0
2526,SP1,2026-05-14,Real Madrid,Oviedo,2,0,H,19.0,9.0,7.0,1.0
2526,SP1,2026-05-14,Valencia,Vallecano,1,1,D,12.0,6.0,3.0,3.0
2526,E0,2026-05-15,Aston Villa,Liverpool,4,2,H,14.0,16.0,9.0,5.0
2526,D1,2026-05-16,Bayern Munich,FC Koln,5,1,H,19.0,9.0,7.0,2.0
2526,D1,2026-05-16,Ein Frankfurt,Stuttgart,2,2,D,16.0,13.0,7.0,7.0
2526,D1,2026-05-16,Freiburg,RB Leipzig,4,1,H,11.0,14.0,5.0,6.0
2526,D1,2026-05-16,Heidenheim,Mainz,0,2,A,15.0,15.0,5.0,9.0
2526,D1,2026-05-16,Leverkusen,Hamburg,1,1,D,26.0,19.0,9.0,6.0
2526,D1,2026-05-16,M'gladbach,Hoffenheim,4,0,H,9.0,11.0,6.0,3.0
2526,D1,2026-05-16,St Pauli,Wolfsburg,1,3,A,11.0,19.0,2.0,10.0
2526,D1,2026-05-16,Union Berlin,Augsburg,4,0,H,17.0,11.0,9.0,1.0
2526,D1,2026-05-16,Werder Bremen,Dortmund,0,2,A,9.0,17.0,3.0,9.0
2526,E0,2026-05-17,Brentford,Crystal Palace,2,2,D,14.0,16.0,3.0,5.0
2526,E0,2026-05-17,Everton,Sunderland,1,3,A,10.0,7.0,4.0,3.0
2526,E0,2026-05-17,Leeds,Brighton,1,0,H,7.0,19.0,1.0,8.0
2526,E0,2026-05-17,Man United,Nott'm Forest,3,2,H,29.0,11.0,8.0,4.0
2526,E0,2026-05-17,Newcastle,West Ham,3,1,H,15.0,15.0,7.0,8.0
2526,E0,2026-05-17,Wolves,Fulham,1,1,D,11.0,13.0,3.0,5.0
2526,F1,2026-05-17,Brest,Angers,1,1,D,18.0,8.0,5.0,2.0
2526,F1,2026-05-17,Lille,Auxerre,0,2,A,12.0,7.0,3.0,4.0
2526,F1,2026-05-17,Lorient,Le Havre,0,2,A,12.0,7.0,2.0,4.0
2526,F1,2026-05-17,Lyon,Lens,0,4,A,16.0,14.0,4.0,4.0
2526,F1,2026-05-17,Marseille,Rennes,3,1,H,27.0,27.0,11.0,6.0
2526,F1,2026-05-17,Nantes,Toulouse,0,0,D,2.0,2.0,1.0,1.0
2526,F1,2026-05-17,Nice,Metz,0,0,D,22.0,16.0,4.0,4.0
2526,F1,2026-05-17,Paris FC,Paris SG,2,1,H,17.0,9.0,9.0,2.0
2526,F1,2026-05-17,Strasbourg,Monaco,5,4,H,15.0,21.0,7.0,8.0
2526,I1,2026-05-17,Atalanta,Bologna,0,1,A,10.0,10.0,1.0,5.0
2526,I1,2026-05-17,Cagliari,Torino,2,1,H,13.0,10.0,4.0,3.0
2526,I1,2026-05-17,Como,Parma,1,0,H,23.0,2.0,7.0,2.0
2526,I1,2026-05-17,Genoa,Milan,1,2,A,11.0,8.0,2.0,6.0
2526,I1,2026-05-17,Inter,Verona,1,1,D,17.0,14.0,6.0,5.0
2526,I1,2026-05-17,Juventus,Fiorentina,0,2,A,26.0,10.0,9.0,4.0
2526,I1,2026-05-17,Pisa,Napoli,0,3,A,4.0,10.0,2.0,5.0
2526,I1,2026-05-17,Roma,Lazio,2,0,H,16.0,6.0,7.0,2.0
2526,I1,2026-05-17,Sassuolo,Lecce,2,3,A,15.0,11.0,6.0,6.0
2526,I1,2026-05-17,Udinese,Cremonese,0,1,A,10.0,7.0,2.0,4.0
2526,SP1,2026-05-17,Ath Bilbao,Celta,1,1,D,27.0,3.0,9.0,2.0
2526,SP1,2026-05-17,Ath Madrid,Girona,1,0,H,17.0,25.0,4.0,11.0
2526,SP1,2026-05-17,Barcelona,Betis,3,1,H,15.0,7.0,9.0,2.0
2526,SP1,2026-05-17,Elche,Getafe,1,0,H,10.0,4.0,3.0,0.0
2526,SP1,2026-05-17,Levante,Mallorca,2,0,H,15.0,8.0,3.0,3.0
2526,SP1,2026-05-17,Osasuna,Espanol,1,2,A,24.0,7.0,8.0,3.0
2526,SP1,2026-05-17,Oviedo,Alaves,0,1,A,8.0,7.0,0.0,1.0
2526,SP1,2026-05-17,Sevilla,Real Madrid,0,1,A,14.0,12.0,6.0,1.0
2526,SP1,2026-05-17,Sociedad,Valencia,3,4,A,8.0,13.0,3.0,6.0
2526,SP1,2026-05-17,Vallecano,Villarreal,2,0,H,15.0,11.0,7.0,2.0
2526,E0,2026-05-18,Arsenal,Burnley,1,0,H,13.0,5.0,3.0,0.0
2526,E0,2026-05-19,Bournemouth,Man City,1,1,D,10.0,14.0,2.0,5.0
2526,E0,2026-05-19,Chelsea,Tottenham,2,1,H,9.0,9.0,4.0,3.0
2526,I1,2026-05-22,Fiorentina,Atalanta,1,1,D,11.0,21.0,4.0,6.0
2526,I1,2026-05-23,Bologna,Inter,3,3,D,11.0,11.0,3.0,5.0
2526,I1,2026-05-23,Lazio,Pisa,2,1,H,15.0,8.0,9.0,2.0
2526,SP1,2026-05-23,Alaves,Vallecano,1,2,A,19.0,15.0,11.0,7.0
2526,SP1,2026-05-23,Betis,Levante,2,1,H,18.0,15.0,8.0,7.0
2526,SP1,2026-05-23,Celta,Sevilla,1,0,H,12.0,9.0,3.0,2.0
2526,SP1,2026-05-23,Espanol,Sociedad,1,1,D,17.0,9.0,8.0,4.0
2526,SP1,2026-05-23,Getafe,Osasuna,1,0,H,6.0,11.0,3.0,5.0
2526,SP1,2026-05-23,Girona,Elche,1,1,D,10.0,3.0,7.0,1.0
2526,SP1,2026-05-23,Mallorca,Oviedo,3,0,H,23.0,7.0,7.0,0.0
2526,SP1,2026-05-23,Real Madrid,Ath Bilbao,4,2,H,13.0,8.0,8.0,2.0
2526,SP1,2026-05-23,Valencia,Barcelona,3,1,H,19.0,11.0,6.0,4.0
2526,E0,2026-05-24,Brighton,Man United,0,3,A,13.0,11.0,2.0,7.0
2526,E0,2026-05-24,Burnley,Wolves,1,1,D,16.0,16.0,8.0,4.0
2526,E0,2026-05-24,Crystal Palace,Arsenal,1,2,A,8.0,17.0,3.0,7.0
2526,E0,2026-05-24,Fulham,Newcastle,2,0,H,21.0,7.0,6.0,2.0
2526,E0,2026-05-24,Liverpool,Brentford,1,1,D,24.0,11.0,8.0,2.0
2526,E0,2026-05-24,Man City,Aston Villa,1,2,A,16.0,12.0,3.0,5.0
2526,E0,2026-05-24,Nott'm Forest,Bournemouth,1,1,D,15.0,17.0,5.0,4.0
2526,E0,2026-05-24,Sunderland,Chelsea,2,1,H,20.0,10.0,2.0,1.0
2526,E0,2026-05-24,Tottenham,Everton,1,0,H,21.0,8.0,6.0,3.0
2526,E0,2026-05-24,West Ham,Leeds,3,0,H,16.0,13.0,9.0,3.0
2526,I1,2026-05-24,Cremonese,Como,1,4,A,6.0,15.0,1.0,6.0
2526,I1,2026-05-24,Lecce,Genoa,1,0,H,9.0,8.0,4.0,1.0
2526,I1,2026-05-24,Milan,Cagliari,1,2,A,16.0,25.0,3.0,10.0
2526,I1,2026-05-24,Napoli,Udinese,1,0,H,14.0,10.0,6.0,3.0
2526,I1,2026-05-24,Parma,Sassuolo,1,0,H,16.0,6.0,3.0,1.0
2526,I1,2026-05-24,Torino,Juventus,2,2,D,12.0,17.0,5.0,4.0
2526,I1,2026-05-24,Verona,Roma,0,2,A,8.0,19.0,3.0,7.0
2526,SP1,2026-05-24,Villarreal,Ath Madrid,5,1,H,14.0,9.0,8.0,4.0
