Season,Div,Date,HomeTeam,AwayTeam,FTHG,FTAG,FTR,HS,AS,HST,AST
2324,D2,2023-07-28,Hamburg,Schalke 04,5,3,H,31.0,11.0,14.0,6.0
2324,D2,2023-07-29,Fortuna Dusseldorf,Hertha,1,0,H,9.0,12.0,2.0,4.0
2324,D2,2023-07-29,Hannover,Elversberg,2,2,D,10.0,23.0,4.0,9.0
2324,D2,2023-07-29,Kaiserslautern,St Pauli,1,2,A,10.0,14.0,3.0,5.0
2324,D2,2023-07-29,Osnabruck,Karlsruhe,2,3,A,18.0,14.0,7.0,8.0
2324,D2,2023-07-29,Wehen,Magdeburg,1,1,D,9.0,11.0,1.0,3.0
2324,D2,2023-07-30,Braunschweig,Holstein Kiel,0,1,A,9.0,15.0,2.0,4.0
2324,D2,2023-07-30,Greuther Furth,Paderborn,5,0,H,24.0,7.0,11.0,0.0
2324,D2,2023-07-30,Hansa Rostock,Nurnberg,2,0,H,14.0,18.0,4.0,7.0
2324,D2,2023-08-04,Hertha,Wehen,0,1,A,21.0,12.0,8.0,5.0
2324,D2,2023-08-04,Paderborn,Osnabruck,1,1,D,15.0,15.0,5.0,5.0
2324,E1,2023-08-04,Sheffield Weds,Southampton,1,2,A,8.0,23.0,1.0,7.0
2324,D2,2023-08-05,Elversberg,Hansa Rostock,1,2,A,13.0,17.0,4.0,5.0
2324,D2,2023-08-05,Holstein Kiel,Greuther Furth,2,1,H,9.0,15.0,4.0,2.0
2324,D2,2023-08-05,Schalke 04,Kaiserslautern,3,0,H,16.0,10.0,8.0,4.0
2324,D2,2023-08-05,St Pauli,Fortuna Dusseldorf,0,0,D,13.0,10.0,5.0,3.0
2324,E1,2023-08-05,Blackburn,West Brom,2,1,H,12.0,14.0,3.0,4.0
2324,E1,2023-08-05,Bristol City,Preston,1,1,D,5.0,11.0,2.0,3.0
2324,E1,2023-08-05,Middlesbrough,Millwall,0,1,A,16.0,12.0,2.0,2.0
2324,E1,2023-08-05,Norwich,Hull,2,1,H,28.0,8.0,5.0,3.0
2324,E1,2023-08-05,Plymouth,Huddersfield,3,1,H,14.0,15.0,7.0,3.0
2324,E1,2023-08-05,Stoke,Rotherham,4,1,H,15.0,6.0,6.0,3.0
2324,E1,2023-08-05,Swansea,Birmingham,1,1,D,11.0,11.0,6.0,5.0
2324,E1,2023-08-05,Watford,QPR,4,0,H,23.0,4.0,12.0,1.0
2324,F2,2023-08-05,Ajaccio,Rodez,1,1,D,19.0,8.0,6.0,3.0
2324,F2,2023-08-05,Amiens,Quevilly Rouen,1,0,H,5.0,6.0,2.0,2.0
2324,F2,2023-08-05,Annecy,Guingamp,1,4,A,11.0,15.0,4.0,8.0
2324,F2,2023-08-05,Concarneau,Bastia,0,0,D,13.0,8.0,3.0,1.0
2324,F2,2023-08-05,Dunkerque,Troyes,2,2,D,16.0,14.0,5.0,7.0
2324,F2,2023-08-05,Laval,Angers,1,0,H,13.0,6.0,5.0,2.0
2324,F2,2023-08-05,Paris FC,Caen,0,2,A,2.0,12.0,0.0,5.0
2324,F2,2023-08-05,St Etienne,Grenoble,0,1,A,17.0,13.0,4.0,5.0
2324,F2,2023-08-05,Valenciennes,Auxerre,1,4,A,12.0,19.0,5.0,6.0
2324,D2,2023-08-06,Karlsruhe,Hamburg,2,2,D,17.0,13.0,4.0,7.0
2324,D2,2023-08-06,Magdeburg,Braunschweig,2,1,H,14.0,9.0,5.0,4.0
2324,D2,2023-08-06,Nurnberg,Hannover,2,2,D,8.0,19.0,3.0,6.0
2324,E1,2023-08-06,Leeds,Cardiff,2,2,D,25.0,7.0,6.0,2.0
2324,E1,2023-08-06,Leicester,Coventry,2,1,H,20.0,20.0,7.0,6.0
2324,E1,2023-08-06,Sunderland,Ipswich,1,2,A,20.0,13.0,4.0,5.0
2324,F2,2023-08-07,Pau FC,Bordeaux,3,0,H,7.0,15.0,4.0,6.0
2324,SP2,2023-08-11,Amorebieta,Levante,1,1,D,11.0,7.0,3.0,2.0
2324,SP2,2023-08-11,Valladolid,Sp Gijon,2,0,H,17.0,11.0,5.0,4.0
2324,E1,2023-08-12,Birmingham,Leeds,1,0,H,10.0,7.0,2.0,1.0
2324,E1,2023-08-12,Cardiff,QPR,1,2,A,15.0,7.0,4.0,3.0
2324,E1,2023-08-12,Coventry,Middlesbrough,3,0,H,12.0,14.0,5.0,2.0
2324,E1,2023-08-12,Huddersfield,Leicester,0,1,A,13.0,17.0,3.0,6.0
2324,E1,2023-08-12,Hull,Sheffield Weds,4,2,H,16.0,6.0,7.0,2.0
2324,E1,2023-08-12,Ipswich,Stoke,2,0,H,22.0,9.0,10.0,2.0
2324,E1,2023-08-12,Millwall,Bristol City,0,1,A,10.0,13.0,2.0,1.0
2324,E1,2023-08-12,Preston,Sunderland,2,1,H,11.0,13.0,2.0,4.0
2324,E1,2023-08-12,Rotherham,Blackburn,2,2,D,9.0,21.0,3.0,6.0
2324,E1,2023-08-12,Southampton,Norwich,4,4,D,31.0,15.0,11.0,6.0
2324,E1,2023-08-12,Watford,Plymouth,0,0,D,20.0,13.0,3.0,5.0
2324,E1,2023-08-12,West Brom,Swansea,3,2,H,11.0,13.0,3.0,4.0
2324,F2,2023-08-12,Angers,Annecy,0,0,D,12.0,5.0,1.0,2.0
2324,F2,2023-08-12,Auxerre,Amiens,0,1,A,15.0,7.0,0.0,1.0
2324,F2,2023-08-12,Bastia,Valenciennes,3,0,H,15.0,3.0,7.0,1.0
2324,F2,2023-08-12,Caen,Pau FC,2,0,H,23.0,7.0,5.0,2.0
2324,F2,2023-08-12,Grenoble,Paris FC,2,0,H,11.0,3.0,7.0,3.0
2324,F2,2023-08-12,Guingamp,Dunkerque,0,1,A,16.0,9.0,3.0,5.0
2324,F2,2023-08-12,Quevilly Rouen,Ajaccio,0,1,A,4.0,3.0,2.0,3.0
2324,F2,2023-08-12,Rodez,St Etienne,2,1,H,21.0,15.0,7.0,8.0
2324,F2,2023-08-12,Troyes,Laval,3,1,H,9.0,19.0,6.0,3.0
2324,SP2,2023-08-12,Elche,Ferrol,0,1,A,14.0,10.0,1.0,2.0
2324,SP2,2023-08-12,Santander,Eibar,4,0,H,11.0,14.0,8.0,3.0
2324,SP2,2023-08-12,Zaragoza,Villarreal B,2,0,H,16.0,11.0,7.0,2.0
2324,SP2,2023-08-13,Albacete,Espanol,1,1,D,17.0,8.0,6.0,3.0
2324,SP2,2023-08-13,Burgos,Huesca,1,1,D,19.0,4.0,5.0,2.0
2324,SP2,2023-08-13,Cartagena,Eldense,0,1,A,12.0,8.0,2.0,2.0
2324,SP2,2023-08-13,Leganes,Andorra,0,1,A,12.0,13.0,4.0,3.0
2324,F2,2023-08-14,Bordeaux,Concarneau,1,0,H,16.0,10.0,5.0,4.0
2324,SP2,2023-08-14,Mirandes,Alcorcon,4,0,H,17.0,18.0,6.0,6.0
2324,SP2,2023-08-14,Tenerife,Oviedo,1,0,H,10.0,7.0,3.0,0.0
2324,D2,2023-08-18,Kaiserslautern,Elversberg,3,2,H,20.0,21.0,8.0,9.0
2324,D2,2023-08-18,Wehen,Karlsruhe,1,0,H,11.0,15.0,4.0,7.0
2324,E1,2023-08-18,Leeds,West Brom,1,1,D,16.0,4.0,4.0,2.0
2324,I2,2023-08-18,Bari,Palermo,0,0,D,11.0,16.0,3.0,2.0
2324,SP2,2023-08-18,Andorra,Cartagena,3,2,H,17.0,5.0,5.0,3.0
2324,SP2,2023-08-18,Zaragoza,Valladolid,1,0,H,12.0,11.0,5.0,5.0
2324,D2,2023-08-19,Fortuna Dusseldorf,Paderborn,1,2,A,26.0,10.0,6.0,6.0
2324,D2,2023-08-19,Greuther Furth,St Pauli,0,0,D,16.0,6.0,2.0,1.0
2324,D2,2023-08-19,Hamburg,Hertha,3,0,H,27.0,11.0,7.0,2.0
2324,D2,2023-08-19,Hansa Rostock,Hannover,1,2,A,10.0,8.0,2.0,2.0
2324,E1,2023-08-19,Blackburn,Hull,1,2,A,14.0,19.0,3.0,5.0
2324,E1,2023-08-19,Bristol City,Birmingham,0,2,A,19.0,16.0,0.0,6.0
2324,E1,2023-08-19,Leicester,Cardiff,2,1,H,15.0,10.0,6.0,4.0
2324,E1,2023-08-19,Middlesbrough,Huddersfield,1,1,D,17.0,16.0,7.0,2.0
2324,E1,2023-08-19,Plymouth,Southampton,1,2,A,15.0,19.0,2.0,9.0
2324,E1,2023-08-19,QPR,Ipswich,0,1,A,10.0,16.0,4.0,3.0
2324,E1,2023-08-19,Sheffield Weds,Preston,0,1,A,8.0,5.0,3.0,2.0
2324,E1,2023-08-19,Stoke,Watford,1,0,H,13.0,10.0,2.0,3.0
2324,E1,2023-08-19,Sunderland,Rotherham,2,1,H,11.0,4.0,4.0,1.0
2324,E1,2023-08-19,Swansea,Coventry,1,1,D,7.0,11.0,3.0,2.0
2324,F2,2023-08-19,Amiens,Bastia,2,1,H,17.0,11.0,6.0,4.0
2324,F2,2023-08-19,Angers,Auxerre,2,2,D,12.0,13.0,5.0,5.0
2324,F2,2023-08-19,Annecy,Dunkerque,3,0,H,11.0,4.0,4.0,2.0
2324,F2,2023-08-19,Concarneau,Caen,0,2,A,14.0,11.0,4.0,3.0
2324,F2,2023-08-19,Grenoble,Troyes,0,0,D,18.0,6.0,7.0,1.0
2324,F2,2023-08-19,Laval,Rodez,1,0,H,9.0,7.0,4.0,1.0
2324,F2,2023-08-19,Pau FC,Paris FC,2,0,H,9.0,14.0,3.0,5.0
2324,F2,2023-08-19,St Etienne,Quevilly Rouen,2,1,H,5.0,10.0,2.0,1.0
2324,F2,2023-08-19,Valenciennes,Guingamp,0,0,D,9.0,6.0,3.0,3.0
2324,I2,2023-08-19,Cosenza,Ascoli,3,0,H,22.0,4.0,6.0,0.0
2324,I2,2023-08-19,Cremonese,Catanzaro,0,0,D,17.0,6.0,3.0,2.0
2324,I2,2023-08-19,Ternana,Sampdoria,1,2,A,14.0,13.0,3.0,6.0
2324,SP2,2023-08-19,Alcorcon,Leganes,0,2,A,15.0,7.0,2.0,4.0
2324,SP2,2023-08-19,Eibar,Elche,2,1,H,11.0,13.0,5.0,3.0
2324,SP2,2023-08-19,Espanol,Santander,2,0,H,20.0,12.0,6.0,2.0
2324,SP2,2023-08-19,Levante,Burgos,3,2,H,18.0,16.0,11.0,8.0
2324,D2,2023-08-20,Braunschweig,Schalke 04,1,0,H,17.0,11.0,6.0,3.0
2324,D2,2023-08-20,Holstein Kiel,Magdeburg,2,4,A,17.0,18.0,8.0,10.0
2324,D2,2023-08-20,Osnabruck,Nurnberg,2,3,A,15.0,20.0,3.0,7.0
2324,E1,2023-08-20,Norwich,Millwall,3,1,H,20.0,10.0,5.0,2.0
2324,I2,2023-08-20,Cittadella,Reggiana,1,0,H,13.0,8.0,3.0,1.0
2324,I2,2023-08-20,Parma,FeralpiSalo,2,0,H,15.0,13.0,4.0,2.0
2324,I2,2023-08-20,Sudtirol,Spezia,3,3,D,10.0,17.0,4.0,5.0
2324,I2,2023-08-20,Venezia,Como,3,0,H,18.0,12.0,6.0,3.0
2324,SP2,2023-08-20,Albacete,Amorebieta,2,2,D,18.0,13.0,8.0,3.0
2324,SP2,2023-08-20,Oviedo,Ferrol,1,1,D,16.0,5.0,3.0,1.0
2324,SP2,2023-08-20,Sp Gijon,Mirandes,3,0,H,12.0,22.0,7.0,11.0
2324,F2,2023-08-21,Ajaccio,Bordeaux,0,0,D,9.0,15.0,2.0,4.0
2324,SP2,2023-08-21,Huesca,Tenerife,0,2,A,12.0,11.0,4.0,5.0
2324,SP2,2023-08-21,Villarreal B,Eldense,3,1,H,13.0,11.0,6.0,3.0
2324,D2,2023-08-25,Paderborn,Kaiserslautern,1,2,A,15.0,12.0,5.0,3.0
2324,D2,2023-08-25,Schalke 04,Holstein Kiel,0,2,A,13.0,14.0,4.0,5.0
2324,E1,2023-08-25,Hull,Bristol City,1,1,D,13.0,19.0,9.0,5.0
2324,I2,2023-08-25,Sampdoria,Pisa,0,2,A,12.0,8.0,2.0,3.0
2324,SP2,2023-08-25,Cartagena,Levante,0,1,A,9.0,13.0,3.0,5.0
2324,D2,2023-08-26,Elversberg,Fortuna Dusseldorf,0,5,A,13.0,15.0,4.0,8.0
2324,D2,2023-08-26,Hannover,Hamburg,0,1,A,19.0,11.0,5.0,4.0
2324,D2,2023-08-26,Hansa Rostock,Osnabruck,2,1,H,12.0,13.0,5.0,3.0
2324,D2,2023-08-26,Hertha,Greuther Furth,5,0,H,14.0,17.0,7.0,6.0
2324,E1,2023-08-26,Birmingham,Plymouth,2,1,H,13.0,16.0,4.0,8.0
2324,E1,2023-08-26,Cardiff,Sheffield Weds,2,1,H,12.0,11.0,4.0,2.0
2324,E1,2023-08-26,Coventry,Sunderland,0,0,D,17.0,15.0,6.0,2.0
2324,E1,2023-08-26,Huddersfield,Norwich,0,4,A,18.0,9.0,5.0,5.0
2324,E1,2023-08-26,Ipswich,Leeds,3,4,A,21.0,14.0,6.0,9.0
2324,E1,2023-08-26,Millwall,Stoke,1,0,H,17.0,20.0,7.0,2.0
2324,E1,2023-08-26,Preston,Swansea,2,1,H,11.0,10.0,3.0,1.0
2324,E1,2023-08-26,Rotherham,Leicester,1,2,A,8.0,15.0,1.0,7.0
2324,E1,2023-08-26,Southampton,QPR,2,1,H,7.0,11.0,3.0,5.0
2324,E1,2023-08-26,West Brom,Middlesbrough,4,2,H,7.0,15.0,4.0,5.0
2324,F2,2023-08-26,Auxerre,Grenoble,0,0,D,15.0,7.0,2.0,4.0
2324,F2,2023-08-26,Bastia,Troyes,3,2,H,24.0,9.0,6.0,6.0
2324,F2,2023-08-26,Bordeaux,Amiens,2,0,H,17.0,12.0,7.0,2.0
2324,F2,2023-08-26,Caen,Ajaccio,3,0,H,10.0,5.0,4.0,2.0
2324,F2,2023-08-26,Dunkerque,Angers,0,1,A,14.0,7.0,9.0,3.0
2324,F2,2023-08-26,Guingamp,Pau FC,4,0,H,23.0,13.0,9.0,6.0
2324,F2,2023-08-26,Paris FC,Concarneau,3,0,H,13.0,13.0,6.0,4.0
2324,F2,2023-08-26,Quevilly Rouen,Laval,0,0,D,7.0,11.0,2.0,2.0
2324,F2,2023-08-26,Rodez,Valenciennes,0,1,A,19.0,10.0,7.0,4.0
2324,I2,2023-08-26,Como,Reggiana,2,2,D,10.0,12.0,4.0,5.0
2324,I2,2023-08-26,Cremonese,Bari,0,1,A,25.0,7.0,5.0,1.0
2324,I2,2023-08-26,FeralpiSalo,Sudtirol,0,2,A,7.0,9.0,1.0,4.0
2324,I2,2023-08-26,Modena,Ascoli,1,0,H,13.0,8.0,3.0,5.0
2324,I2,2023-08-26,Parma,Cittadella,2,0,H,10.0,19.0,3.0,0.0
2324,I2,2023-08-26,Venezia,Cosenza,1,1,D,20.0,4.0,4.0,1.0
2324,SP2,2023-08-26,Burgos,Oviedo,1,0,H,16.0,9.0,5.0,3.0
2324,SP2,2023-08-26,Elche,Villarreal B,1,0,H,19.0,12.0,8.0,3.0
2324,SP2,2023-08-26,Tenerife,Zaragoza,0,1,A,14.0,7.0,2.0,4.0
2324,SP2,2023-08-26,Valladolid,Alcorcon,0,2,A,28.0,12.0,2.0,5.0
2324,D2,2023-08-27,Karlsruhe,Braunschweig,2,0,H,22.0,9.0,9.0,0.0
2324,D2,2023-08-27,Nurnberg,Wehen,2,1,H,13.0,15.0,4.0,2.0
2324,D2,2023-08-27,St Pauli,Magdeburg,0,0,D,26.0,5.0,12.0,2.0
2324,E1,2023-08-27,Watford,Blackburn,0,1,A,24.0,5.0,4.0,3.0
2324,I2,2023-08-27,Catanzaro,Ternana,2,1,H,15.0,25.0,5.0,7.0
2324,SP2,2023-08-27,Amorebieta,Andorra,3,0,H,9.0,15.0,4.0,5.0
2324,SP2,2023-08-27,Ferrol,Sp Gijon,2,0,H,13.0,6.0,3.0,1.0
2324,SP2,2023-08-27,Leganes,Albacete,2,0,H,11.0,12.0,2.0,3.0
2324,SP2,2023-08-27,Mirandes,Espanol,0,1,A,5.0,17.0,1.0,4.0
2324,F2,2023-08-28,Annecy,St Etienne,1,1,D,17.0,10.0,5.0,4.0
2324,SP2,2023-08-28,Eldense,Eibar,2,1,H,7.0,12.0,4.0,2.0
2324,SP2,2023-08-28,Santander,Huesca,0,0,D,10.0,14.0,0.0,0.0
2324,I2,2023-08-29,Ascoli,FeralpiSalo,3,0,H,19.0,5.0,5.0,4.0
2324,I2,2023-08-29,Cosenza,Modena,1,2,A,12.0,10.0,2.0,5.0
2324,I2,2023-08-29,Pisa,Parma,1,2,A,16.0,9.0,2.0,2.0
2324,I2,2023-08-29,Reggiana,Palermo,1,3,A,15.0,18.0,2.0,9.0
2324,I2,2023-08-30,Bari,Cittadella,1,1,D,14.0,17.0,4.0,5.0
2324,I2,2023-08-30,Catanzaro,Spezia,3,0,H,10.0,8.0,5.0,2.0
2324,I2,2023-08-30,Sampdoria,Venezia,1,2,A,17.0,13.0,5.0,5.0
2324,I2,2023-08-30,Ternana,Cremonese,0,1,A,10.0,17.0,4.0,4.0
2324,D2,2023-09-01,Braunschweig,St Pauli,1,1,D,9.0,19.0,1.0,5.0
2324,D2,2023-09-01,Fortuna Dusseldorf,Karlsruhe,3,1,H,19.0,10.0,5.0,8.0
2324,SP2,2023-09-01,Albacete,Valladolid,2,0,H,9.0,7.0,3.0,1.0
2324,SP2,2023-09-01,Alcorcon,Ferrol,1,1,D,12.0,7.0,3.0,2.0
2324,D2,2023-09-02,Holstein Kiel,Paderborn,2,1,H,19.0,13.0,6.0,2.0
2324,D2,2023-09-02,Kaiserslautern,Nurnberg,3,1,H,12.0,18.0,4.0,4.0
2324,D2,2023-09-02,Magdeburg,Hertha,6,4,H,23.0,12.0,12.0,7.0
2324,D2,2023-09-02,Wehen,Schalke 04,1,1,D,14.0,15.0,3.0,5.0
2324,E1,2023-09-02,Birmingham,Millwall,1,1,D,17.0,9.0,4.0,3.0
2324,E1,2023-09-02,Coventry,Watford,3,3,D,16.0,14.0,7.0,5.0
2324,E1,2023-09-02,Ipswich,Cardiff,3,2,H,19.0,13.0,7.0,5.0
2324,E1,2023-09-02,Leeds,Sheffield Weds,0,0,D,16.0,10.0,4.0,5.0
2324,E1,2023-09-02,Leicester,Hull,0,1,A,21.0,7.0,1.0,4.0
2324,E1,2023-09-02,Middlesbrough,QPR,0,2,A,16.0,11.0,9.0,3.0
2324,E1,2023-09-02,Plymouth,Blackburn,3,0,H,23.0,20.0,9.0,4.0
2324,E1,2023-09-02,Rotherham,Norwich,2,1,H,9.0,17.0,3.0,5.0
2324,E1,2023-09-02,Stoke,Preston,0,2,A,18.0,7.0,1.0,3.0
2324,E1,2023-09-02,Sunderland,Southampton,5,0,H,18.0,13.0,10.0,2.0
2324,E1,2023-09-02,Swansea,Bristol City,1,2,A,12.0,16.0,4.0,4.0
2324,E1,2023-09-02,West Brom,Huddersfield,1,2,A,10.0,14.0,5.0,4.0
2324,F2,2023-09-02,Ajaccio,Dunkerque,2,2,D,10.0,10.0,3.0,4.0
2324,F2,2023-09-02,Amiens,Guingamp,4,1,H,11.0,12.0,7.0,4.0
2324,F2,2023-09-02,Angers,Paris FC,2,0,H,11.0,9.0,4.0,3.0
2324,F2,2023-09-02,Bordeaux,Auxerre,2,4,A,20.0,15.0,9.0,6.0
2324,F2,2023-09-02,Concarneau,Annecy,1,1,D,10.0,17.0,2.0,7.0
2324,F2,2023-09-02,Grenoble,Bastia,0,0,D,22.0,11.0,3.0,1.0
2324,F2,2023-09-02,Laval,Caen,2,1,H,9.0,5.0,3.0,2.0
2324,F2,2023-09-02,Pau FC,Rodez,2,2,D,10.0,17.0,3.0,8.0
2324,F2,2023-09-02,St Etienne,Valenciennes,0,0,D,11.0,9.0,1.0,3.0
2324,F2,2023-09-02,Troyes,Quevilly Rouen,2,2,D,10.0,10.0,4.0,3.0
2324,I2,2023-09-02,Modena,Pisa,2,0,H,14.0,6.0,4.0,2.0
2324,I2,2023-09-02,Palermo,FeralpiSalo,3,0,H,16.0,8.0,6.0,0.0
2324,I2,2023-09-02,Parma,Reggiana,0,0,D,18.0,8.0,4.0,1.0
2324,I2,2023-09-02,Sudtirol,Ascoli,3,1,H,7.0,14.0,4.0,4.0
2324,SP2,2023-09-02,Elche,Santander,1,1,D,22.0,12.0,6.0,6.0
2324,SP2,2023-09-02,Levante,Oviedo,1,1,D,17.0,11.0,4.0,2.0
2324,SP2,2023-09-02,Sp Gijon,Burgos,2,1,H,17.0,5.0,2.0,2.0
2324,SP2,2023-09-02,Villarreal B,Cartagena,1,2,A,17.0,12.0,6.0,5.0
2324,D2,2023-09-03,Greuther Furth,Hannover,1,3,A,19.0,6.0,5.0,5.0
2324,D2,2023-09-03,Hamburg,Hansa Rostock,2,0,H,17.0,7.0,11.0,3.0
2324,D2,2023-09-03,Osnabruck,Elversberg,0,1,A,9.0,10.0,4.0,2.0
2324,I2,2023-09-03,Brescia,Cosenza,1,0,H,7.0,13.0,1.0,1.0
2324,I2,2023-09-03,Cittadella,Venezia,0,0,D,8.0,10.0,4.0,3.0
2324,I2,2023-09-03,Cremonese,Sampdoria,1,1,D,19.0,8.0,11.0,4.0
2324,I2,2023-09-03,Lecco,Catanzaro,3,4,A,17.0,20.0,7.0,8.0
2324,I2,2023-09-03,Spezia,Como,0,1,A,9.0,12.0,1.0,5.0
2324,I2,2023-09-03,Ternana,Bari,0,0,D,13.0,10.0,2.0,1.0
2324,SP2,2023-09-03,Andorra,Tenerife,0,1,A,16.0,10.0,2.0,4.0
2324,SP2,2023-09-03,Eibar,Leganes,0,1,A,20.0,2.0,2.0,1.0
2324,SP2,2023-09-03,Espanol,Amorebieta,3,2,H,21.0,7.0,7.0,4.0
2324,SP2,2023-09-03,Huesca,Mirandes,1,1,D,15.0,13.0,3.0,3.0
2324,SP2,2023-09-03,Zaragoza,Eldense,2,0,H,13.0,8.0,1.0,3.0
2324,SP2,2023-09-08,Levante,Espanol,1,4,A,15.0,17.0,3.0,10.0
2324,SP2,2023-09-09,Burgos,Eibar,1,0,H,6.0,14.0,3.0,2.0
2324,SP2,2023-09-09,Leganes,Huesca,2,0,H,11.0,8.0,7.0,3.0
2324,SP2,2023-09-09,Oviedo,Sp Gijon,0,0,D,6.0,7.0,0.0,1.0
2324,SP2,2023-09-09,Tenerife,Albacete,2,0,H,10.0,14.0,4.0,4.0
2324,SP2,2023-09-10,Cartagena,Zaragoza,1,3,A,19.0,9.0,5.0,5.0
2324,SP2,2023-09-10,Ferrol,Villarreal B,2,2,D,24.0,6.0,8.0,3.0
2324,SP2,2023-09-10,Mirandes,Andorra,4,3,H,17.0,25.0,6.0,7.0
2324,SP2,2023-09-10,Santander,Amorebieta,1,0,H,7.0,7.0,4.0,2.0
2324,SP2,2023-09-10,Valladolid,Elche,1,1,D,14.0,8.0,5.0,3.0
2324,SP2,2023-09-11,Eldense,Alcorcon,2,2,D,17.0,13.0,3.0,4.0
2324,D2,2023-09-15,Nurnberg,Greuther Furth,1,1,D,18.0,9.0,4.0,2.0
2324,D2,2023-09-15,Paderborn,Wehen,2,1,H,17.0,12.0,7.0,5.0
2324,E1,2023-09-15,Hull,Coventry,1,1,D,18.0,8.0,4.0,2.0
2324,E1,2023-09-15,Southampton,Leicester,1,4,A,19.0,15.0,8.0,8.0
2324,I2,2023-09-15,Venezia,Spezia,1,0,H,9.0,23.0,3.0,7.0
2324,SP2,2023-09-15,Zaragoza,Santander,1,1,D,6.0,12.0,2.0,4.0
2324,D2,2023-09-16,Elversberg,Hamburg,2,1,H,16.0,13.0,7.0,6.0
2324,D2,2023-09-16,Hansa Rostock,Fortuna Dusseldorf,1,3,A,23.0,20.0,4.0,5.0
2324,D2,2023-09-16,Karlsruhe,Kaiserslautern,1,1,D,19.0,14.0,6.0,7.0
2324,D2,2023-09-16,Schalke 04,Magdeburg,4,3,H,19.0,12.0,9.0,6.0
2324,E1,2023-09-16,Blackburn,Middlesbrough,2,1,H,15.0,21.0,8.0,6.0
2324,E1,2023-09-16,Bristol City,West Brom,0,0,D,14.0,14.0,3.0,0.0
2324,E1,2023-09-16,Cardiff,Swansea,2,0,H,13.0,9.0,7.0,3.0
2324,E1,2023-09-16,Huddersfield,Rotherham,2,0,H,15.0,7.0,5.0,3.0
2324,E1,2023-09-16,Norwich,Stoke,1,0,H,13.0,13.0,5.0,2.0
2324,E1,2023-09-16,Preston,Plymouth,2,1,H,9.0,18.0,5.0,7.0
2324,E1,2023-09-16,QPR,Sunderland,1,3,A,5.0,22.0,3.0,8.0
2324,E1,2023-09-16,Sheffield Weds,Ipswich,0,1,A,6.0,13.0,0.0,6.0
2324,E1,2023-09-16,Watford,Birmingham,2,0,H,12.0,8.0,4.0,3.0
2324,F2,2023-09-16,Annecy,Troyes,0,0,D,15.0,7.0,0.0,3.0
2324,F2,2023-09-16,Auxerre,Pau FC,2,2,D,24.0,6.0,6.0,4.0
2324,F2,2023-09-16,Bastia,Laval,0,3,A,8.0,9.0,3.0,4.0
2324,F2,2023-09-16,Caen,St Etienne,1,2,A,14.0,8.0,6.0,3.0
2324,F2,2023-09-16,Dunkerque,Grenoble,0,0,D,5.0,18.0,4.0,5.0
2324,F2,2023-09-16,Paris FC,Amiens,3,0,H,12.0,13.0,3.0,3.0
2324,F2,2023-09-16,Quevilly Rouen,Concarneau,2,3,A,23.0,9.0,8.0,6.0
2324,F2,2023-09-16,Rodez,Angers,4,1,H,13.0,9.0,5.0,3.0
2324,F2,2023-09-16,Valenciennes,Bordeaux,1,2,A,11.0,13.0,3.0,5.0
2324,I2,2023-09-16,Ascoli,Palermo,0,1,A,16.0,11.0,1.0,4.0
2324,I2,2023-09-16,Cosenza,Sudtirol,2,2,D,12.0,6.0,5.0,2.0
2324,I2,2023-09-16,FeralpiSalo,Modena,1,1,D,10.0,17.0,1.0,6.0
2324,I2,2023-09-16,Lecco,Brescia,0,2,A,24.0,11.0,7.0,5.0
2324,I2,2023-09-16,Pisa,Bari,1,1,D,7.0,10.0,1.0,3.0
2324,I2,2023-09-16,Reggiana,Cremonese,2,2,D,7.0,37.0,5.0,8.0
2324,SP2,2023-09-16,Albacete,Burgos,2,1,H,19.0,12.0,5.0,3.0
2324,SP2,2023-09-16,Alcorcon,Levante,0,2,A,10.0,21.0,1.0,5.0
2324,SP2,2023-09-16,Huesca,Villarreal B,2,2,D,8.0,7.0,2.0,3.0
2324,SP2,2023-09-16,Valladolid,Cartagena,1,0,H,22.0,9.0,8.0,4.0
2324,D2,2023-09-17,Hannover,Osnabruck,7,0,H,24.0,6.0,15.0,3.0
2324,D2,2023-09-17,Hertha,Braunschweig,3,0,H,15.0,14.0,8.0,4.0
2324,D2,2023-09-17,St Pauli,Holstein Kiel,5,1,H,18.0,13.0,7.0,4.0
2324,E1,2023-09-17,Millwall,Leeds,0,3,A,12.0,14.0,3.0,3.0
2324,I2,2023-09-17,Catanzaro,Parma,0,5,A,12.0,10.0,2.0,7.0
2324,I2,2023-09-17,Como,Ternana,2,1,H,19.0,10.0,5.0,4.0
2324,SP2,2023-09-17,Amorebieta,Mirandes,2,0,H,7.0,10.0,2.0,2.0
2324,SP2,2023-09-17,Eibar,Ferrol,2,0,H,13.0,8.0,6.0,1.0
2324,SP2,2023-09-17,Elche,Leganes,1,0,H,18.0,9.0,5.0,3.0
2324,SP2,2023-09-17,Espanol,Eldense,3,3,D,23.0,6.0,5.0,3.0
2324,SP2,2023-09-17,Sp Gijon,Tenerife,2,1,H,10.0,8.0,4.0,1.0
2324,F2,2023-09-18,Guingamp,Ajaccio,3,0,H,12.0,15.0,5.0,4.0
2324,I2,2023-09-18,Sampdoria,Cittadella,1,2,A,12.0,11.0,5.0,6.0
2324,SP2,2023-09-18,Andorra,Oviedo,1,0,H,5.0,6.0,1.0,2.0
2324,E1,2023-09-19,Bristol City,Plymouth,4,1,H,17.0,6.0,6.0,2.0
2324,E1,2023-09-19,Cardiff,Coventry,3,2,H,8.0,7.0,3.0,3.0
2324,E1,2023-09-19,Preston,Birmingham,2,1,H,10.0,16.0,3.0,4.0
2324,E1,2023-09-19,QPR,Swansea,1,1,D,11.0,8.0,3.0,3.0
2324,E1,2023-09-19,Sheffield Weds,Middlesbrough,1,1,D,9.0,10.0,2.0,3.0
2324,E1,2023-09-19,Southampton,Ipswich,0,1,A,13.0,11.0,3.0,3.0
2324,E1,2023-09-20,Blackburn,Sunderland,1,3,A,22.0,13.0,6.0,4.0
2324,E1,2023-09-20,Huddersfield,Stoke,2,2,D,10.0,18.0,6.0,3.0
2324,E1,2023-09-20,Hull,Leeds,0,0,D,9.0,17.0,0.0,4.0
2324,E1,2023-09-20,Millwall,Rotherham,3,0,H,20.0,5.0,8.0,1.0
2324,E1,2023-09-20,Norwich,Leicester,0,2,A,15.0,10.0,2.0,3.0
2324,E1,2023-09-20,Watford,West Brom,2,2,D,12.0,7.0,4.0,5.0
2324,D2,2023-09-22,Magdeburg,Paderborn,1,1,D,11.0,14.0,3.0,4.0
2324,D2,2023-09-22,Osnabruck,Hamburg,2,1,H,18.0,8.0,9.0,3.0
2324,E1,2023-09-22,Birmingham,QPR,0,0,D,12.0,8.0,4.0,4.0
2324,I2,2023-09-22,Palermo,Cosenza,0,1,A,19.0,14.0,6.0,4.0
2324,SP2,2023-09-22,Cartagena,Eibar,1,2,A,7.0,11.0,4.0,5.0
2324,D2,2023-09-23,Braunschweig,Nurnberg,2,2,D,14.0,11.0,5.0,5.0
2324,D2,2023-09-23,Greuther Furth,Karlsruhe,4,3,H,9.0,17.0,6.0,5.0
2324,D2,2023-09-23,St Pauli,Schalke 04,3,1,H,19.0,10.0,8.0,3.0
2324,D2,2023-09-23,Wehen,Elversberg,0,2,A,16.0,13.0,3.0,5.0
2324,E1,2023-09-23,Ipswich,Blackburn,4,3,H,29.0,10.0,11.0,5.0
2324,E1,2023-09-23,Leeds,Watford,3,0,H,17.0,4.0,10.0,1.0
2324,E1,2023-09-23,Leicester,Bristol City,1,0,H,19.0,6.0,7.0,1.0
2324,E1,2023-09-23,Middlesbrough,Southampton,2,1,H,14.0,15.0,5.0,5.0
2324,E1,2023-09-23,Plymouth,Norwich,6,2,H,16.0,11.0,10.0,6.0
2324,E1,2023-09-23,Rotherham,Preston,1,1,D,3.0,14.0,1.0,6.0
2324,E1,2023-09-23,Swansea,Sheffield Weds,3,0,H,12.0,10.0,4.0,1.0
2324,E1,2023-09-23,West Brom,Millwall,0,0,D,16.0,7.0,3.0,2.0
2324,F2,2023-09-23,Ajaccio,Paris FC,2,1,H,11.0,6.0,4.0,1.0
2324,F2,2023-09-23,Amiens,Valenciennes,0,0,D,12.0,8.0,4.0,3.0
2324,F2,2023-09-23,Angers,Bastia,2,0,H,10.0,9.0,7.0,3.0
2324,F2,2023-09-23,Concarneau,St Etienne,0,1,A,9.0,16.0,3.0,4.0
2324,F2,2023-09-23,Dunkerque,Rodez,1,2,A,15.0,14.0,3.0,5.0
2324,F2,2023-09-23,Grenoble,Quevilly Rouen,2,1,H,10.0,11.0,4.0,5.0
2324,F2,2023-09-23,Laval,Guingamp,2,1,H,15.0,13.0,6.0,6.0
2324,F2,2023-09-23,Pau FC,Annecy,0,3,A,12.0,9.0,4.0,5.0
2324,F2,2023-09-23,Troyes,Auxerre,1,2,A,10.0,19.0,4.0,5.0
2324,I2,2023-09-23,Brescia,Venezia,0,0,D,11.0,15.0,3.0,0.0
2324,I2,2023-09-23,Cremonese,Ascoli,2,2,D,13.0,17.0,4.0,8.0
2324,I2,2023-09-23,FeralpiSalo,Pisa,0,1,A,12.0,16.0,3.0,4.0
2324,I2,2023-09-23,Modena,Lecco,0,0,D,17.0,14.0,5.0,4.0
2324,I2,2023-09-23,Spezia,Reggiana,1,2,A,15.0,11.0,3.0,4.0
2324,I2,2023-09-23,Ternana,Sudtirol,1,1,D,10.0,10.0,3.0,3.0
2324,SP2,2023-09-23,Alcorcon,Huesca,0,2,A,19.0,6.0,3.0,2.0
2324,SP2,2023-09-23,Andorra,Sp Gijon,0,0,D,13.0,6.0,5.0,2.0
2324,SP2,2023-09-23,Burgos,Elche,4,0,H,16.0,12.0,9.0,1.0
2324,SP2,2023-09-23,Levante,Eldense,2,0,H,17.0,10.0,7.0,2.0
2324,SP2,2023-09-23,Santander,Albacete,2,1,H,8.0,18.0,3.0,4.0
2324,D2,2023-09-24,Fortuna Dusseldorf,Hannover,1,1,D,17.0,6.0,5.0,2.0
2324,D2,2023-09-24,Holstein Kiel,Hertha,2,3,A,16.0,11.0,5.0,7.0
2324,D2,2023-09-24,Kaiserslautern,Hansa Rostock,3,1,H,22.0,18.0,11.0,2.0
2324,E1,2023-09-24,Stoke,Hull,1,3,A,10.0,13.0,6.0,5.0
2324,E1,2023-09-24,Sunderland,Cardiff,0,1,A,16.0,7.0,6.0,2.0
2324,I2,2023-09-24,Bari,Catanzaro,2,2,D,12.0,11.0,4.0,5.0
2324,I2,2023-09-24,Cittadella,Como,0,3,A,12.0,9.0,3.0,4.0
2324,I2,2023-09-24,Parma,Sampdoria,1,1,D,12.0,8.0,7.0,3.0
2324,SP2,2023-09-24,Mirandes,Leganes,1,3,A,12.0,10.0,6.0,5.0
2324,SP2,2023-09-24,Oviedo,Valladolid,0,1,A,10.0,16.0,3.0,5.0
2324,SP2,2023-09-24,Villarreal B,Amorebieta,3,1,H,19.0,14.0,8.0,4.0
2324,E1,2023-09-25,Coventry,Huddersfield,1,1,D,11.0,10.0,3.0,4.0
2324,SP2,2023-09-25,Ferrol,Zaragoza,1,0,H,7.0,6.0,3.0,2.0
2324,SP2,2023-09-25,Tenerife,Espanol,1,0,H,14.0,18.0,6.0,2.0
2324,F2,2023-09-26,Amiens,Ajaccio,0,0,D,7.0,6.0,0.0,2.0
2324,F2,2023-09-26,Auxerre,Annecy,4,0,H,11.0,5.0,5.0,1.0
2324,F2,2023-09-26,Bastia,Pau FC,1,4,A,10.0,17.0,2.0,10.0
2324,F2,2023-09-26,Caen,Grenoble,1,2,A,10.0,10.0,1.0,4.0
2324,F2,2023-09-26,Guingamp,Bordeaux,0,0,D,11.0,14.0,2.0,3.0
2324,F2,2023-09-26,Paris FC,Laval,0,1,A,15.0,11.0,4.0,2.0
2324,F2,2023-09-26,Quevilly Rouen,Angers,0,1,A,12.0,6.0,1.0,3.0
2324,F2,2023-09-26,Rodez,Troyes,2,1,H,19.0,7.0,5.0,3.0
2324,F2,2023-09-26,Valenciennes,Concarneau,0,1,A,19.0,9.0,2.0,3.0
2324,I2,2023-09-26,Ascoli,Ternana,2,0,H,13.0,17.0,5.0,3.0
2324,I2,2023-09-26,Cosenza,Cremonese,1,2,A,9.0,20.0,4.0,4.0
2324,I2,2023-09-26,Lecco,FeralpiSalo,1,2,A,13.0,12.0,3.0,4.0
2324,I2,2023-09-26,Reggiana,Pisa,0,0,D,13.0,12.0,2.0,5.0
2324,I2,2023-09-26,Spezia,Brescia,0,0,D,12.0,11.0,5.0,3.0
2324,I2,2023-09-26,Sudtirol,Modena,0,0,D,7.0,25.0,1.0,2.0
2324,I2,2023-09-26,Venezia,Palermo,1,3,A,17.0,7.0,1.0,4.0
2324,I2,2023-09-27,Catanzaro,Cittadella,1,1,D,14.0,10.0,8.0,3.0
2324,I2,2023-09-27,Como,Sampdoria,1,0,H,8.0,13.0,4.0,5.0
2324,I2,2023-09-27,Parma,Bari,2,1,H,12.0,14.0,5.0,4.0
2324,D2,2023-09-29,Hamburg,Fortuna Dusseldorf,1,0,H,10.0,8.0,4.0,2.0
2324,D2,2023-09-29,Paderborn,Schalke 04,3,1,H,11.0,13.0,6.0,2.0
2324,E1,2023-09-29,Sheffield Weds,Sunderland,0,3,A,8.0,12.0,2.0,6.0
2324,SP2,2023-09-29,Leganes,Santander,2,1,H,9.0,16.0,4.0,2.0
2324,D2,2023-09-30,Hannover,Wehen,2,0,H,17.0,12.0,5.0,3.0
2324,D2,2023-09-30,Hansa Rostock,Braunschweig,1,0,H,19.0,20.0,6.0,0.0
2324,D2,2023-09-30,Hertha,St Pauli,1,2,A,8.0,24.0,3.0,5.0
2324,D2,2023-09-30,Karlsruhe,Holstein Kiel,0,2,A,14.0,12.0,4.0,5.0
2324,E1,2023-09-30,Bristol City,Stoke,2,3,A,13.0,6.0,5.0,4.0
2324,E1,2023-09-30,Cardiff,Rotherham,2,0,H,12.0,7.0,5.0,0.0
2324,E1,2023-09-30,Huddersfield,Ipswich,1,1,D,12.0,20.0,6.0,6.0
2324,E1,2023-09-30,Hull,Plymouth,1,1,D,21.0,11.0,5.0,5.0
2324,E1,2023-09-30,Millwall,Swansea,0,3,A,22.0,7.0,5.0,5.0
2324,E1,2023-09-30,Norwich,Birmingham,2,0,H,16.0,12.0,4.0,2.0
2324,E1,2023-09-30,Preston,West Brom,0,4,A,5.0,19.0,1.0,6.0
2324,E1,2023-09-30,QPR,Coventry,1,3,A,12.0,15.0,3.0,6.0
2324,E1,2023-09-30,Southampton,Leeds,3,1,H,10.0,15.0,5.0,5.0
2324,E1,2023-09-30,Watford,Middlesbrough,2,3,A,17.0,9.0,4.0,3.0
2324,F2,2023-09-30,Angers,Concarneau,2,0,H,14.0,11.0,7.0,6.0
2324,F2,2023-09-30,Annecy,Paris FC,2,2,D,9.0,11.0,5.0,2.0
2324,F2,2023-09-30,Auxerre,Rodez,3,1,H,15.0,7.0,4.0,1.0
2324,F2,2023-09-30,Caen,Guingamp,0,1,A,7.0,14.0,1.0,7.0
2324,F2,2023-09-30,Dunkerque,Quevilly Rouen,0,1,A,11.0,16.0,3.0,6.0
2324,F2,2023-09-30,Grenoble,Bordeaux,2,0,H,10.0,15.0,8.0,4.0
2324,F2,2023-09-30,Laval,Valenciennes,1,0,H,17.0,7.0,8.0,2.0
2324,F2,2023-09-30,Pau FC,Amiens,1,0,H,15.0,14.0,6.0,7.0
2324,F2,2023-09-30,Troyes,St Etienne,0,1,A,20.0,11.0,4.0,5.0
2324,I2,2023-09-30,Brescia,Ascoli,1,1,D,21.0,9.0,3.0,3.0
2324,I2,2023-09-30,FeralpiSalo,Spezia,1,2,A,9.0,13.0,3.0,5.0
2324,I2,2023-09-30,Modena,Venezia,1,3,A,14.0,9.0,4.0,4.0
2324,I2,2023-09-30,Pisa,Cosenza,1,2,A,8.0,15.0,6.0,5.0
2324,I2,2023-09-30,Ternana,Reggiana,3,0,H,13.0,10.0,7.0,3.0
2324,SP2,2023-09-30,Albacete,Andorra,3,1,H,12.0,11.0,7.0,2.0
2324,SP2,2023-09-30,Eibar,Tenerife,3,0,H,14.0,8.0,5.0,2.0
2324,SP2,2023-09-30,Elche,Levante,0,0,D,28.0,10.0,4.0,2.0
2324,SP2,2023-09-30,Villarreal B,Alcorcon,2,2,D,25.0,10.0,8.0,5.0
2324,D2,2023-10-01,Elversberg,Greuther Furth,1,1,D,11.0,15.0,4.0,5.0
2324,D2,2023-10-01,Nurnberg,Magdeburg,1,0,H,16.0,13.0,6.0,1.0
2324,D2,2023-10-01,Osnabruck,Kaiserslautern,2,2,D,9.0,32.0,4.0,13.0
2324,E1,2023-10-01,Blackburn,Leicester,1,4,A,15.0,11.0,4.0,4.0
2324,I2,2023-10-01,Bari,Como,1,1,D,18.0,9.0,5.0,6.0
2324,I2,2023-10-01,Cittadella,Lecco,2,1,H,15.0,16.0,5.0,6.0
2324,I2,2023-10-01,Cremonese,Parma,1,2,A,15.0,9.0,3.0,3.0
2324,I2,2023-10-01,Palermo,Sudtirol,2,1,H,24.0,8.0,6.0,2.0
2324,I2,2023-10-01,Sampdoria,Catanzaro,1,2,A,17.0,4.0,6.0,3.0
2324,SP2,2023-10-01,Amorebieta,Cartagena,0,0,D,5.0,8.0,2.0,1.0
2324,SP2,2023-10-01,Eldense,Oviedo,1,3,A,10.0,10.0,4.0,4.0
2324,SP2,2023-10-01,Huesca,Sp Gijon,0,1,A,6.0,13.0,2.0,6.0
2324,SP2,2023-10-01,Valladolid,Burgos,3,0,H,11.0,11.0,6.0,2.0
2324,SP2,2023-10-01,Zaragoza,Mirandes,0,1,A,8.0,8.0,2.0,0.0
2324,F2,2023-10-02,Ajaccio,Bastia,2,0,H,11.0,7.0,3.0,2.0
2324,SP2,2023-10-02,Espanol,Ferrol,3,0,H,10.0,6.0,3.0,2.0
2324,E1,2023-10-03,Birmingham,Huddersfield,4,1,H,12.0,17.0,6.0,6.0
2324,E1,2023-10-03,Ipswich,Hull,3,0,H,14.0,13.0,6.0,6.0
2324,E1,2023-10-03,Middlesbrough,Cardiff,2,0,H,11.0,6.0,6.0,3.0
2324,E1,2023-10-03,Plymouth,Millwall,0,2,A,22.0,9.0,6.0,3.0
2324,E1,2023-10-03,Stoke,Southampton,0,1,A,15.0,9.0,2.0,4.0
2324,E1,2023-10-03,West Brom,Sheffield Weds,1,0,H,17.0,4.0,3.0,2.0
2324,F2,2023-10-03,Bordeaux,Caen,1,1,D,19.0,7.0,8.0,2.0
2324,SP2,2023-10-03,Alcorcon,Albacete,1,2,A,23.0,9.0,6.0,4.0
2324,SP2,2023-10-03,Levante,Villarreal B,1,1,D,15.0,7.0,4.0,1.0
2324,SP2,2023-10-03,Tenerife,Santander,2,0,H,21.0,9.0,6.0,3.0
2324,E1,2023-10-04,Coventry,Blackburn,1,0,H,14.0,14.0,3.0,4.0
2324,E1,2023-10-04,Leeds,QPR,1,0,H,16.0,5.0,3.0,2.0
2324,E1,2023-10-04,Leicester,Preston,3,0,H,9.0,6.0,4.0,1.0
2324,E1,2023-10-04,Rotherham,Bristol City,1,2,A,8.0,9.0,1.0,5.0
2324,E1,2023-10-04,Sunderland,Watford,2,0,H,9.0,11.0,4.0,4.0
2324,E1,2023-10-04,Swansea,Norwich,2,1,H,23.0,14.0,7.0,5.0
2324,F2,2023-10-04,St Etienne,Dunkerque,2,0,H,20.0,15.0,4.0,4.0
2324,SP2,2023-10-04,Burgos,Leganes,1,0,H,5.0,12.0,3.0,2.0
2324,SP2,2023-10-04,Eldense,Valladolid,0,1,A,4.0,8.0,0.0,2.0
2324,SP2,2023-10-04,Oviedo,Huesca,1,0,H,9.0,9.0,6.0,3.0
2324,SP2,2023-10-04,Sp Gijon,Elche,2,0,H,20.0,10.0,8.0,1.0
2324,SP2,2023-10-05,Andorra,Zaragoza,0,1,A,5.0,5.0,0.0,3.0
2324,SP2,2023-10-05,Cartagena,Espanol,0,2,A,10.0,8.0,1.0,4.0
2324,SP2,2023-10-05,Ferrol,Amorebieta,1,0,H,11.0,4.0,3.0,2.0
2324,SP2,2023-10-05,Mirandes,Eibar,1,3,A,7.0,13.0,3.0,3.0
2324,D2,2023-10-06,Fortuna Dusseldorf,Osnabruck,1,1,D,19.0,9.0,4.0,3.0
2324,D2,2023-10-06,Kaiserslautern,Hannover,3,1,H,16.0,11.0,11.0,4.0
2324,E1,2023-10-06,Birmingham,West Brom,3,1,H,11.0,10.0,3.0,3.0
2324,I2,2023-10-06,Brescia,FeralpiSalo,1,1,D,19.0,16.0,4.0,6.0
2324,SP2,2023-10-06,Albacete,Levante,0,2,A,14.0,10.0,4.0,7.0
2324,D2,2023-10-07,Greuther Furth,Hansa Rostock,1,0,H,9.0,8.0,4.0,2.0
2324,D2,2023-10-07,Magdeburg,Karlsruhe,1,1,D,19.0,2.0,5.0,2.0
2324,D2,2023-10-07,St Pauli,Nurnberg,5,1,H,20.0,7.0,7.0,3.0
2324,D2,2023-10-07,Wehen,Hamburg,1,1,D,6.0,23.0,2.0,5.0
2324,E1,2023-10-07,Cardiff,Watford,1,1,D,8.0,8.0,2.0,1.0
2324,E1,2023-10-07,Coventry,Norwich,1,1,D,21.0,6.0,3.0,2.0
2324,E1,2023-10-07,Ipswich,Preston,4,2,H,16.0,8.0,10.0,2.0
2324,E1,2023-10-07,Leeds,Bristol City,2,1,H,21.0,9.0,8.0,2.0
2324,E1,2023-10-07,Leicester,Stoke,2,0,H,14.0,3.0,7.0,1.0
2324,E1,2023-10-07,Millwall,Hull,2,2,D,13.0,8.0,4.0,3.0
2324,E1,2023-10-07,Plymouth,Swansea,1,3,A,16.0,14.0,7.0,6.0
2324,E1,2023-10-07,QPR,Blackburn,0,4,A,21.0,17.0,6.0,7.0
2324,E1,2023-10-07,Sheffield Weds,Huddersfield,0,0,D,6.0,7.0,1.0,0.0
2324,E1,2023-10-07,Southampton,Rotherham,1,1,D,22.0,4.0,10.0,2.0
2324,E1,2023-10-07,Sunderland,Middlesbrough,0,4,A,9.0,19.0,3.0,7.0
2324,F2,2023-10-07,Amiens,Angers,1,4,A,17.0,15.0,7.0,6.0
2324,F2,2023-10-07,Bastia,Annecy,2,1,H,6.0,9.0,2.0,2.0
2324,F2,2023-10-07,Bordeaux,Laval,0,1,A,18.0,7.0,5.0,3.0
2324,F2,2023-10-07,Concarneau,Dunkerque,4,3,H,13.0,12.0,6.0,3.0
2324,F2,2023-10-07,Guingamp,Grenoble,2,2,D,13.0,6.0,8.0,2.0
2324,F2,2023-10-07,Paris FC,Auxerre,0,2,A,18.0,7.0,3.0,4.0
2324,F2,2023-10-07,Quevilly Rouen,Pau FC,2,2,D,19.0,4.0,4.0,2.0
2324,F2,2023-10-07,Rodez,Caen,5,3,H,19.0,11.0,8.0,4.0
2324,F2,2023-10-07,St Etienne,Ajaccio,0,0,D,8.0,5.0,1.0,2.0
2324,F2,2023-10-07,Valenciennes,Troyes,1,1,D,21.0,4.0,7.0,2.0
2324,I2,2023-10-07,Ascoli,Sampdoria,1,1,D,14.0,12.0,4.0,4.0
2324,I2,2023-10-07,Cittadella,Ternana,2,2,D,12.0,17.0,4.0,5.0
2324,I2,2023-10-07,Cosenza,Lecco,3,0,H,22.0,15.0,8.0,6.0
2324,I2,2023-10-07,Modena,Palermo,0,2,A,11.0,11.0,2.0,4.0
2324,I2,2023-10-07,Reggiana,Bari,1,1,D,14.0,10.0,3.0,2.0
2324,I2,2023-10-07,Sudtirol,Catanzaro,0,1,A,9.0,13.0,3.0,6.0
2324,I2,2023-10-07,Venezia,Parma,3,2,H,12.0,15.0,5.0,4.0
2324,SP2,2023-10-07,Huesca,Eldense,0,1,A,17.0,15.0,1.0,3.0
2324,SP2,2023-10-07,Leganes,Oviedo,0,0,D,9.0,6.0,3.0,2.0
2324,SP2,2023-10-07,Santander,Sp Gijon,3,2,H,20.0,21.0,7.0,8.0
2324,D2,2023-10-08,Braunschweig,Paderborn,1,3,A,24.0,11.0,4.0,6.0
2324,D2,2023-10-08,Holstein Kiel,Elversberg,1,1,D,23.0,9.0,7.0,4.0
2324,D2,2023-10-08,Schalke 04,Hertha,1,2,A,16.0,16.0,6.0,4.0
2324,I2,2023-10-08,Como,Cremonese,1,3,A,16.0,10.0,5.0,3.0
2324,I2,2023-10-08,Spezia,Pisa,0,0,D,20.0,10.0,6.0,3.0
2324,SP2,2023-10-08,Amorebieta,Eibar,1,2,A,10.0,12.0,7.0,7.0
2324,SP2,2023-10-08,Ferrol,Cartagena,1,1,D,12.0,11.0,5.0,4.0
2324,SP2,2023-10-08,Tenerife,Burgos,2,1,H,8.0,14.0,2.0,6.0
2324,SP2,2023-10-08,Valladolid,Mirandes,3,2,H,23.0,6.0,9.0,3.0
2324,SP2,2023-10-08,Zaragoza,Alcorcon,0,2,A,15.0,11.0,5.0,2.0
2324,SP2,2023-10-09,Elche,Andorra,2,1,H,24.0,4.0,9.0,1.0
2324,SP2,2023-10-09,Villarreal B,Espanol,3,1,H,17.0,16.0,7.0,4.0
2324,SP2,2023-10-13,Oviedo,Albacete,3,0,H,9.0,12.0,3.0,2.0
2324,SP2,2023-10-14,Cartagena,Santander,2,3,A,22.0,20.0,6.0,10.0
2324,SP2,2023-10-14,Espanol,Valladolid,2,0,H,5.0,11.0,3.0,3.0
2324,SP2,2023-10-14,Mirandes,Tenerife,1,1,D,9.0,9.0,3.0,4.0
2324,SP2,2023-10-14,Sp Gijon,Zaragoza,2,2,D,13.0,13.0,4.0,3.0
2324,SP2,2023-10-15,Andorra,Alcorcon,2,0,H,12.0,12.0,3.0,3.0
2324,SP2,2023-10-15,Burgos,Villarreal B,3,2,H,11.0,12.0,4.0,3.0
2324,SP2,2023-10-15,Eibar,Huesca,1,1,D,14.0,5.0,2.0,2.0
2324,SP2,2023-10-15,Eldense,Elche,1,1,D,9.0,6.0,2.0,2.0
2324,SP2,2023-10-15,Leganes,Amorebieta,6,0,H,17.0,8.0,10.0,1.0
2324,SP2,2023-10-16,Levante,Ferrol,1,0,H,9.0,13.0,4.0,1.0
2324,D2,2023-10-20,Elversberg,Braunschweig,3,0,H,13.0,7.0,7.0,4.0
2324,D2,2023-10-20,Hannover,Magdeburg,2,1,H,14.0,13.0,4.0,8.0
2324,I2,2023-10-20,Parma,Como,2,1,H,14.0,18.0,4.0,6.0
2324,SP2,2023-10-20,Espanol,Leganes,0,1,A,12.0,13.0,3.0,4.0
2324,D2,2023-10-21,Fortuna Dusseldorf,Kaiserslautern,4,3,H,20.0,16.0,5.0,8.0
2324,D2,2023-10-21,Hamburg,Greuther Furth,2,0,H,17.0,14.0,4.0,3.0
2324,D2,2023-10-21,Osnabruck,Wehen,0,2,A,19.0,14.0,5.0,5.0
2324,D2,2023-10-21,Paderborn,St Pauli,2,2,D,6.0,17.0,3.0,3.0
2324,E1,2023-10-21,Blackburn,Cardiff,1,0,H,9.0,11.0,1.0,2.0
2324,E1,2023-10-21,Bristol City,Coventry,1,0,H,6.0,12.0,3.0,1.0
2324,E1,2023-10-21,Huddersfield,QPR,2,1,H,6.0,14.0,4.0,2.0
2324,E1,2023-10-21,Hull,Southampton,1,2,A,13.0,18.0,3.0,5.0
2324,E1,2023-10-21,Middlesbrough,Birmingham,1,0,H,17.0,5.0,10.0,3.0
2324,E1,2023-10-21,Norwich,Leeds,2,3,A,14.0,19.0,4.0,8.0
2324,E1,2023-10-21,Preston,Millwall,1,1,D,7.0,7.0,2.0,4.0
2324,E1,2023-10-21,Stoke,Sunderland,2,1,H,11.0,18.0,4.0,7.0
2324,E1,2023-10-21,Swansea,Leicester,1,3,A,11.0,18.0,4.0,7.0
2324,E1,2023-10-21,Watford,Sheffield Weds,1,0,H,12.0,10.0,3.0,2.0
2324,E1,2023-10-21,West Brom,Plymouth,0,0,D,14.0,5.0,2.0,2.0
2324,F2,2023-10-21,Ajaccio,Pau FC,2,0,H,11.0,4.0,3.0,1.0
2324,F2,2023-10-21,Angers,Bordeaux,2,0,H,9.0,16.0,4.0,5.0
2324,F2,2023-10-21,Annecy,Amiens,1,1,D,8.0,10.0,3.0,5.0
2324,F2,2023-10-21,Caen,Auxerre,1,1,D,9.0,15.0,1.0,6.0
2324,F2,2023-10-21,Dunkerque,Paris FC,1,3,A,13.0,15.0,4.0,5.0
2324,F2,2023-10-21,Grenoble,Valenciennes,3,3,D,13.0,10.0,7.0,7.0
2324,F2,2023-10-21,Guingamp,Quevilly Rouen,2,2,D,8.0,13.0,4.0,5.0
2324,F2,2023-10-21,Rodez,Bastia,1,1,D,26.0,6.0,8.0,1.0
2324,F2,2023-10-21,Troyes,Concarneau,0,0,D,8.0,21.0,3.0,5.0
2324,I2,2023-10-21,Bari,Modena,1,1,D,11.0,10.0,3.0,4.0
2324,I2,2023-10-21,Catanzaro,FeralpiSalo,3,0,H,11.0,7.0,6.0,2.0
2324,I2,2023-10-21,Cremonese,Sudtirol,0,1,A,20.0,9.0,6.0,4.0
2324,I2,2023-10-21,Lecco,Ascoli,0,2,A,12.0,14.0,4.0,5.0
2324,I2,2023-10-21,Pisa,Cittadella,2,1,H,13.0,15.0,6.0,4.0
2324,I2,2023-10-21,Ternana,Brescia,0,1,A,9.0,14.0,0.0,5.0
2324,SP2,2023-10-21,Amorebieta,Oviedo,0,0,D,9.0,15.0,1.0,2.0
2324,SP2,2023-10-21,Tenerife,Levante,0,0,D,17.0,8.0,4.0,1.0
2324,SP2,2023-10-21,Villarreal B,Mirandes,0,3,A,15.0,7.0,3.0,3.0
2324,SP2,2023-10-21,Zaragoza,Eibar,2,3,A,13.0,10.0,5.0,6.0
2324,D2,2023-10-22,Hansa Rostock,Holstein Kiel,1,3,A,22.0,10.0,9.0,5.0
2324,D2,2023-10-22,Karlsruhe,Schalke 04,3,0,H,12.0,9.0,5.0,3.0
2324,D2,2023-10-22,Nurnberg,Hertha,3,1,H,18.0,14.0,7.0,6.0
2324,I2,2023-10-22,Reggiana,Venezia,1,0,H,11.0,15.0,2.0,5.0
2324,I2,2023-10-22,Sampdoria,Cosenza,2,0,H,17.0,14.0,5.0,5.0
2324,SP2,2023-10-22,Albacete,Sp Gijon,1,3,A,25.0,8.0,6.0,4.0
2324,SP2,2023-10-22,Ferrol,Eldense,1,1,D,14.0,11.0,3.0,3.0
2324,SP2,2023-10-22,Huesca,Elche,0,1,A,7.0,4.0,1.0,3.0
2324,SP2,2023-10-22,Santander,Burgos,3,0,H,17.0,12.0,5.0,2.0
2324,SP2,2023-10-22,Valladolid,Andorra,2,0,H,10.0,16.0,4.0,4.0
2324,F2,2023-10-23,Laval,St Etienne,0,1,A,13.0,6.0,1.0,2.0
2324,I2,2023-10-23,Palermo,Spezia,2,2,D,16.0,10.0,7.0,5.0
2324,SP2,2023-10-23,Alcorcon,Cartagena,1,1,D,18.0,16.0,2.0,6.0
2324,E1,2023-10-24,Huddersfield,Cardiff,0,4,A,19.0,15.0,6.0,7.0
2324,E1,2023-10-24,Leicester,Sunderland,1,0,H,8.0,13.0,5.0,3.0
2324,E1,2023-10-24,Millwall,Blackburn,1,2,A,16.0,9.0,3.0,6.0
2324,E1,2023-10-24,Norwich,Middlesbrough,1,2,A,13.0,19.0,2.0,8.0
2324,E1,2023-10-24,Swansea,Watford,0,1,A,9.0,12.0,3.0,5.0
2324,E1,2023-10-24,West Brom,QPR,2,0,H,16.0,1.0,4.0,0.0
2324,I2,2023-10-24,Brescia,Modena,0,1,A,6.0,14.0,0.0,3.0
2324,I2,2023-10-24,Pisa,Lecco,1,2,A,24.0,10.0,4.0,2.0
2324,E1,2023-10-25,Birmingham,Hull,0,2,A,14.0,17.0,4.0,8.0
2324,E1,2023-10-25,Bristol City,Ipswich,0,1,A,11.0,19.0,4.0,6.0
2324,E1,2023-10-25,Plymouth,Sheffield Weds,3,0,H,13.0,13.0,6.0,2.0
2324,E1,2023-10-25,Preston,Southampton,2,2,D,12.0,13.0,5.0,5.0
2324,E1,2023-10-25,Rotherham,Coventry,2,0,H,20.0,23.0,7.0,7.0
2324,E1,2023-10-25,Stoke,Leeds,1,0,H,12.0,16.0,4.0,3.0
2324,D2,2023-10-27,Braunschweig,Fortuna Dusseldorf,1,4,A,16.0,12.0,5.0,6.0
2324,D2,2023-10-27,Greuther Furth,Osnabruck,4,0,H,13.0,5.0,6.0,2.0
2324,I2,2023-10-27,Cittadella,Cremonese,1,2,A,8.0,20.0,3.0,4.0
2324,SP2,2023-10-27,Eibar,Valladolid,5,1,H,23.0,10.0,13.0,2.0
2324,D2,2023-10-28,Hertha,Paderborn,3,1,H,11.0,16.0,5.0,6.0
2324,D2,2023-10-28,Kaiserslautern,Hamburg,3,3,D,13.0,20.0,5.0,9.0
2324,D2,2023-10-28,Schalke 04,Hannover,3,2,H,11.0,14.0,6.0,3.0
2324,D2,2023-10-28,St Pauli,Karlsruhe,2,1,H,20.0,6.0,9.0,3.0
2324,E1,2023-10-28,Blackburn,Swansea,0,1,A,20.0,16.0,6.0,4.0
2324,E1,2023-10-28,Cardiff,Bristol City,2,0,H,9.0,8.0,7.0,1.0
2324,E1,2023-10-28,Hull,Preston,1,0,H,19.0,11.0,6.0,4.0
2324,E1,2023-10-28,Ipswich,Plymouth,3,2,H,15.0,10.0,4.0,6.0
2324,E1,2023-10-28,Leeds,Huddersfield,4,1,H,20.0,5.0,5.0,2.0
2324,E1,2023-10-28,Middlesbrough,Stoke,0,2,A,9.0,13.0,3.0,6.0
2324,E1,2023-10-28,QPR,Leicester,1,2,A,9.0,16.0,3.0,5.0
2324,E1,2023-10-28,Southampton,Birmingham,3,1,H,11.0,10.0,5.0,2.0
2324,E1,2023-10-28,Sunderland,Norwich,3,1,H,17.0,9.0,8.0,2.0
2324,E1,2023-10-28,Watford,Millwall,2,2,D,19.0,11.0,6.0,4.0
2324,F2,2023-10-28,Amiens,Laval,0,0,D,8.0,10.0,4.0,5.0
2324,F2,2023-10-28,Auxerre,Dunkerque,0,1,A,24.0,8.0,6.0,2.0
2324,F2,2023-10-28,Bastia,Guingamp,0,0,D,6.0,10.0,1.0,2.0
2324,F2,2023-10-28,Bordeaux,Rodez,2,2,D,11.0,9.0,6.0,3.0
2324,F2,2023-10-28,Concarneau,Ajaccio,2,1,H,4.0,16.0,2.0,5.0
2324,F2,2023-10-28,Paris FC,Troyes,2,2,D,15.0,8.0,3.0,3.0
2324,F2,2023-10-28,Pau FC,Grenoble,3,2,H,15.0,7.0,7.0,4.0
2324,F2,2023-10-28,Quevilly Rouen,Annecy,1,2,A,19.0,8.0,6.0,3.0
2324,F2,2023-10-28,Valenciennes,Caen,2,2,D,9.0,14.0,4.0,4.0
2324,I2,2023-10-28,Ascoli,Parma,1,3,A,13.0,9.0,4.0,4.0
2324,I2,2023-10-28,Como,Catanzaro,1,0,H,15.0,9.0,2.0,4.0
2324,I2,2023-10-28,FeralpiSalo,Reggiana,0,3,A,19.0,9.0,4.0,9.0
2324,I2,2023-10-28,Spezia,Cosenza,0,0,D,19.0,13.0,5.0,3.0
2324,I2,2023-10-28,Sudtirol,Sampdoria,3,1,H,9.0,16.0,3.0,4.0
2324,SP2,2023-10-28,Andorra,Levante,2,0,H,21.0,7.0,10.0,1.0
2324,SP2,2023-10-28,Elche,Tenerife,2,1,H,9.0,8.0,4.0,1.0
2324,SP2,2023-10-28,Eldense,Amorebieta,2,0,H,12.0,11.0,4.0,3.0
2324,SP2,2023-10-28,Sp Gijon,Espanol,2,0,H,9.0,17.0,3.0,4.0
2324,D2,2023-10-29,Holstein Kiel,Nurnberg,0,2,A,14.0,21.0,1.0,5.0
2324,D2,2023-10-29,Magdeburg,Elversberg,1,2,A,18.0,8.0,5.0,4.0
2324,D2,2023-10-29,Wehen,Hansa Rostock,1,0,H,16.0,16.0,6.0,4.0
2324,E1,2023-10-29,Sheffield Weds,Rotherham,2,0,H,14.0,6.0,5.0,0.0
2324,I2,2023-10-29,Brescia,Bari,1,2,A,16.0,19.0,3.0,6.0
2324,I2,2023-10-29,Modena,Ternana,2,1,H,19.0,13.0,5.0,3.0
2324,I2,2023-10-29,Palermo,Lecco,1,2,A,26.0,12.0,9.0,7.0
2324,I2,2023-10-29,Venezia,Pisa,2,1,H,13.0,8.0,3.0,3.0
2324,SP2,2023-10-29,Huesca,Albacete,0,0,D,8.0,8.0,1.0,5.0
2324,SP2,2023-10-29,Leganes,Villarreal B,1,0,H,10.0,8.0,5.0,3.0
2324,SP2,2023-10-29,Mirandes,Cartagena,2,1,H,13.0,14.0,4.0,5.0
2324,SP2,2023-10-29,Oviedo,Alcorcon,2,0,H,12.0,6.0,4.0,3.0
2324,SP2,2023-10-29,Santander,Ferrol,1,3,A,11.0,17.0,5.0,8.0
2324,E1,2023-10-30,Coventry,West Brom,0,2,A,15.0,7.0,3.0,3.0
2324,F2,2023-10-30,St Etienne,Angers,2,0,H,20.0,14.0,10.0,3.0
2324,SP2,2023-10-30,Burgos,Zaragoza,1,1,D,10.0,8.0,2.0,5.0
2324,D2,2023-11-03,Elversberg,St Pauli,0,2,A,7.0,10.0,2.0,4.0
2324,D2,2023-11-03,Fortuna Dusseldorf,Wehen,1,3,A,25.0,11.0,7.0,5.0
2324,E1,2023-11-03,Leicester,Leeds,0,1,A,10.0,11.0,1.0,6.0
2324,SP2,2023-11-03,Espanol,Eibar,2,2,D,13.0,13.0,5.0,4.0
2324,D2,2023-11-04,Hamburg,Magdeburg,2,0,H,16.0,13.0,7.0,4.0
2324,D2,2023-11-04,Kaiserslautern,Greuther Furth,0,2,A,18.0,13.0,2.0,6.0
2324,D2,2023-11-04,Nurnberg,Schalke 04,1,2,A,15.0,11.0,4.0,4.0
2324,D2,2023-11-04,Osnabruck,Holstein Kiel,1,1,D,14.0,16.0,4.0,9.0
2324,E1,2023-11-04,Birmingham,Ipswich,2,2,D,13.0,17.0,3.0,7.0
2324,E1,2023-11-04,Bristol City,Sheffield Weds,1,0,H,17.0,6.0,7.0,2.0
2324,E1,2023-11-04,Huddersfield,Watford,0,0,D,5.0,9.0,2.0,3.0
2324,E1,2023-11-04,Millwall,Southampton,0,1,A,7.0,16.0,1.0,8.0
2324,E1,2023-11-04,Plymouth,Middlesbrough,3,3,D,10.0,20.0,5.0,11.0
2324,E1,2023-11-04,Preston,Coventry,3,2,H,16.0,18.0,7.0,8.0
2324,E1,2023-11-04,Rotherham,QPR,1,1,D,8.0,11.0,3.0,4.0
2324,E1,2023-11-04,Stoke,Cardiff,0,0,D,7.0,11.0,1.0,3.0
2324,E1,2023-11-04,Swansea,Sunderland,0,0,D,3.0,25.0,2.0,3.0
2324,E1,2023-11-04,West Brom,Hull,3,1,H,10.0,9.0,5.0,4.0
2324,F2,2023-11-04,Angers,Valenciennes,2,0,H,9.0,5.0,6.0,2.0
2324,F2,2023-11-04,Annecy,Laval,1,3,A,5.0,9.0,1.0,3.0
2324,F2,2023-11-04,Bastia,Bordeaux,3,1,H,16.0,10.0,7.0,2.0
2324,F2,2023-11-04,Dunkerque,Amiens,0,1,A,18.0,5.0,5.0,2.0
2324,F2,2023-11-04,Grenoble,Ajaccio,0,3,A,12.0,6.0,5.0,3.0
2324,F2,2023-11-04,Quevilly Rouen,Rodez,3,1,H,12.0,5.0,4.0,3.0
2324,F2,2023-11-04,St Etienne,Paris FC,0,1,A,11.0,15.0,1.0,5.0
2324,F2,2023-11-04,Troyes,Caen,2,1,H,8.0,22.0,4.0,5.0
2324,I2,2023-11-04,Bari,Ascoli,1,0,H,18.0,7.0,3.0,3.0
2324,I2,2023-11-04,Catanzaro,Modena,1,2,A,10.0,9.0,5.0,4.0
2324,I2,2023-11-04,Cittadella,Brescia,3,2,H,16.0,16.0,5.0,4.0
2324,I2,2023-11-04,Cosenza,FeralpiSalo,1,1,D,8.0,19.0,3.0,5.0
2324,I2,2023-11-04,Pisa,Como,1,1,D,15.0,12.0,4.0,2.0
2324,I2,2023-11-04,Sampdoria,Palermo,1,0,H,16.0,9.0,6.0,4.0
2324,I2,2023-11-04,Ternana,Venezia,0,1,A,11.0,8.0,2.0,2.0
2324,SP2,2023-11-04,Albacete,Elche,1,1,D,14.0,5.0,5.0,3.0
2324,SP2,2023-11-04,Levante,Mirandes,2,2,D,10.0,10.0,5.0,4.0
2324,SP2,2023-11-04,Valladolid,Tenerife,2,0,H,16.0,6.0,6.0,1.0
2324,SP2,2023-11-04,Villarreal B,Sp Gijon,0,3,A,22.0,10.0,6.0,6.0
2324,D2,2023-11-05,Hannover,Braunschweig,2,0,H,12.0,0.0,6.0,0.0
2324,D2,2023-11-05,Hansa Rostock,Hertha,0,0,D,8.0,16.0,2.0,2.0
2324,D2,2023-11-05,Karlsruhe,Paderborn,0,3,A,16.0,11.0,7.0,5.0
2324,E1,2023-11-05,Norwich,Blackburn,1,3,A,21.0,10.0,8.0,4.0
2324,I2,2023-11-05,Cremonese,Spezia,3,0,H,21.0,17.0,12.0,5.0
2324,I2,2023-11-05,Parma,Sudtirol,2,0,H,10.0,10.0,3.0,2.0
2324,I2,2023-11-05,Reggiana,Lecco,1,1,D,16.0,16.0,6.0,4.0
2324,SP2,2023-11-05,Alcorcon,Santander,3,1,H,17.0,10.0,6.0,3.0
2324,SP2,2023-11-05,Amorebieta,Huesca,0,1,A,7.0,8.0,0.0,3.0
2324,SP2,2023-11-05,Cartagena,Leganes,0,3,A,11.0,8.0,1.0,5.0
2324,SP2,2023-11-05,Eldense,Burgos,2,0,H,15.0,9.0,5.0,2.0
2324,SP2,2023-11-05,Ferrol,Andorra,1,0,H,11.0,12.0,4.0,5.0
2324,F2,2023-11-06,Guingamp,Auxerre,2,1,H,8.0,14.0,1.0,4.0
2324,SP2,2023-11-06,Zaragoza,Oviedo,0,0,D,19.0,13.0,5.0,2.0
2324,E1,2023-11-07,Rotherham,Ipswich,2,2,D,8.0,13.0,3.0,3.0
2324,I2,2023-11-08,Lecco,Spezia,0,0,D,20.0,17.0,4.0,4.0
2324,I2,2023-11-08,Palermo,Brescia,1,0,H,9.0,18.0,3.0,4.0
2324,D2,2023-11-10,Schalke 04,Elversberg,1,2,A,22.0,13.0,3.0,5.0
2324,D2,2023-11-10,St Pauli,Hannover,0,0,D,13.0,2.0,2.0,0.0
2324,E1,2023-11-10,Blackburn,Preston,1,2,A,22.0,9.0,5.0,4.0
2324,I2,2023-11-10,Venezia,Catanzaro,2,1,H,10.0,6.0,5.0,2.0
2324,SP2,2023-11-10,Leganes,Levante,2,1,H,10.0,9.0,5.0,3.0
2324,D2,2023-11-11,Braunschweig,Osnabruck,3,2,H,16.0,6.0,8.0,3.0
2324,D2,2023-11-11,Hertha,Karlsruhe,2,2,D,10.0,12.0,3.0,4.0
2324,D2,2023-11-11,Holstein Kiel,Hamburg,4,2,H,16.0,15.0,8.0,7.0
2324,D2,2023-11-11,Paderborn,Nurnberg,1,3,A,24.0,12.0,9.0,8.0
2324,E1,2023-11-11,Cardiff,Norwich,2,3,A,13.0,20.0,6.0,8.0
2324,E1,2023-11-11,Coventry,Stoke,0,0,D,13.0,6.0,2.0,2.0
2324,E1,2023-11-11,Hull,Huddersfield,1,0,H,20.0,2.0,5.0,1.0
2324,E1,2023-11-11,Ipswich,Swansea,3,2,H,22.0,7.0,9.0,4.0
2324,E1,2023-11-11,Leeds,Plymouth,2,1,H,14.0,9.0,6.0,3.0
2324,E1,2023-11-11,Middlesbrough,Leicester,1,0,H,9.0,12.0,6.0,4.0
2324,E1,2023-11-11,QPR,Bristol City,0,0,D,7.0,7.0,0.0,2.0
2324,E1,2023-11-11,Sheffield Weds,Millwall,0,4,A,12.0,13.0,2.0,6.0
2324,E1,2023-11-11,Southampton,West Brom,2,1,H,10.0,14.0,3.0,2.0
2324,E1,2023-11-11,Sunderland,Birmingham,3,1,H,22.0,16.0,6.0,7.0
2324,E1,2023-11-11,Watford,Rotherham,5,0,H,14.0,9.0,8.0,2.0
2324,F2,2023-11-11,Ajaccio,Troyes,1,0,H,7.0,3.0,3.0,1.0
2324,F2,2023-11-11,Amiens,Grenoble,1,2,A,10.0,6.0,4.0,4.0
2324,F2,2023-11-11,Auxerre,St Etienne,5,2,H,14.0,14.0,7.0,8.0
2324,F2,2023-11-11,Bordeaux,Annecy,3,1,H,11.0,9.0,7.0,3.0
2324,F2,2023-11-11,Caen,Quevilly Rouen,3,3,D,16.0,9.0,5.0,6.0
2324,F2,2023-11-11,Laval,Concarneau,0,3,A,10.0,10.0,5.0,6.0
2324,F2,2023-11-11,Paris FC,Bastia,1,0,H,11.0,11.0,3.0,4.0
2324,F2,2023-11-11,Pau FC,Angers,4,4,D,12.0,7.0,6.0,5.0
2324,F2,2023-11-11,Rodez,Guingamp,0,0,D,6.0,13.0,0.0,2.0
2324,F2,2023-11-11,Valenciennes,Dunkerque,0,1,A,13.0,11.0,4.0,3.0
2324,I2,2023-11-11,Ascoli,Como,0,1,A,8.0,9.0,4.0,3.0
2324,I2,2023-11-11,Cosenza,Reggiana,2,0,H,12.0,6.0,5.0,2.0
2324,I2,2023-11-11,FeralpiSalo,Bari,3,3,D,11.0,15.0,5.0,5.0
2324,I2,2023-11-11,Modena,Sampdoria,0,2,A,8.0,14.0,2.0,4.0
2324,I2,2023-11-11,Sudtirol,Pisa,1,2,A,10.0,8.0,2.0,5.0
2324,SP2,2023-11-11,Elche,Zaragoza,2,0,H,13.0,8.0,4.0,3.0
2324,SP2,2023-11-11,Mirandes,Ferrol,1,2,A,17.0,10.0,7.0,3.0
2324,SP2,2023-11-11,Santander,Valladolid,2,3,A,14.0,19.0,6.0,9.0
2324,SP2,2023-11-11,Sp Gijon,Amorebieta,1,1,D,16.0,10.0,8.0,4.0
2324,D2,2023-11-12,Greuther Furth,Fortuna Dusseldorf,1,0,H,9.0,12.0,4.0,3.0
2324,D2,2023-11-12,Magdeburg,Hansa Rostock,1,2,A,16.0,16.0,8.0,5.0
2324,D2,2023-11-12,Wehen,Kaiserslautern,2,1,H,12.0,5.0,6.0,1.0
2324,I2,2023-11-12,Brescia,Cremonese,0,3,A,15.0,25.0,1.0,5.0
2324,I2,2023-11-12,Lecco,Parma,3,2,H,16.0,12.0,7.0,7.0
2324,I2,2023-11-12,Palermo,Cittadella,0,1,A,10.0,15.0,0.0,3.0
2324,I2,2023-11-12,Spezia,Ternana,2,2,D,22.0,13.0,9.0,5.0
2324,SP2,2023-11-12,Andorra,Eldense,1,3,A,23.0,9.0,6.0,5.0
2324,SP2,2023-11-12,Burgos,Alcorcon,4,2,H,15.0,9.0,7.0,3.0
2324,SP2,2023-11-12,Eibar,Albacete,1,1,D,12.0,16.0,6.0,6.0
2324,SP2,2023-11-12,Huesca,Espanol,1,1,D,19.0,6.0,5.0,1.0
2324,SP2,2023-11-12,Tenerife,Villarreal B,0,1,A,20.0,13.0,5.0,6.0
2324,SP2,2023-11-13,Oviedo,Cartagena,1,1,D,18.0,2.0,3.0,1.0
2324,SP2,2023-11-17,Valladolid,Leganes,1,1,D,21.0,11.0,3.0,3.0
2324,SP2,2023-11-18,Alcorcon,Sp Gijon,0,0,D,15.0,16.0,2.0,2.0
2324,SP2,2023-11-18,Amorebieta,Tenerife,2,0,H,5.0,23.0,3.0,6.0
2324,SP2,2023-11-18,Espanol,Elche,2,0,H,12.0,15.0,5.0,3.0
2324,SP2,2023-11-18,Zaragoza,Huesca,0,2,A,11.0,7.0,3.0,3.0
2324,SP2,2023-11-19,Cartagena,Albacete,1,1,D,9.0,18.0,2.0,2.0
2324,SP2,2023-11-19,Eldense,Mirandes,2,2,D,20.0,7.0,6.0,3.0
2324,SP2,2023-11-19,Ferrol,Burgos,1,1,D,13.0,9.0,5.0,2.0
2324,SP2,2023-11-19,Oviedo,Eibar,2,1,H,9.0,7.0,3.0,2.0
2324,SP2,2023-11-19,Villarreal B,Andorra,0,0,D,12.0,15.0,2.0,5.0
2324,SP2,2023-11-20,Levante,Santander,2,4,A,26.0,9.0,5.0,5.0
2324,D2,2023-11-24,Hamburg,Braunschweig,2,1,H,16.0,14.0,5.0,3.0
2324,D2,2023-11-24,Hannover,Hertha,2,2,D,18.0,8.0,6.0,4.0
2324,E1,2023-11-24,Rotherham,Leeds,1,1,D,6.0,18.0,3.0,5.0
2324,I2,2023-11-24,Sampdoria,Spezia,2,1,H,14.0,9.0,4.0,2.0
2324,SP2,2023-11-24,Huesca,Valladolid,0,1,A,10.0,11.0,2.0,5.0
2324,D2,2023-11-25,Elversberg,Paderborn,4,1,H,15.0,9.0,9.0,4.0
2324,D2,2023-11-25,Fortuna Dusseldorf,Schalke 04,5,3,H,13.0,11.0,9.0,7.0
2324,D2,2023-11-25,Hansa Rostock,St Pauli,2,3,A,16.0,18.0,4.0,9.0
2324,D2,2023-11-25,Osnabruck,Magdeburg,0,2,A,12.0,13.0,3.0,6.0
2324,E1,2023-11-25,Birmingham,Sheffield Weds,2,1,H,13.0,16.0,4.0,4.0
2324,E1,2023-11-25,Bristol City,Middlesbrough,3,2,H,10.0,12.0,8.0,4.0
2324,E1,2023-11-25,Huddersfield,Southampton,1,1,D,10.0,16.0,2.0,4.0
2324,E1,2023-11-25,Leicester,Watford,2,0,H,23.0,9.0,8.0,1.0
2324,E1,2023-11-25,Millwall,Coventry,0,3,A,20.0,11.0,5.0,9.0
2324,E1,2023-11-25,Norwich,QPR,1,0,H,7.0,9.0,1.0,3.0
2324,E1,2023-11-25,Plymouth,Sunderland,2,0,H,10.0,24.0,2.0,5.0
2324,E1,2023-11-25,Preston,Cardiff,1,2,A,4.0,19.0,2.0,8.0
2324,E1,2023-11-25,Stoke,Blackburn,0,3,A,12.0,7.0,1.0,4.0
2324,E1,2023-11-25,Swansea,Hull,2,2,D,14.0,18.0,4.0,9.0
2324,E1,2023-11-25,West Brom,Ipswich,2,0,H,10.0,6.0,4.0,0.0
2324,F2,2023-11-25,Amiens,Concarneau,1,1,D,19.0,6.0,6.0,1.0
2324,F2,2023-11-25,Annecy,Ajaccio,2,0,H,19.0,6.0,6.0,2.0
2324,F2,2023-11-25,Bastia,Auxerre,0,0,D,6.0,20.0,1.0,7.0
2324,F2,2023-11-25,Dunkerque,Laval,0,2,A,11.0,5.0,3.0,3.0
2324,F2,2023-11-25,Grenoble,Rodez,2,1,H,9.0,11.0,6.0,4.0
2324,F2,2023-11-25,Paris FC,Bordeaux,1,2,A,12.0,11.0,2.0,5.0
2324,F2,2023-11-25,Quevilly Rouen,Valenciennes,0,0,D,17.0,6.0,4.0,2.0
2324,F2,2023-11-25,St Etienne,Pau FC,1,2,A,14.0,11.0,3.0,4.0
2324,F2,2023-11-25,Troyes,Guingamp,0,1,A,7.0,14.0,2.0,4.0
2324,I2,2023-11-25,Bari,Venezia,0,3,A,17.0,13.0,4.0,6.0
2324,I2,2023-11-25,Cittadella,Sudtirol,2,1,H,14.0,5.0,6.0,2.0
2324,I2,2023-11-25,Como,FeralpiSalo,2,1,H,14.0,11.0,7.0,3.0
2324,I2,2023-11-25,Cremonese,Lecco,1,0,H,16.0,11.0,2.0,3.0
2324,I2,2023-11-25,Parma,Modena,1,1,D,18.0,6.0,7.0,1.0
2324,I2,2023-11-25,Pisa,Brescia,1,1,D,12.0,18.0,2.0,7.0
2324,I2,2023-11-25,Reggiana,Ascoli,1,1,D,18.0,6.0,3.0,3.0
2324,SP2,2023-11-25,Albacete,Zaragoza,1,0,H,18.0,5.0,5.0,2.0
2324,SP2,2023-11-25,Burgos,Andorra,0,0,D,11.0,7.0,2.0,1.0
2324,SP2,2023-11-25,Eibar,Levante,3,1,H,20.0,12.0,7.0,7.0
2324,SP2,2023-11-25,Santander,Villarreal B,2,0,H,10.0,7.0,4.0,0.0
2324,D2,2023-11-26,Greuther Furth,Wehen,2,0,H,23.0,14.0,7.0,6.0
2324,D2,2023-11-26,Kaiserslautern,Holstein Kiel,0,3,A,13.0,11.0,5.0,6.0
2324,D2,2023-11-26,Karlsruhe,Nurnberg,4,1,H,19.0,12.0,8.0,3.0
2324,I2,2023-11-26,Catanzaro,Cosenza,2,0,H,12.0,14.0,3.0,4.0
2324,I2,2023-11-26,Ternana,Palermo,1,1,D,16.0,16.0,4.0,5.0
2324,SP2,2023-11-26,Elche,Amorebieta,2,0,H,11.0,11.0,4.0,4.0
2324,SP2,2023-11-26,Espanol,Alcorcon,2,0,H,24.0,6.0,9.0,2.0
2324,SP2,2023-11-26,Leganes,Ferrol,2,2,D,22.0,3.0,5.0,3.0
2324,SP2,2023-11-26,Mirandes,Oviedo,2,1,H,10.0,8.0,6.0,2.0
2324,SP2,2023-11-26,Tenerife,Cartagena,1,1,D,15.0,7.0,5.0,3.0
2324,F2,2023-11-27,Angers,Caen,3,0,H,11.0,10.0,6.0,2.0
2324,SP2,2023-11-27,Sp Gijon,Eldense,2,0,H,17.0,13.0,7.0,3.0
2324,E1,2023-11-28,Cardiff,West Brom,0,1,A,11.0,8.0,1.0,1.0
2324,E1,2023-11-28,Coventry,Plymouth,1,0,H,13.0,13.0,3.0,3.0
2324,E1,2023-11-28,Hull,Rotherham,4,1,H,22.0,9.0,12.0,3.0
2324,E1,2023-11-28,Middlesbrough,Preston,4,0,H,13.0,6.0,8.0,1.0
2324,E1,2023-11-28,QPR,Stoke,4,2,H,19.0,12.0,9.0,4.0
2324,E1,2023-11-28,Watford,Norwich,3,2,H,21.0,12.0,9.0,5.0
2324,F2,2023-11-28,Concarneau,Pau FC,1,2,A,17.0,10.0,6.0,2.0
2324,I2,2023-11-28,Como,Lecco,0,0,D,16.0,11.0,3.0,4.0
2324,I2,2023-11-28,Sudtirol,Brescia,1,1,D,10.0,8.0,4.0,3.0
2324,E1,2023-11-29,Blackburn,Birmingham,4,2,H,11.0,26.0,6.0,6.0
2324,E1,2023-11-29,Ipswich,Millwall,3,1,H,19.0,5.0,7.0,3.0
2324,E1,2023-11-29,Leeds,Swansea,3,1,H,18.0,10.0,8.0,2.0
2324,E1,2023-11-29,Sheffield Weds,Leicester,1,1,D,14.0,12.0,7.0,3.0
2324,E1,2023-11-29,Southampton,Bristol City,1,0,H,14.0,8.0,5.0,1.0
2324,E1,2023-11-29,Sunderland,Huddersfield,1,2,A,27.0,9.0,9.0,5.0
2324,D2,2023-12-01,Schalke 04,Osnabruck,4,0,H,14.0,8.0,5.0,2.0
2324,D2,2023-12-01,St Pauli,Hamburg,2,2,D,16.0,6.0,5.0,3.0
2324,E1,2023-12-01,Preston,QPR,0,2,A,7.0,8.0,1.0,5.0
2324,I2,2023-12-01,Palermo,Catanzaro,1,2,A,14.0,17.0,8.0,7.0
2324,SP2,2023-12-01,Oviedo,Espanol,2,0,H,16.0,7.0,5.0,2.0
2324,D2,2023-12-02,Braunschweig,Greuther Furth,0,1,A,13.0,7.0,6.0,1.0
2324,D2,2023-12-02,Holstein Kiel,Wehen,3,2,H,23.0,13.0,9.0,4.0
2324,D2,2023-12-02,Magdeburg,Kaiserslautern,4,1,H,18.0,19.0,11.0,5.0
2324,D2,2023-12-02,Nurnberg,Fortuna Dusseldorf,0,5,A,4.0,14.0,1.0,7.0
2324,E1,2023-12-02,Birmingham,Rotherham,0,0,D,12.0,12.0,4.0,4.0
2324,E1,2023-12-02,Hull,Watford,1,2,A,23.0,10.0,7.0,4.0
2324,E1,2023-12-02,Ipswich,Coventry,2,1,H,13.0,15.0,3.0,1.0
2324,E1,2023-12-02,Leeds,Middlesbrough,3,2,H,20.0,11.0,9.0,5.0
2324,E1,2023-12-02,Millwall,Sunderland,1,1,D,7.0,10.0,4.0,3.0
2324,E1,2023-12-02,Plymouth,Stoke,2,1,H,16.0,9.0,8.0,4.0
2324,E1,2023-12-02,Sheffield Weds,Blackburn,3,1,H,13.0,18.0,8.0,5.0
2324,E1,2023-12-02,Southampton,Cardiff,2,0,H,18.0,10.0,6.0,3.0
2324,E1,2023-12-02,Swansea,Huddersfield,1,1,D,22.0,5.0,5.0,3.0
2324,E1,2023-12-02,West Brom,Leicester,1,2,A,9.0,9.0,3.0,3.0
2324,F2,2023-12-02,Ajaccio,Angers,1,1,D,13.0,5.0,5.0,2.0
2324,F2,2023-12-02,Amiens,St Etienne,1,0,H,7.0,15.0,3.0,5.0
2324,F2,2023-12-02,Auxerre,Quevilly Rouen,3,2,H,17.0,15.0,3.0,6.0
2324,F2,2023-12-02,Bordeaux,Troyes,0,1,A,24.0,12.0,4.0,3.0
2324,F2,2023-12-02,Caen,Bastia,1,0,H,9.0,10.0,3.0,5.0
2324,F2,2023-12-02,Guingamp,Paris FC,0,1,A,7.0,4.0,3.0,1.0
2324,F2,2023-12-02,Laval,Grenoble,1,1,D,9.0,7.0,5.0,2.0
2324,F2,2023-12-02,Pau FC,Dunkerque,1,1,D,10.0,8.0,5.0,4.0
2324,F2,2023-12-02,Rodez,Concarneau,2,0,H,16.0,8.0,5.0,2.0
2324,F2,2023-12-02,Valenciennes,Annecy,0,0,D,14.0,18.0,6.0,2.0
2324,I2,2023-12-02,Cosenza,Ternana,1,3,A,18.0,16.0,6.0,7.0
2324,I2,2023-12-02,FeralpiSalo,Cittadella,0,1,A,14.0,9.0,4.0,5.0
2324,I2,2023-12-02,Modena,Reggiana,2,1,H,12.0,8.0,7.0,3.0
2324,I2,2023-12-02,Pisa,Cremonese,0,0,D,15.0,10.0,4.0,2.0
2324,I2,2023-12-02,Spezia,Parma,0,1,A,6.0,13.0,1.0,6.0
2324,I2,2023-12-02,Venezia,Ascoli,3,1,H,23.0,17.0,6.0,4.0
2324,SP2,2023-12-02,Cartagena,Sp Gijon,1,0,H,19.0,6.0,10.0,1.0
2324,SP2,2023-12-02,Eldense,Tenerife,0,3,A,13.0,4.0,1.0,3.0
2324,SP2,2023-12-02,Levante,Valladolid,2,1,H,19.0,11.0,7.0,3.0
2324,SP2,2023-12-02,Zaragoza,Leganes,1,0,H,10.0,5.0,2.0,0.0
2324,D2,2023-12-03,Hertha,Elversberg,5,1,H,14.0,15.0,6.0,5.0
2324,D2,2023-12-03,Karlsruhe,Hansa Rostock,2,2,D,17.0,17.0,7.0,7.0
2324,D2,2023-12-03,Paderborn,Hannover,1,0,H,21.0,8.0,6.0,1.0
2324,E1,2023-12-03,Bristol City,Norwich,1,2,A,15.0,12.0,6.0,3.0
2324,I2,2023-12-03,Brescia,Sampdoria,3,1,H,13.0,9.0,4.0,3.0
2324,I2,2023-12-03,Lecco,Bari,1,0,H,10.0,13.0,5.0,1.0
2324,I2,2023-12-03,Sudtirol,Como,0,1,A,8.0,16.0,1.0,4.0
2324,SP2,2023-12-03,Alcorcon,Elche,0,2,A,10.0,22.0,2.0,9.0
2324,SP2,2023-12-03,Amorebieta,Burgos,0,1,A,14.0,6.0,3.0,4.0
2324,SP2,2023-12-03,Andorra,Huesca,1,0,H,8.0,8.0,4.0,1.0
2324,SP2,2023-12-03,Ferrol,Albacete,5,4,H,17.0,18.0,6.0,7.0
2324,SP2,2023-12-03,Mirandes,Santander,0,0,D,13.0,12.0,5.0,3.0
2324,SP2,2023-12-04,Villarreal B,Eibar,1,0,H,26.0,6.0,8.0,0.0
2324,F2,2023-12-05,Ajaccio,Laval,2,0,H,8.0,6.0,4.0,1.0
2324,F2,2023-12-05,Angers,Grenoble,1,0,H,7.0,15.0,1.0,5.0
2324,F2,2023-12-05,Concarneau,Auxerre,1,2,A,13.0,16.0,4.0,7.0
2324,F2,2023-12-05,Dunkerque,Bastia,0,5,A,8.0,14.0,2.0,8.0
2324,F2,2023-12-05,Paris FC,Rodez,2,0,H,9.0,12.0,2.0,5.0
2324,F2,2023-12-05,Pau FC,Valenciennes,3,1,H,14.0,14.0,6.0,7.0
2324,F2,2023-12-05,Quevilly Rouen,Bordeaux,3,2,H,24.0,26.0,9.0,6.0
2324,F2,2023-12-05,St Etienne,Guingamp,1,3,A,10.0,14.0,3.0,6.0
2324,F2,2023-12-05,Troyes,Amiens,2,0,H,9.0,18.0,3.0,3.0
2324,F2,2023-12-06,Annecy,Caen,1,2,A,15.0,13.0,5.0,9.0
2324,D2,2023-12-08,Hannover,Karlsruhe,2,2,D,18.0,15.0,7.0,7.0
2324,D2,2023-12-08,Wehen,Braunschweig,1,3,A,10.0,13.0,2.0,8.0
2324,E1,2023-12-08,Coventry,Birmingham,2,0,H,16.0,13.0,8.0,6.0
2324,SP2,2023-12-08,Albacete,Villarreal B,2,0,H,18.0,7.0,5.0,1.0
2324,SP2,2023-12-08,Espanol,Zaragoza,1,1,D,8.0,10.0,1.0,2.0
2324,D2,2023-12-09,Greuther Furth,Magdeburg,1,1,D,16.0,11.0,6.0,8.0
2324,D2,2023-12-09,Hamburg,Paderborn,1,2,A,18.0,11.0,6.0,4.0
2324,D2,2023-12-09,Kaiserslautern,Hertha,1,2,A,12.0,10.0,4.0,5.0
2324,D2,2023-12-09,Osnabruck,St Pauli,1,1,D,9.0,19.0,3.0,4.0
2324,E1,2023-12-09,Blackburn,Leeds,0,2,A,12.0,8.0,2.0,4.0
2324,E1,2023-12-09,Cardiff,Millwall,1,0,H,7.0,10.0,3.0,3.0
2324,E1,2023-12-09,Huddersfield,Bristol City,1,1,D,6.0,15.0,2.0,4.0
2324,E1,2023-12-09,Leicester,Plymouth,4,0,H,13.0,15.0,7.0,5.0
2324,E1,2023-12-09,Middlesbrough,Ipswich,0,2,A,7.0,9.0,1.0,3.0
2324,E1,2023-12-09,Norwich,Preston,0,0,D,18.0,6.0,4.0,1.0
2324,E1,2023-12-09,QPR,Hull,2,0,H,13.0,15.0,4.0,6.0
2324,E1,2023-12-09,Rotherham,Swansea,1,2,A,7.0,19.0,3.0,9.0
2324,E1,2023-12-09,Stoke,Sheffield Weds,0,1,A,13.0,6.0,4.0,2.0
2324,E1,2023-12-09,Sunderland,West Brom,2,1,H,14.0,11.0,5.0,1.0
2324,E1,2023-12-09,Watford,Southampton,1,1,D,11.0,6.0,4.0,3.0
2324,I2,2023-12-09,Ascoli,Spezia,1,2,A,12.0,7.0,4.0,5.0
2324,I2,2023-12-09,Bari,Sudtirol,2,1,H,17.0,10.0,3.0,5.0
2324,I2,2023-12-09,Catanzaro,Pisa,2,0,H,8.0,14.0,5.0,5.0
2324,I2,2023-12-09,Cittadella,Cosenza,2,0,H,13.0,11.0,3.0,5.0
2324,I2,2023-12-09,Cremonese,Venezia,1,0,H,9.0,13.0,2.0,4.0
2324,I2,2023-12-09,Sampdoria,Lecco,2,0,H,20.0,13.0,5.0,5.0
2324,I2,2023-12-09,Ternana,FeralpiSalo,2,1,H,16.0,16.0,4.0,2.0
2324,SP2,2023-12-09,Burgos,Mirandes,0,0,D,11.0,5.0,2.0,1.0
2324,SP2,2023-12-09,Sp Gijon,Levante,0,0,D,12.0,8.0,3.0,2.0
2324,SP2,2023-12-09,Valladolid,Amorebieta,2,1,H,12.0,7.0,6.0,3.0
2324,D2,2023-12-10,Elversberg,Nurnberg,0,1,A,19.0,10.0,3.0,3.0
2324,D2,2023-12-10,Fortuna Dusseldorf,Holstein Kiel,0,1,A,15.0,12.0,2.0,6.0
2324,D2,2023-12-10,Hansa Rostock,Schalke 04,0,2,A,3.0,18.0,0.0,3.0
2324,I2,2023-12-10,Como,Modena,2,1,H,7.0,22.0,4.0,7.0
2324,I2,2023-12-10,Parma,Palermo,3,3,D,24.0,8.0,7.0,3.0
2324,I2,2023-12-10,Reggiana,Brescia,1,1,D,8.0,12.0,2.0,4.0
2324,SP2,2023-12-10,Eibar,Andorra,2,2,D,15.0,16.0,4.0,5.0
2324,SP2,2023-12-10,Elche,Cartagena,1,2,A,12.0,7.0,2.0,4.0
2324,SP2,2023-12-10,Huesca,Ferrol,1,0,H,11.0,11.0,5.0,0.0
2324,SP2,2023-12-10,Leganes,Eldense,1,1,D,12.0,6.0,3.0,1.0
2324,SP2,2023-12-10,Santander,Oviedo,2,2,D,10.0,16.0,5.0,3.0
2324,SP2,2023-12-11,Tenerife,Alcorcon,1,0,H,14.0,11.0,5.0,2.0
2324,E1,2023-12-12,Blackburn,Bristol City,2,1,H,13.0,11.0,3.0,5.0
2324,E1,2023-12-12,Huddersfield,Preston,1,3,A,7.0,11.0,3.0,3.0
2324,E1,2023-12-12,Rotherham,West Brom,0,2,A,4.0,6.0,2.0,2.0
2324,E1,2023-12-12,Stoke,Swansea,1,1,D,16.0,8.0,4.0,2.0
2324,E1,2023-12-12,Sunderland,Leeds,1,0,H,11.0,12.0,3.0,4.0
2324,E1,2023-12-12,Watford,Ipswich,1,2,A,12.0,10.0,3.0,6.0
2324,E1,2023-12-13,Cardiff,Birmingham,0,1,A,11.0,11.0,4.0,5.0
2324,E1,2023-12-13,Coventry,Southampton,1,1,D,11.0,12.0,4.0,3.0
2324,E1,2023-12-13,Leicester,Millwall,3,2,H,15.0,11.0,6.0,6.0
2324,E1,2023-12-13,Middlesbrough,Hull,1,2,A,16.0,8.0,8.0,4.0
2324,E1,2023-12-13,Norwich,Sheffield Weds,3,1,H,12.0,21.0,5.0,4.0
2324,E1,2023-12-13,QPR,Plymouth,0,0,D,29.0,12.0,10.0,2.0
2324,D2,2023-12-15,Paderborn,Hansa Rostock,3,0,H,24.0,8.0,11.0,1.0
2324,D2,2023-12-15,Schalke 04,Greuther Furth,2,2,D,12.0,11.0,8.0,8.0
2324,I2,2023-12-15,Spezia,Bari,1,0,H,18.0,12.0,2.0,4.0
2324,SP2,2023-12-15,Oviedo,Elche,3,2,H,11.0,18.0,6.0,5.0
2324,D2,2023-12-16,Hertha,Osnabruck,0,0,D,12.0,8.0,6.0,2.0
2324,D2,2023-12-16,Holstein Kiel,Hannover,3,0,H,11.0,11.0,6.0,1.0
2324,D2,2023-12-16,Magdeburg,Fortuna Dusseldorf,2,3,A,19.0,12.0,6.0,5.0
2324,D2,2023-12-16,Nurnberg,Hamburg,0,2,A,12.0,14.0,2.0,4.0
2324,E1,2023-12-16,Bristol City,Sunderland,1,0,H,6.0,18.0,3.0,9.0
2324,E1,2023-12-16,Hull,Cardiff,3,0,H,15.0,8.0,7.0,1.0
2324,E1,2023-12-16,Ipswich,Norwich,2,2,D,18.0,11.0,5.0,3.0
2324,E1,2023-12-16,Leeds,Coventry,1,1,D,20.0,7.0,6.0,3.0
2324,E1,2023-12-16,Millwall,Huddersfield,1,1,D,12.0,10.0,7.0,2.0
2324,E1,2023-12-16,Plymouth,Rotherham,3,2,H,25.0,9.0,9.0,4.0
2324,E1,2023-12-16,Preston,Watford,1,5,A,20.0,15.0,10.0,7.0
2324,E1,2023-12-16,Sheffield Weds,QPR,2,1,H,8.0,5.0,3.0,2.0
2324,E1,2023-12-16,Southampton,Blackburn,4,0,H,22.0,4.0,11.0,4.0
2324,E1,2023-12-16,Swansea,Middlesbrough,1,2,A,10.0,9.0,3.0,4.0
2324,F2,2023-12-16,Auxerre,Ajaccio,2,0,H,12.0,1.0,3.0,0.0
2324,F2,2023-12-16,Bastia,Quevilly Rouen,0,0,D,4.0,13.0,1.0,3.0
2324,F2,2023-12-16,Bordeaux,St Etienne,0,0,D,20.0,10.0,4.0,1.0
2324,F2,2023-12-16,Caen,Dunkerque,1,0,H,13.0,13.0,6.0,4.0
2324,F2,2023-12-16,Grenoble,Annecy,1,0,H,16.0,6.0,5.0,3.0
2324,F2,2023-12-16,Guingamp,Concarneau,0,1,A,18.0,4.0,2.0,1.0
2324,F2,2023-12-16,Laval,Pau FC,1,1,D,15.0,11.0,5.0,5.0
2324,F2,2023-12-16,Rodez,Amiens,2,2,D,19.0,8.0,5.0,4.0
2324,F2,2023-12-16,Troyes,Angers,1,4,A,8.0,13.0,2.0,5.0
2324,F2,2023-12-16,Valenciennes,Paris FC,0,1,A,7.0,7.0,1.0,3.0
2324,I2,2023-12-16,Ascoli,Catanzaro,1,0,H,10.0,6.0,5.0,2.0
2324,I2,2023-12-16,Brescia,Como,2,0,H,11.0,21.0,5.0,5.0
2324,I2,2023-12-16,Cosenza,Parma,0,0,D,13.0,11.0,1.0,2.0
2324,I2,2023-12-16,FeralpiSalo,Cremonese,1,0,H,7.0,18.0,4.0,6.0
2324,I2,2023-12-16,Modena,Cittadella,1,1,D,9.0,11.0,2.0,4.0
2324,I2,2023-12-16,Palermo,Pisa,3,2,H,17.0,15.0,7.0,7.0
2324,I2,2023-12-16,Reggiana,Sampdoria,1,2,A,8.0,14.0,3.0,6.0
2324,I2,2023-12-16,Venezia,Sudtirol,2,3,A,9.0,10.0,3.0,3.0
2324,SP2,2023-12-16,Andorra,Espanol,1,1,D,14.0,6.0,3.0,1.0
2324,SP2,2023-12-16,Cartagena,Burgos,0,3,A,9.0,10.0,1.0,5.0
2324,SP2,2023-12-16,Eldense,Santander,3,3,D,13.0,8.0,6.0,4.0
2324,SP2,2023-12-16,Mirandes,Albacete,2,0,H,12.0,11.0,3.0,3.0
2324,SP2,2023-12-16,Sp Gijon,Leganes,1,1,D,17.0,8.0,3.0,2.0
2324,D2,2023-12-17,Braunschweig,Kaiserslautern,2,1,H,17.0,11.0,6.0,0.0
2324,D2,2023-12-17,Karlsruhe,Elversberg,3,2,H,17.0,11.0,7.0,5.0
2324,D2,2023-12-17,St Pauli,Wehen,1,1,D,28.0,5.0,5.0,2.0
2324,E1,2023-12-17,West Brom,Stoke,1,1,D,16.0,9.0,7.0,1.0
2324,I2,2023-12-17,Lecco,Ternana,2,3,A,20.0,13.0,7.0,5.0
2324,SP2,2023-12-17,Alcorcon,Eibar,1,0,H,6.0,18.0,3.0,7.0
2324,SP2,2023-12-17,Amorebieta,Zaragoza,1,1,D,18.0,10.0,7.0,6.0
2324,SP2,2023-12-17,Ferrol,Tenerife,3,1,H,18.0,5.0,7.0,2.0
2324,SP2,2023-12-17,Levante,Huesca,2,1,H,12.0,5.0,6.0,1.0
2324,E1,2023-12-18,Birmingham,Leicester,2,3,A,8.0,14.0,5.0,5.0
2324,SP2,2023-12-18,Villarreal B,Valladolid,1,0,H,11.0,17.0,3.0,5.0
2324,F2,2023-12-19,Ajaccio,Valenciennes,2,1,H,6.0,4.0,3.0,2.0
2324,F2,2023-12-19,Amiens,Caen,0,0,D,14.0,10.0,3.0,3.0
2324,F2,2023-12-19,Angers,Guingamp,1,0,H,7.0,21.0,2.0,5.0
2324,F2,2023-12-19,Annecy,Rodez,1,2,A,16.0,16.0,7.0,6.0
2324,F2,2023-12-19,Concarneau,Grenoble,0,3,A,19.0,11.0,6.0,6.0
2324,F2,2023-12-19,Dunkerque,Bordeaux,0,2,A,14.0,9.0,3.0,2.0
2324,F2,2023-12-19,Laval,Auxerre,1,3,A,5.0,13.0,3.0,5.0
2324,F2,2023-12-19,Paris FC,Quevilly Rouen,2,2,D,10.0,13.0,4.0,5.0
2324,F2,2023-12-19,Pau FC,Troyes,1,1,D,19.0,11.0,5.0,6.0
2324,F2,2023-12-19,St Etienne,Bastia,3,2,H,12.0,11.0,5.0,5.0
2324,SP2,2023-12-19,Albacete,Eldense,1,1,D,9.0,12.0,1.0,2.0
2324,SP2,2023-12-19,Elche,Mirandes,0,0,D,17.0,4.0,1.0,0.0
2324,SP2,2023-12-19,Espanol,Burgos,3,3,D,14.0,12.0,7.0,6.0
2324,SP2,2023-12-19,Santander,Andorra,2,0,H,17.0,9.0,12.0,3.0
2324,SP2,2023-12-20,Eibar,Sp Gijon,1,1,D,15.0,7.0,4.0,4.0
2324,SP2,2023-12-20,Leganes,Tenerife,1,1,D,5.0,6.0,3.0,3.0
2324,SP2,2023-12-20,Zaragoza,Levante,2,2,D,16.0,9.0,4.0,5.0
2324,SP2,2023-12-21,Amorebieta,Alcorcon,1,2,A,7.0,12.0,2.0,5.0
2324,SP2,2023-12-21,Huesca,Cartagena,3,0,H,7.0,12.0,6.0,4.0
2324,SP2,2023-12-21,Valladolid,Ferrol,0,1,A,15.0,10.0,3.0,2.0
2324,SP2,2023-12-21,Villarreal B,Oviedo,1,1,D,15.0,12.0,6.0,2.0
2324,E1,2023-12-22,Bristol City,Hull,3,2,H,21.0,16.0,5.0,4.0
2324,E1,2023-12-22,Swansea,Preston,2,1,H,10.0,9.0,4.0,4.0
2324,E1,2023-12-23,Blackburn,Watford,1,2,A,11.0,18.0,5.0,6.0
2324,E1,2023-12-23,Leeds,Ipswich,4,0,H,9.0,2.0,4.0,0.0
2324,E1,2023-12-23,Leicester,Rotherham,3,0,H,24.0,2.0,11.0,0.0
2324,E1,2023-12-23,Middlesbrough,West Brom,1,0,H,13.0,9.0,4.0,2.0
2324,E1,2023-12-23,Norwich,Huddersfield,2,0,H,21.0,5.0,8.0,1.0
2324,E1,2023-12-23,Plymouth,Birmingham,3,3,D,15.0,13.0,8.0,7.0
2324,E1,2023-12-23,QPR,Southampton,0,1,A,12.0,13.0,2.0,4.0
2324,E1,2023-12-23,Sheffield Weds,Cardiff,1,2,A,18.0,7.0,5.0,3.0
2324,E1,2023-12-23,Stoke,Millwall,0,0,D,19.0,2.0,3.0,1.0
2324,E1,2023-12-23,Sunderland,Coventry,0,3,A,21.0,10.0,6.0,5.0
2324,I2,2023-12-23,Bari,Cosenza,0,0,D,16.0,14.0,4.0,2.0
2324,I2,2023-12-23,Catanzaro,Brescia,2,3,A,10.0,8.0,5.0,6.0
2324,I2,2023-12-23,Cittadella,Spezia,4,1,H,24.0,16.0,7.0,5.0
2324,I2,2023-12-23,Como,Palermo,3,3,D,12.0,12.0,8.0,6.0
2324,I2,2023-12-23,Cremonese,Modena,4,0,H,15.0,8.0,7.0,4.0
2324,I2,2023-12-23,Parma,Ternana,3,1,H,21.0,12.0,8.0,2.0
2324,I2,2023-12-23,Pisa,Ascoli,1,0,H,6.0,10.0,2.0,1.0
2324,I2,2023-12-23,Sampdoria,FeralpiSalo,2,3,A,15.0,21.0,5.0,7.0
2324,I2,2023-12-23,Sudtirol,Reggiana,2,3,A,13.0,7.0,4.0,4.0
2324,I2,2023-12-23,Venezia,Lecco,2,2,D,10.0,6.0,5.0,2.0
2324,E1,2023-12-26,Birmingham,Stoke,1,3,A,14.0,11.0,5.0,5.0
2324,E1,2023-12-26,Cardiff,Plymouth,2,2,D,17.0,13.0,4.0,6.0
2324,E1,2023-12-26,Coventry,Sheffield Weds,2,0,H,9.0,11.0,2.0,2.0
2324,E1,2023-12-26,Huddersfield,Blackburn,3,0,H,12.0,10.0,6.0,1.0
2324,E1,2023-12-26,Hull,Sunderland,0,1,A,10.0,17.0,6.0,3.0
2324,E1,2023-12-26,Ipswich,Leicester,1,1,D,19.0,5.0,2.0,2.0
2324,E1,2023-12-26,Millwall,QPR,2,0,H,13.0,10.0,3.0,1.0
2324,E1,2023-12-26,Preston,Leeds,2,1,H,13.0,11.0,4.0,2.0
2324,E1,2023-12-26,Rotherham,Middlesbrough,1,0,H,3.0,19.0,1.0,5.0
2324,E1,2023-12-26,Southampton,Swansea,5,0,H,11.0,4.0,9.0,1.0
2324,E1,2023-12-26,Watford,Bristol City,1,4,A,13.0,15.0,5.0,5.0
2324,E1,2023-12-26,West Brom,Norwich,1,0,H,21.0,7.0,3.0,3.0
2324,I2,2023-12-26,Ascoli,Cittadella,0,0,D,12.0,11.0,5.0,3.0
2324,I2,2023-12-26,Brescia,Parma,0,2,A,8.0,10.0,0.0,6.0
2324,I2,2023-12-26,Cosenza,Como,1,2,A,4.0,10.0,2.0,6.0
2324,I2,2023-12-26,FeralpiSalo,Venezia,2,2,D,8.0,11.0,3.0,4.0
2324,I2,2023-12-26,Lecco,Sudtirol,2,1,H,10.0,12.0,4.0,5.0
2324,I2,2023-12-26,Palermo,Cremonese,3,2,H,11.0,17.0,6.0,5.0
2324,I2,2023-12-26,Reggiana,Catanzaro,1,0,H,8.0,7.0,2.0,4.0
2324,I2,2023-12-26,Sampdoria,Bari,1,1,D,23.0,11.0,4.0,2.0
2324,I2,2023-12-26,Spezia,Modena,1,1,D,19.0,12.0,2.0,6.0
2324,I2,2023-12-26,Ternana,Pisa,1,1,D,12.0,14.0,7.0,2.0
2324,E1,2023-12-29,Birmingham,Bristol City,0,0,D,5.0,8.0,1.0,0.0
2324,E1,2023-12-29,Cardiff,Leicester,0,2,A,10.0,9.0,2.0,4.0
2324,E1,2023-12-29,Coventry,Swansea,2,2,D,21.0,12.0,5.0,4.0
2324,E1,2023-12-29,Huddersfield,Middlesbrough,1,2,A,16.0,9.0,5.0,5.0
2324,E1,2023-12-29,Hull,Blackburn,3,2,H,21.0,10.0,9.0,4.0
2324,E1,2023-12-29,Ipswich,QPR,0,0,D,7.0,10.0,5.0,2.0
2324,E1,2023-12-29,Millwall,Norwich,1,0,H,11.0,11.0,5.0,3.0
2324,E1,2023-12-29,Preston,Sheffield Weds,0,1,A,9.0,6.0,2.0,3.0
2324,E1,2023-12-29,Rotherham,Sunderland,1,1,D,13.0,10.0,4.0,3.0
2324,E1,2023-12-29,Southampton,Plymouth,2,1,H,26.0,8.0,7.0,1.0
2324,E1,2023-12-29,Watford,Stoke,1,1,D,13.0,14.0,6.0,4.0
2324,E1,2023-12-29,West Brom,Leeds,1,0,H,13.0,15.0,3.0,1.0
2324,E1,2024-01-01,Blackburn,Rotherham,2,2,D,18.0,13.0,9.0,4.0
2324,E1,2024-01-01,Bristol City,Millwall,0,1,A,5.0,11.0,1.0,2.0
2324,E1,2024-01-01,Leeds,Birmingham,3,0,H,21.0,8.0,11.0,1.0
2324,E1,2024-01-01,Leicester,Huddersfield,4,1,H,19.0,12.0,6.0,4.0
2324,E1,2024-01-01,Middlesbrough,Coventry,1,3,A,19.0,17.0,7.0,8.0
2324,E1,2024-01-01,Norwich,Southampton,1,1,D,7.0,21.0,2.0,4.0
2324,E1,2024-01-01,Plymouth,Watford,3,3,D,31.0,18.0,11.0,5.0
2324,E1,2024-01-01,QPR,Cardiff,1,2,A,8.0,10.0,3.0,5.0
2324,E1,2024-01-01,Sheffield Weds,Hull,3,1,H,23.0,5.0,6.0,1.0
2324,E1,2024-01-01,Stoke,Ipswich,0,0,D,8.0,13.0,4.0,2.0
2324,E1,2024-01-01,Sunderland,Preston,2,0,H,7.0,12.0,4.0,3.0
2324,E1,2024-01-01,Swansea,West Brom,1,0,H,10.0,10.0,4.0,5.0
2324,E1,2024-01-12,Hull,Norwich,1,2,A,19.0,9.0,5.0,4.0
2324,I2,2024-01-12,Catanzaro,Lecco,5,3,H,20.0,14.0,9.0,4.0
2324,SP2,2024-01-12,Eibar,Santander,2,0,H,14.0,9.0,6.0,2.0
2324,E1,2024-01-13,Birmingham,Swansea,2,2,D,11.0,6.0,6.0,3.0
2324,E1,2024-01-13,Cardiff,Leeds,0,3,A,9.0,15.0,1.0,7.0
2324,E1,2024-01-13,Coventry,Leicester,3,1,H,14.0,8.0,6.0,4.0
2324,E1,2024-01-13,Huddersfield,Plymouth,1,1,D,13.0,9.0,4.0,3.0
2324,E1,2024-01-13,Ipswich,Sunderland,2,1,H,17.0,10.0,5.0,3.0
2324,E1,2024-01-13,Millwall,Middlesbrough,1,3,A,15.0,14.0,5.0,6.0
2324,E1,2024-01-13,Preston,Bristol City,2,0,H,12.0,15.0,7.0,6.0
2324,E1,2024-01-13,Rotherham,Stoke,0,1,A,3.0,4.0,0.0,3.0
2324,E1,2024-01-13,Southampton,Sheffield Weds,4,0,H,15.0,6.0,7.0,4.0
2324,E1,2024-01-13,West Brom,Blackburn,4,1,H,16.0,12.0,8.0,3.0
2324,F2,2024-01-13,Bastia,Angers,2,0,H,14.0,1.0,5.0,0.0
2324,F2,2024-01-13,Caen,Concarneau,1,0,H,9.0,6.0,2.0,2.0
2324,F2,2024-01-13,Grenoble,Dunkerque,2,2,D,10.0,10.0,4.0,7.0
2324,F2,2024-01-13,Paris FC,Annecy,2,1,H,17.0,7.0,5.0,3.0
2324,F2,2024-01-13,Quevilly Rouen,Guingamp,0,1,A,10.0,10.0,2.0,5.0
2324,F2,2024-01-13,Rodez,Pau FC,2,1,H,11.0,12.0,4.0,5.0
2324,F2,2024-01-13,St Etienne,Laval,0,0,D,14.0,9.0,4.0,3.0
2324,F2,2024-01-13,Troyes,Ajaccio,3,1,H,12.0,9.0,4.0,3.0
2324,F2,2024-01-13,Valenciennes,Amiens,0,1,A,11.0,13.0,2.0,4.0
2324,I2,2024-01-13,Bari,Ternana,3,1,H,16.0,11.0,6.0,1.0
2324,I2,2024-01-13,Cittadella,Palermo,2,0,H,16.0,8.0,6.0,3.0
2324,I2,2024-01-13,Como,Spezia,4,0,H,26.0,13.0,8.0,4.0
2324,I2,2024-01-13,Modena,Brescia,1,2,A,14.0,11.0,2.0,5.0
2324,I2,2024-01-13,Pisa,Reggiana,2,2,D,17.0,7.0,8.0,2.0
2324,I2,2024-01-13,Sudtirol,FeralpiSalo,1,0,H,13.0,17.0,2.0,5.0
2324,SP2,2024-01-13,Alcorcon,Mirandes,0,0,D,14.0,12.0,2.0,2.0
2324,SP2,2024-01-13,Burgos,Valladolid,1,0,H,7.0,20.0,2.0,2.0
2324,SP2,2024-01-13,Ferrol,Espanol,0,0,D,6.0,8.0,1.0,1.0
2324,SP2,2024-01-13,Levante,Albacete,3,2,H,13.0,11.0,8.0,4.0
2324,SP2,2024-01-13,Oviedo,Amorebieta,1,1,D,15.0,14.0,3.0,4.0
2324,SP2,2024-01-13,Tenerife,Elche,0,1,A,10.0,7.0,2.0,3.0
2324,E1,2024-01-14,QPR,Watford,1,2,A,16.0,9.0,7.0,2.0
2324,I2,2024-01-14,Cremonese,Cosenza,1,0,H,12.0,7.0,6.0,4.0
2324,I2,2024-01-14,Parma,Ascoli,1,1,D,19.0,9.0,5.0,3.0
2324,I2,2024-01-14,Venezia,Sampdoria,5,3,H,17.0,7.0,8.0,3.0
2324,SP2,2024-01-14,Andorra,Leganes,2,3,A,18.0,6.0,6.0,4.0
2324,SP2,2024-01-14,Cartagena,Villarreal B,4,1,H,19.0,11.0,6.0,2.0
2324,SP2,2024-01-14,Sp Gijon,Huesca,0,0,D,11.0,9.0,2.0,4.0
2324,F2,2024-01-15,Auxerre,Bordeaux,3,1,H,18.0,12.0,10.0,5.0
2324,SP2,2024-01-15,Eldense,Zaragoza,1,1,D,14.0,4.0,4.0,2.0
2324,D2,2024-01-19,Holstein Kiel,Braunschweig,1,2,A,22.0,15.0,9.0,5.0
2324,D2,2024-01-19,Karlsruhe,Osnabruck,2,1,H,16.0,14.0,4.0,4.0
2324,E1,2024-01-19,Sunderland,Hull,0,1,A,15.0,2.0,3.0,2.0
2324,I2,2024-01-19,Sampdoria,Parma,0,3,A,11.0,12.0,4.0,3.0
2324,D2,2024-01-20,Elversberg,Hannover,2,2,D,8.0,9.0,2.0,3.0
2324,D2,2024-01-20,Nurnberg,Hansa Rostock,3,0,H,8.0,9.0,4.0,2.0
2324,D2,2024-01-20,Schalke 04,Hamburg,0,2,A,27.0,8.0,4.0,6.0
2324,D2,2024-01-20,St Pauli,Kaiserslautern,2,0,H,20.0,13.0,9.0,3.0
2324,E1,2024-01-20,Blackburn,Huddersfield,1,1,D,16.0,8.0,4.0,3.0
2324,E1,2024-01-20,Bristol City,Watford,1,1,D,15.0,14.0,6.0,2.0
2324,E1,2024-01-20,Middlesbrough,Rotherham,1,1,D,15.0,6.0,3.0,2.0
2324,E1,2024-01-20,Norwich,West Brom,2,0,H,13.0,15.0,6.0,3.0
2324,E1,2024-01-20,Plymouth,Cardiff,3,1,H,15.0,6.0,5.0,3.0
2324,E1,2024-01-20,QPR,Millwall,2,0,H,12.0,2.0,5.0,1.0
2324,E1,2024-01-20,Sheffield Weds,Coventry,1,2,A,11.0,16.0,5.0,6.0
2324,E1,2024-01-20,Stoke,Birmingham,1,2,A,22.0,9.0,5.0,5.0
2324,E1,2024-01-20,Swansea,Southampton,1,3,A,15.0,21.0,6.0,10.0
2324,I2,2024-01-20,Brescia,Sudtirol,1,1,D,10.0,9.0,4.0,2.0
2324,I2,2024-01-20,Cosenza,Venezia,4,2,H,22.0,16.0,7.0,5.0
2324,I2,2024-01-20,FeralpiSalo,Catanzaro,3,0,H,13.0,11.0,8.0,3.0
2324,I2,2024-01-20,Lecco,Pisa,1,3,A,18.0,14.0,3.0,5.0
2324,I2,2024-01-20,Palermo,Modena,4,2,H,16.0,11.0,7.0,4.0
2324,I2,2024-01-20,Reggiana,Como,2,2,D,14.0,13.0,4.0,6.0
2324,I2,2024-01-20,Spezia,Cremonese,0,1,A,11.0,10.0,3.0,4.0
2324,I2,2024-01-20,Ternana,Cittadella,3,1,H,15.0,18.0,7.0,4.0
2324,SP2,2024-01-20,Albacete,Alcorcon,0,1,A,16.0,15.0,2.0,3.0
2324,SP2,2024-01-20,Amorebieta,Eldense,0,2,A,10.0,12.0,1.0,7.0
2324,SP2,2024-01-20,Espanol,Villarreal B,2,1,H,9.0,11.0,4.0,3.0
2324,SP2,2024-01-20,Ferrol,Oviedo,1,3,A,9.0,17.0,3.0,9.0
2324,SP2,2024-01-20,Tenerife,Sp Gijon,1,2,A,11.0,11.0,2.0,6.0
2324,SP2,2024-01-20,Zaragoza,Andorra,2,0,H,11.0,8.0,6.0,3.0
2324,D2,2024-01-21,Hertha,Fortuna Dusseldorf,2,2,D,10.0,9.0,4.0,2.0
2324,D2,2024-01-21,Magdeburg,Wehen,1,0,H,12.0,9.0,3.0,3.0
2324,D2,2024-01-21,Paderborn,Greuther Furth,0,1,A,17.0,13.0,8.0,3.0
2324,E1,2024-01-21,Leeds,Preston,2,1,H,20.0,8.0,6.0,2.0
2324,I2,2024-01-21,Ascoli,Bari,2,2,D,25.0,11.0,7.0,4.0
2324,SP2,2024-01-21,Elche,Valladolid,0,0,D,18.0,3.0,2.0,1.0
2324,SP2,2024-01-21,Huesca,Eibar,2,3,A,19.0,14.0,8.0,6.0
2324,SP2,2024-01-21,Mirandes,Levante,1,1,D,15.0,9.0,3.0,2.0
2324,SP2,2024-01-21,Santander,Cartagena,0,2,A,14.0,8.0,3.0,4.0
2324,E1,2024-01-22,Leicester,Ipswich,1,1,D,15.0,11.0,8.0,3.0
2324,SP2,2024-01-22,Leganes,Burgos,2,0,H,11.0,13.0,5.0,5.0
2324,F2,2024-01-23,Amiens,Annecy,1,0,H,14.0,6.0,2.0,2.0
2324,F2,2024-01-23,Angers,Quevilly Rouen,3,2,H,12.0,9.0,3.0,5.0
2324,F2,2024-01-23,Bastia,Caen,1,2,A,9.0,11.0,3.0,5.0
2324,F2,2024-01-23,Bordeaux,Valenciennes,3,1,H,18.0,13.0,10.0,4.0
2324,F2,2024-01-23,Concarneau,Troyes,1,0,H,7.0,9.0,2.0,3.0
2324,F2,2024-01-23,Dunkerque,Ajaccio,2,0,H,7.0,8.0,4.0,1.0
2324,F2,2024-01-23,Grenoble,Auxerre,1,1,D,18.0,14.0,6.0,3.0
2324,F2,2024-01-23,Guingamp,Rodez,3,3,D,16.0,9.0,5.0,5.0
2324,F2,2024-01-23,Laval,Paris FC,1,1,D,11.0,13.0,3.0,3.0
2324,F2,2024-01-23,Pau FC,St Etienne,0,1,A,8.0,19.0,0.0,9.0
2324,E1,2024-01-24,Leeds,Norwich,1,0,H,12.0,5.0,4.0,1.0
2324,D2,2024-01-26,Hannover,Nurnberg,3,0,H,30.0,12.0,11.0,1.0
2324,D2,2024-01-26,Kaiserslautern,Schalke 04,4,1,H,15.0,11.0,6.0,5.0
2324,I2,2024-01-26,Catanzaro,Palermo,1,1,D,12.0,6.0,1.0,3.0
2324,SP2,2024-01-26,Eibar,Mirandes,1,0,H,20.0,11.0,7.0,3.0
2324,D2,2024-01-27,Fortuna Dusseldorf,St Pauli,1,2,A,11.0,14.0,4.0,8.0
2324,D2,2024-01-27,Hansa Rostock,Elversberg,2,1,H,11.0,21.0,4.0,2.0
2324,D2,2024-01-27,Osnabruck,Paderborn,0,0,D,17.0,8.0,2.0,2.0
2324,D2,2024-01-27,Wehen,Hertha,3,1,H,17.0,15.0,7.0,7.0
2324,E1,2024-01-27,Millwall,Preston,1,1,D,17.0,11.0,8.0,4.0
2324,E1,2024-01-27,Sunderland,Stoke,3,1,H,8.0,15.0,5.0,4.0
2324,F2,2024-01-27,Ajaccio,Concarneau,1,0,H,9.0,7.0,3.0,1.0
2324,F2,2024-01-27,Annecy,Pau FC,0,0,D,7.0,11.0,1.0,2.0
2324,F2,2024-01-27,Auxerre,Guingamp,1,1,D,8.0,7.0,3.0,2.0
2324,F2,2024-01-27,Caen,Troyes,0,0,D,19.0,6.0,6.0,0.0
2324,F2,2024-01-27,Paris FC,Dunkerque,1,2,A,19.0,12.0,4.0,2.0
2324,F2,2024-01-27,Quevilly Rouen,Grenoble,1,1,D,17.0,7.0,6.0,3.0
2324,F2,2024-01-27,Rodez,Laval,1,2,A,17.0,11.0,3.0,7.0
2324,F2,2024-01-27,St Etienne,Amiens,0,1,A,18.0,3.0,2.0,3.0
2324,F2,2024-01-27,Valenciennes,Bastia,3,1,H,11.0,10.0,6.0,4.0
2324,I2,2024-01-27,Bari,Reggiana,0,2,A,11.0,11.0,2.0,2.0
2324,I2,2024-01-27,Como,Ascoli,0,2,A,9.0,14.0,5.0,2.0
2324,I2,2024-01-27,Cremonese,Brescia,1,0,H,10.0,5.0,3.0,1.0
2324,I2,2024-01-27,FeralpiSalo,Lecco,5,1,H,11.0,12.0,7.0,7.0
2324,I2,2024-01-27,Modena,Parma,3,0,H,6.0,17.0,4.0,5.0
2324,I2,2024-01-27,Pisa,Spezia,2,3,A,27.0,6.0,12.0,3.0
2324,I2,2024-01-27,Sudtirol,Cosenza,0,1,A,12.0,16.0,3.0,5.0
2324,I2,2024-01-27,Venezia,Ternana,1,0,H,18.0,6.0,5.0,0.0
2324,SP2,2024-01-27,Alcorcon,Zaragoza,0,0,D,9.0,5.0,2.0,1.0
2324,SP2,2024-01-27,Cartagena,Amorebieta,1,0,H,10.0,9.0,4.0,3.0
2324,SP2,2024-01-27,Levante,Tenerife,0,0,D,8.0,8.0,3.0,0.0
2324,SP2,2024-01-27,Oviedo,Leganes,1,0,H,12.0,5.0,6.0,2.0
2324,D2,2024-01-28,Braunschweig,Magdeburg,1,0,H,14.0,8.0,7.0,4.0
2324,D2,2024-01-28,Greuther Furth,Holstein Kiel,2,1,H,22.0,11.0,6.0,2.0
2324,D2,2024-01-28,Hamburg,Karlsruhe,3,4,A,18.0,13.0,10.0,6.0
2324,E1,2024-01-28,QPR,Huddersfield,1,1,D,7.0,13.0,4.0,3.0
2324,I2,2024-01-28,Cittadella,Sampdoria,1,2,A,9.0,7.0,1.0,2.0
2324,SP2,2024-01-28,Andorra,Elche,0,1,A,10.0,14.0,5.0,6.0
2324,SP2,2024-01-28,Burgos,Albacete,2,1,H,20.0,9.0,5.0,4.0
2324,SP2,2024-01-28,Eldense,Espanol,3,2,H,14.0,5.0,5.0,1.0
2324,SP2,2024-01-28,Sp Gijon,Ferrol,1,2,A,13.0,12.0,3.0,4.0
2324,SP2,2024-01-28,Villarreal B,Huesca,1,1,D,16.0,6.0,5.0,2.0
2324,F2,2024-01-29,Bordeaux,Angers,1,0,H,11.0,22.0,2.0,8.0
2324,SP2,2024-01-29,Valladolid,Santander,3,1,H,12.0,8.0,7.0,4.0
2324,E1,2024-01-30,Coventry,Bristol City,2,2,D,11.0,13.0,4.0,5.0
2324,E1,2024-01-30,Leicester,Swansea,3,1,H,14.0,11.0,7.0,3.0
2324,E1,2024-01-31,Sheffield Weds,Watford,0,0,D,19.0,10.0,5.0,2.0
2324,D2,2024-02-02,Karlsruhe,Wehen,2,2,D,11.0,22.0,4.0,7.0
2324,D2,2024-02-02,Magdeburg,Holstein Kiel,1,1,D,21.0,8.0,9.0,3.0
2324,E1,2024-02-02,Bristol City,Leeds,0,1,A,7.0,14.0,1.0,6.0
2324,I2,2024-02-02,Palermo,Bari,3,0,H,18.0,11.0,9.0,2.0
2324,SP2,2024-02-02,Elche,Burgos,2,0,H,16.0,6.0,8.0,2.0
2324,D2,2024-02-03,Hertha,Hamburg,1,2,A,7.0,16.0,3.0,5.0
2324,D2,2024-02-03,Nurnberg,Osnabruck,2,2,D,15.0,20.0,8.0,7.0
2324,D2,2024-02-03,Schalke 04,Braunschweig,1,0,H,18.0,8.0,7.0,1.0
2324,D2,2024-02-03,St Pauli,Greuther Furth,3,2,H,19.0,7.0,13.0,3.0
2324,E1,2024-02-03,Blackburn,QPR,1,2,A,16.0,7.0,6.0,4.0
2324,E1,2024-02-03,Huddersfield,Sheffield Weds,4,0,H,12.0,12.0,6.0,3.0
2324,E1,2024-02-03,Hull,Millwall,1,0,H,9.0,5.0,2.0,1.0
2324,E1,2024-02-03,Norwich,Coventry,2,1,H,21.0,8.0,5.0,5.0
2324,E1,2024-02-03,Preston,Ipswich,3,2,H,10.0,25.0,3.0,9.0
2324,E1,2024-02-03,Rotherham,Southampton,0,2,A,8.0,10.0,2.0,7.0
2324,E1,2024-02-03,Stoke,Leicester,0,5,A,10.0,16.0,4.0,9.0
2324,E1,2024-02-03,Swansea,Plymouth,0,1,A,20.0,9.0,4.0,3.0
2324,E1,2024-02-03,Watford,Cardiff,0,1,A,17.0,10.0,6.0,2.0
2324,E1,2024-02-03,West Brom,Birmingham,1,0,H,10.0,13.0,2.0,5.0
2324,F2,2024-02-03,Amiens,Paris FC,1,1,D,12.0,22.0,2.0,7.0
2324,F2,2024-02-03,Angers,Rodez,2,1,H,16.0,10.0,3.0,4.0
2324,F2,2024-02-03,Concarneau,Valenciennes,1,0,H,9.0,6.0,5.0,1.0
2324,F2,2024-02-03,Dunkerque,St Etienne,1,0,H,7.0,12.0,4.0,2.0
2324,F2,2024-02-03,Grenoble,Caen,5,1,H,9.0,11.0,7.0,8.0
2324,F2,2024-02-03,Guingamp,Annecy,1,4,A,16.0,8.0,6.0,4.0
2324,F2,2024-02-03,Laval,Quevilly Rouen,2,4,A,7.0,13.0,3.0,10.0
2324,F2,2024-02-03,Pau FC,Auxerre,2,2,D,12.0,14.0,5.0,6.0
2324,F2,2024-02-03,Troyes,Bordeaux,2,1,H,12.0,17.0,3.0,6.0
2324,I2,2024-02-03,Brescia,Cittadella,2,0,H,15.0,16.0,9.0,3.0
2324,I2,2024-02-03,Cosenza,Pisa,1,1,D,8.0,11.0,2.0,2.0
2324,I2,2024-02-03,Lecco,Cremonese,0,1,A,8.0,7.0,1.0,3.0
2324,I2,2024-02-03,Parma,Venezia,2,1,H,15.0,14.0,6.0,5.0
2324,I2,2024-02-03,Reggiana,FeralpiSalo,1,1,D,27.0,5.0,4.0,2.0
2324,I2,2024-02-03,Sampdoria,Modena,2,2,D,10.0,17.0,5.0,3.0
2324,I2,2024-02-03,Spezia,Catanzaro,1,1,D,15.0,10.0,5.0,2.0
2324,I2,2024-02-03,Ternana,Como,0,1,A,7.0,28.0,1.0,7.0
2324,SP2,2024-02-03,Albacete,Cartagena,1,1,D,5.0,11.0,2.0,2.0
2324,SP2,2024-02-03,Huesca,Alcorcon,1,0,H,11.0,8.0,3.0,4.0
2324,SP2,2024-02-03,Leganes,Valladolid,0,0,D,9.0,10.0,1.0,0.0
2324,SP2,2024-02-03,Mirandes,Villarreal B,3,0,H,13.0,4.0,6.0,0.0
2324,SP2,2024-02-03,Tenerife,Andorra,0,0,D,12.0,9.0,1.0,3.0
2324,D2,2024-02-04,Elversberg,Kaiserslautern,2,1,H,8.0,13.0,4.0,3.0
2324,D2,2024-02-04,Hannover,Hansa Rostock,2,1,H,15.0,10.0,5.0,4.0
2324,D2,2024-02-04,Paderborn,Fortuna Dusseldorf,4,3,H,11.0,13.0,4.0,6.0
2324,E1,2024-02-04,Middlesbrough,Sunderland,1,1,D,15.0,13.0,2.0,5.0
2324,I2,2024-02-04,Ascoli,Sudtirol,1,2,A,11.0,7.0,3.0,2.0
2324,SP2,2024-02-04,Amorebieta,Santander,0,1,A,10.0,8.0,3.0,1.0
2324,SP2,2024-02-04,Espanol,Levante,2,1,H,9.0,16.0,3.0,5.0
2324,SP2,2024-02-04,Ferrol,Eibar,1,1,D,10.0,6.0,3.0,3.0
2324,SP2,2024-02-04,Oviedo,Eldense,1,1,D,27.0,7.0,9.0,2.0
2324,F2,2024-02-05,Bastia,Ajaccio,1,0,H,4.0,7.0,1.0,0.0
2324,SP2,2024-02-05,Zaragoza,Sp Gijon,3,0,H,13.0,8.0,5.0,2.0
2324,D2,2024-02-09,Hamburg,Hannover,3,4,A,17.0,13.0,3.0,4.0
2324,D2,2024-02-09,Wehen,Nurnberg,1,1,D,8.0,16.0,3.0,7.0
2324,E1,2024-02-09,Sheffield Weds,Birmingham,2,0,H,13.0,25.0,3.0,4.0
2324,I2,2024-02-09,Como,Brescia,1,0,H,14.0,9.0,3.0,1.0
2324,SP2,2024-02-09,Levante,Leganes,0,0,D,12.0,11.0,3.0,2.0
2324,D2,2024-02-10,Braunschweig,Karlsruhe,2,0,H,13.0,15.0,8.0,7.0
2324,D2,2024-02-10,Fortuna Dusseldorf,Elversberg,1,1,D,13.0,9.0,4.0,3.0
2324,D2,2024-02-10,Kaiserslautern,Paderborn,1,2,A,12.0,8.0,3.0,2.0
2324,D2,2024-02-10,Magdeburg,St Pauli,1,0,H,9.0,11.0,5.0,4.0
2324,E1,2024-02-10,Blackburn,Stoke,3,1,H,9.0,7.0,5.0,3.0
2324,E1,2024-02-10,Cardiff,Preston,0,2,A,14.0,3.0,5.0,3.0
2324,E1,2024-02-10,Hull,Swansea,0,1,A,9.0,13.0,3.0,5.0
2324,E1,2024-02-10,Ipswich,West Brom,2,2,D,21.0,5.0,7.0,2.0
2324,E1,2024-02-10,Leeds,Rotherham,3,0,H,19.0,7.0,6.0,2.0
2324,E1,2024-02-10,Middlesbrough,Bristol City,1,2,A,16.0,12.0,6.0,7.0
2324,E1,2024-02-10,QPR,Norwich,2,2,D,14.0,12.0,4.0,4.0
2324,E1,2024-02-10,Southampton,Huddersfield,5,3,H,15.0,17.0,7.0,6.0
2324,E1,2024-02-10,Sunderland,Plymouth,3,1,H,14.0,5.0,5.0,2.0
2324,E1,2024-02-10,Watford,Leicester,1,2,A,13.0,6.0,3.0,3.0
2324,F2,2024-02-10,Ajaccio,Guingamp,3,0,H,5.0,5.0,3.0,0.0
2324,F2,2024-02-10,Annecy,Concarneau,0,3,A,7.0,13.0,1.0,6.0
2324,F2,2024-02-10,Auxerre,Angers,1,0,H,8.0,7.0,2.0,2.0
2324,F2,2024-02-10,Bordeaux,Grenoble,1,0,H,14.0,17.0,6.0,6.0
2324,F2,2024-02-10,Caen,Amiens,2,0,H,13.0,8.0,2.0,0.0
2324,F2,2024-02-10,Paris FC,Pau FC,1,1,D,13.0,13.0,6.0,5.0
2324,F2,2024-02-10,Quevilly Rouen,Bastia,0,1,A,5.0,13.0,3.0,3.0
2324,F2,2024-02-10,Rodez,Dunkerque,0,0,D,8.0,9.0,1.0,2.0
2324,F2,2024-02-10,Valenciennes,Laval,1,1,D,6.0,7.0,3.0,2.0
2324,I2,2024-02-10,Bari,Lecco,3,1,H,10.0,12.0,3.0,3.0
2324,I2,2024-02-10,Catanzaro,Ascoli,3,2,H,11.0,10.0,2.0,3.0
2324,I2,2024-02-10,Cittadella,Parma,1,2,A,23.0,16.0,3.0,4.0
2324,I2,2024-02-10,Cremonese,Reggiana,1,1,D,23.0,12.0,7.0,2.0
2324,I2,2024-02-10,FeralpiSalo,Palermo,1,2,A,27.0,13.0,8.0,4.0
2324,I2,2024-02-10,Modena,Cosenza,1,1,D,10.0,9.0,5.0,3.0
2324,I2,2024-02-10,Pisa,Sampdoria,2,0,H,10.0,8.0,4.0,2.0
2324,I2,2024-02-10,Sudtirol,Venezia,0,3,A,12.0,14.0,2.0,4.0
2324,SP2,2024-02-10,Amorebieta,Elche,1,0,H,8.0,19.0,2.0,4.0
2324,SP2,2024-02-10,Eldense,Huesca,0,0,D,8.0,9.0,0.0,4.0
2324,SP2,2024-02-10,Santander,Espanol,2,0,H,10.0,10.0,5.0,1.0
2324,SP2,2024-02-10,Sp Gijon,Oviedo,1,0,H,12.0,13.0,5.0,3.0
2324,D2,2024-02-11,Greuther Furth,Hertha,1,2,A,16.0,13.0,7.0,7.0
2324,D2,2024-02-11,Holstein Kiel,Schalke 04,1,0,H,22.0,7.0,6.0,2.0
2324,D2,2024-02-11,Osnabruck,Hansa Rostock,0,0,D,25.0,8.0,7.0,1.0
2324,E1,2024-02-11,Coventry,Millwall,2,1,H,15.0,8.0,5.0,4.0
2324,I2,2024-02-11,Ternana,Spezia,1,1,D,13.0,12.0,5.0,4.0
2324,SP2,2024-02-11,Alcorcon,Andorra,1,0,H,7.0,13.0,1.0,3.0
2324,SP2,2024-02-11,Burgos,Ferrol,2,0,H,8.0,16.0,5.0,6.0
2324,SP2,2024-02-11,Cartagena,Mirandes,1,0,H,6.0,18.0,2.0,4.0
2324,SP2,2024-02-11,Eibar,Zaragoza,1,0,H,10.0,13.0,4.0,1.0
2324,SP2,2024-02-11,Villarreal B,Tenerife,1,0,H,10.0,4.0,3.0,0.0
2324,F2,2024-02-12,St Etienne,Troyes,5,0,H,18.0,9.0,11.0,1.0
2324,SP2,2024-02-12,Valladolid,Albacete,0,0,D,18.0,8.0,2.0,3.0
2324,E1,2024-02-13,Birmingham,Blackburn,1,0,H,18.0,8.0,3.0,3.0
2324,E1,2024-02-13,Bristol City,Southampton,3,1,H,14.0,16.0,4.0,4.0
2324,E1,2024-02-13,Leicester,Sheffield Weds,2,0,H,10.0,13.0,3.0,4.0
2324,E1,2024-02-13,Norwich,Watford,4,2,H,14.0,11.0,6.0,3.0
2324,E1,2024-02-13,Rotherham,Hull,1,2,A,11.0,20.0,6.0,8.0
2324,E1,2024-02-13,Swansea,Leeds,0,4,A,7.0,13.0,1.0,8.0
2324,E1,2024-02-13,West Brom,Cardiff,2,0,H,11.0,11.0,3.0,1.0
2324,E1,2024-02-14,Huddersfield,Sunderland,1,0,H,12.0,12.0,6.0,5.0
2324,E1,2024-02-14,Millwall,Ipswich,0,4,A,14.0,8.0,4.0,4.0
2324,E1,2024-02-14,Plymouth,Coventry,2,2,D,13.0,17.0,4.0,7.0
2324,E1,2024-02-14,Preston,Middlesbrough,2,1,H,7.0,20.0,3.0,4.0
2324,E1,2024-02-14,Stoke,QPR,1,0,H,14.0,10.0,5.0,1.0
2324,D2,2024-02-16,Hannover,Greuther Furth,2,1,H,9.0,14.0,3.0,5.0
2324,D2,2024-02-16,Hertha,Magdeburg,3,2,H,22.0,14.0,12.0,7.0
2324,E1,2024-02-16,West Brom,Southampton,0,2,A,9.0,13.0,2.0,4.0
2324,I2,2024-02-16,Ascoli,Cremonese,0,0,D,10.0,9.0,1.0,1.0
2324,SP2,2024-02-16,Zaragoza,Cartagena,1,2,A,20.0,6.0,6.0,4.0
2324,D2,2024-02-17,Hansa Rostock,Hamburg,2,2,D,10.0,13.0,7.0,4.0
2324,D2,2024-02-17,Karlsruhe,Fortuna Dusseldorf,2,2,D,10.0,9.0,2.0,3.0
2324,D2,2024-02-17,Paderborn,Holstein Kiel,0,4,A,10.0,12.0,3.0,6.0
2324,D2,2024-02-17,Schalke 04,Wehen,1,0,H,10.0,11.0,3.0,3.0
2324,E1,2024-02-17,Birmingham,Sunderland,2,1,H,16.0,10.0,5.0,4.0
2324,E1,2024-02-17,Bristol City,QPR,0,1,A,11.0,11.0,2.0,7.0
2324,E1,2024-02-17,Huddersfield,Hull,1,2,A,16.0,9.0,3.0,3.0
2324,E1,2024-02-17,Leicester,Middlesbrough,1,2,A,24.0,5.0,2.0,2.0
2324,E1,2024-02-17,Millwall,Sheffield Weds,0,2,A,9.0,5.0,3.0,2.0
2324,E1,2024-02-17,Norwich,Cardiff,4,1,H,23.0,9.0,8.0,3.0
2324,E1,2024-02-17,Plymouth,Leeds,0,2,A,7.0,9.0,1.0,2.0
2324,E1,2024-02-17,Preston,Blackburn,2,2,D,16.0,6.0,8.0,3.0
2324,E1,2024-02-17,Rotherham,Watford,0,1,A,19.0,8.0,1.0,1.0
2324,E1,2024-02-17,Stoke,Coventry,0,1,A,13.0,9.0,1.0,3.0
2324,E1,2024-02-17,Swansea,Ipswich,1,2,A,15.0,15.0,3.0,6.0
2324,F2,2024-02-17,Angers,St Etienne,0,3,A,6.0,13.0,0.0,5.0
2324,F2,2024-02-17,Annecy,Auxerre,0,2,A,11.0,6.0,3.0,2.0
2324,F2,2024-02-17,Bastia,Rodez,0,2,A,16.0,11.0,4.0,6.0
2324,F2,2024-02-17,Concarneau,Paris FC,2,2,D,9.0,9.0,4.0,5.0
2324,F2,2024-02-17,Dunkerque,Valenciennes,2,1,H,12.0,6.0,5.0,2.0
2324,F2,2024-02-17,Guingamp,Caen,1,0,H,7.0,7.0,1.0,3.0
2324,F2,2024-02-17,Laval,Ajaccio,1,1,D,6.0,13.0,3.0,2.0
2324,F2,2024-02-17,Pau FC,Quevilly Rouen,0,2,A,15.0,9.0,6.0,3.0
2324,F2,2024-02-17,Troyes,Grenoble,3,1,H,11.0,9.0,5.0,2.0
2324,I2,2024-02-17,Bari,FeralpiSalo,1,0,H,8.0,8.0,3.0,2.0
2324,I2,2024-02-17,Catanzaro,Sudtirol,2,2,D,16.0,6.0,6.0,3.0
2324,I2,2024-02-17,Lecco,Cosenza,1,3,A,25.0,15.0,6.0,6.0
2324,I2,2024-02-17,Palermo,Como,3,0,H,7.0,17.0,4.0,3.0
2324,I2,2024-02-17,Parma,Pisa,3,2,H,16.0,8.0,9.0,3.0
2324,I2,2024-02-17,Reggiana,Ternana,0,2,A,17.0,10.0,6.0,6.0
2324,I2,2024-02-17,Sampdoria,Brescia,1,1,D,13.0,8.0,3.0,4.0
2324,I2,2024-02-17,Spezia,Cittadella,4,2,H,15.0,7.0,8.0,3.0
2324,SP2,2024-02-17,Andorra,Villarreal B,1,1,D,10.0,5.0,4.0,2.0
2324,SP2,2024-02-17,Espanol,Mirandes,3,0,H,18.0,4.0,7.0,0.0
2324,SP2,2024-02-17,Oviedo,Burgos,5,0,H,20.0,15.0,11.0,4.0
2324,SP2,2024-02-17,Sp Gijon,Valladolid,1,1,D,11.0,12.0,4.0,5.0
2324,D2,2024-02-18,Elversberg,Osnabruck,3,1,H,11.0,11.0,5.0,4.0
2324,D2,2024-02-18,Nurnberg,Kaiserslautern,1,1,D,7.0,20.0,4.0,4.0
2324,D2,2024-02-18,St Pauli,Braunschweig,1,0,H,10.0,9.0,4.0,2.0
2324,I2,2024-02-18,Venezia,Modena,2,2,D,14.0,13.0,4.0,4.0
2324,SP2,2024-02-18,Albacete,Santander,2,0,H,15.0,8.0,6.0,1.0
2324,SP2,2024-02-18,Elche,Eibar,0,0,D,30.0,8.0,5.0,3.0
2324,SP2,2024-02-18,Ferrol,Levante,0,0,D,6.0,14.0,1.0,3.0
2324,SP2,2024-02-18,Huesca,Amorebieta,0,0,D,15.0,7.0,5.0,2.0
2324,SP2,2024-02-18,Leganes,Alcorcon,3,0,H,12.0,16.0,6.0,5.0
2324,F2,2024-02-19,Amiens,Bordeaux,1,1,D,14.0,9.0,7.0,6.0
2324,SP2,2024-02-19,Tenerife,Eldense,1,0,H,16.0,6.0,5.0,0.0
2324,E1,2024-02-20,Cardiff,Blackburn,0,0,D,11.0,4.0,5.0,1.0
2324,E1,2024-02-20,Ipswich,Rotherham,4,3,H,11.0,13.0,7.0,5.0
2324,E1,2024-02-20,Plymouth,West Brom,0,3,A,4.0,17.0,0.0,7.0
2324,E1,2024-02-20,Southampton,Hull,1,2,A,15.0,17.0,3.0,5.0
2324,D2,2024-02-23,Holstein Kiel,St Pauli,3,4,A,12.0,11.0,6.0,5.0
2324,D2,2024-02-23,Wehen,Paderborn,1,2,A,5.0,16.0,1.0,4.0
2324,E1,2024-02-23,Coventry,Preston,0,3,A,10.0,10.0,4.0,3.0
2324,E1,2024-02-23,Leeds,Leicester,3,1,H,15.0,16.0,4.0,5.0
2324,I2,2024-02-23,Cosenza,Sampdoria,1,2,A,19.0,7.0,6.0,3.0
2324,SP2,2024-02-23,Valladolid,Oviedo,3,0,H,13.0,11.0,4.0,3.0
2324,D2,2024-02-24,Braunschweig,Hertha,1,1,D,9.0,12.0,3.0,2.0
2324,D2,2024-02-24,Kaiserslautern,Karlsruhe,0,4,A,8.0,8.0,4.0,6.0
2324,D2,2024-02-24,Magdeburg,Schalke 04,3,0,H,17.0,15.0,4.0,4.0
2324,D2,2024-02-24,Osnabruck,Hannover,1,0,H,9.0,16.0,4.0,6.0
2324,E1,2024-02-24,Blackburn,Norwich,1,1,D,10.0,7.0,5.0,3.0
2324,E1,2024-02-24,Cardiff,Stoke,2,1,H,11.0,14.0,5.0,6.0
2324,E1,2024-02-24,Hull,West Brom,1,1,D,9.0,11.0,3.0,4.0
2324,E1,2024-02-24,Ipswich,Birmingham,3,1,H,26.0,11.0,9.0,4.0
2324,E1,2024-02-24,Middlesbrough,Plymouth,0,2,A,11.0,22.0,0.0,11.0
2324,E1,2024-02-24,QPR,Rotherham,2,1,H,18.0,14.0,9.0,4.0
2324,E1,2024-02-24,Sheffield Weds,Bristol City,2,1,H,15.0,12.0,7.0,2.0
2324,E1,2024-02-24,Southampton,Millwall,1,2,A,14.0,8.0,7.0,3.0
2324,E1,2024-02-24,Sunderland,Swansea,1,2,A,13.0,13.0,5.0,8.0
2324,E1,2024-02-24,Watford,Huddersfield,1,2,A,12.0,11.0,4.0,5.0
2324,F2,2024-02-24,Ajaccio,Amiens,0,0,D,10.0,7.0,1.0,1.0
2324,F2,2024-02-24,Auxerre,Bastia,1,1,D,15.0,10.0,4.0,5.0
2324,F2,2024-02-24,Bordeaux,Guingamp,1,0,H,10.0,13.0,5.0,2.0
2324,F2,2024-02-24,Concarneau,Laval,1,3,A,10.0,15.0,2.0,8.0
2324,F2,2024-02-24,Grenoble,Pau FC,0,1,A,14.0,10.0,3.0,4.0
2324,F2,2024-02-24,Quevilly Rouen,Paris FC,0,0,D,12.0,6.0,3.0,2.0
2324,F2,2024-02-24,St Etienne,Annecy,2,1,H,7.0,15.0,4.0,5.0
2324,F2,2024-02-24,Troyes,Dunkerque,1,2,A,11.0,4.0,3.0,2.0
2324,F2,2024-02-24,Valenciennes,Rodez,0,2,A,8.0,14.0,4.0,7.0
2324,I2,2024-02-24,Brescia,Reggiana,0,0,D,11.0,11.0,2.0,5.0
2324,I2,2024-02-24,Cittadella,Catanzaro,1,2,A,12.0,11.0,4.0,5.0
2324,I2,2024-02-24,Como,Parma,1,1,D,5.0,14.0,2.0,5.0
2324,I2,2024-02-24,Cremonese,Palermo,2,2,D,17.0,16.0,5.0,8.0
2324,I2,2024-02-24,FeralpiSalo,Ascoli,0,1,A,15.0,10.0,4.0,4.0
2324,I2,2024-02-24,Pisa,Venezia,1,2,A,15.0,12.0,2.0,4.0
2324,I2,2024-02-24,Sudtirol,Bari,1,0,H,7.0,4.0,1.0,1.0
2324,I2,2024-02-24,Ternana,Lecco,0,0,D,7.0,18.0,2.0,4.0
2324,SP2,2024-02-24,Eibar,Espanol,2,3,A,12.0,6.0,4.0,4.0
2324,SP2,2024-02-24,Santander,Leganes,2,1,H,10.0,9.0,3.0,5.0
2324,SP2,2024-02-24,Villarreal B,Zaragoza,0,0,D,13.0,6.0,4.0,1.0
2324,D2,2024-02-25,Fortuna Dusseldorf,Hansa Rostock,2,0,H,17.0,14.0,10.0,3.0
2324,D2,2024-02-25,Greuther Furth,Nurnberg,2,1,H,18.0,3.0,7.0,1.0
2324,D2,2024-02-25,Hamburg,Elversberg,1,0,H,16.0,12.0,7.0,4.0
2324,I2,2024-02-25,Modena,Spezia,0,0,D,31.0,3.0,7.0,0.0
2324,SP2,2024-02-25,Alcorcon,Tenerife,1,1,D,6.0,12.0,2.0,4.0
2324,SP2,2024-02-25,Amorebieta,Albacete,1,1,D,21.0,10.0,5.0,0.0
2324,SP2,2024-02-25,Burgos,Sp Gijon,1,0,H,11.0,7.0,2.0,4.0
2324,SP2,2024-02-25,Cartagena,Elche,0,1,A,5.0,25.0,3.0,6.0
2324,SP2,2024-02-25,Eldense,Ferrol,2,0,H,10.0,10.0,3.0,2.0
2324,F2,2024-02-26,Caen,Angers,2,0,H,12.0,14.0,5.0,2.0
2324,SP2,2024-02-26,Mirandes,Huesca,0,3,A,8.0,10.0,0.0,6.0
2324,I2,2024-02-27,Ascoli,Brescia,1,1,D,15.0,5.0,5.0,1.0
2324,I2,2024-02-27,Catanzaro,Bari,2,0,H,7.0,21.0,4.0,4.0
2324,I2,2024-02-27,Lecco,Como,0,3,A,6.0,18.0,1.0,6.0
2324,I2,2024-02-27,Palermo,Ternana,2,3,A,10.0,16.0,3.0,4.0
2324,I2,2024-02-27,Parma,Cosenza,1,1,D,12.0,8.0,2.0,3.0
2324,I2,2024-02-27,Reggiana,Sudtirol,1,1,D,9.0,9.0,1.0,4.0
2324,I2,2024-02-27,Sampdoria,Cremonese,1,2,A,8.0,22.0,2.0,7.0
2324,I2,2024-02-28,Pisa,Modena,2,2,D,5.0,9.0,4.0,4.0
2324,I2,2024-02-28,Spezia,FeralpiSalo,0,2,A,19.0,9.0,2.0,2.0
2324,I2,2024-02-28,Venezia,Cittadella,2,0,H,11.0,23.0,4.0,5.0
2324,D2,2024-03-01,Hertha,Holstein Kiel,2,2,D,11.0,15.0,7.0,3.0
2324,D2,2024-03-01,Schalke 04,St Pauli,3,1,H,14.0,7.0,6.0,4.0
2324,E1,2024-03-01,West Brom,Coventry,2,1,H,7.0,17.0,2.0,3.0
2324,SP2,2024-03-01,Sp Gijon,Albacete,2,1,H,20.0,6.0,6.0,3.0
2324,D2,2024-03-02,Hannover,Fortuna Dusseldorf,2,2,D,21.0,7.0,8.0,3.0
2324,D2,2024-03-02,Hansa Rostock,Kaiserslautern,0,3,A,7.0,20.0,2.0,10.0
2324,D2,2024-03-02,Karlsruhe,Greuther Furth,4,0,H,19.0,11.0,8.0,5.0
2324,D2,2024-03-02,Nurnberg,Braunschweig,2,1,H,15.0,10.0,5.0,2.0
2324,E1,2024-03-02,Birmingham,Southampton,3,4,A,13.0,25.0,4.0,10.0
2324,E1,2024-03-02,Bristol City,Cardiff,0,1,A,17.0,9.0,3.0,4.0
2324,E1,2024-03-02,Huddersfield,Leeds,1,1,D,12.0,15.0,5.0,2.0
2324,E1,2024-03-02,Leicester,QPR,1,2,A,18.0,3.0,5.0,2.0
2324,E1,2024-03-02,Millwall,Watford,1,0,H,6.0,12.0,2.0,3.0
2324,E1,2024-03-02,Norwich,Sunderland,1,0,H,16.0,12.0,4.0,4.0
2324,E1,2024-03-02,Plymouth,Ipswich,0,2,A,9.0,14.0,2.0,6.0
2324,E1,2024-03-02,Preston,Hull,0,0,D,16.0,15.0,4.0,4.0
2324,E1,2024-03-02,Rotherham,Sheffield Weds,0,1,A,7.0,17.0,1.0,4.0
2324,E1,2024-03-02,Stoke,Middlesbrough,2,0,H,11.0,10.0,5.0,3.0
2324,E1,2024-03-02,Swansea,Blackburn,2,1,H,7.0,10.0,4.0,5.0
2324,F2,2024-03-02,Annecy,Quevilly Rouen,0,0,D,7.0,7.0,4.0,3.0
2324,F2,2024-03-02,Auxerre,Valenciennes,0,0,D,17.0,5.0,3.0,2.0
2324,F2,2024-03-02,Bastia,Grenoble,1,0,H,14.0,7.0,4.0,2.0
2324,F2,2024-03-02,Dunkerque,Concarneau,2,2,D,8.0,14.0,4.0,7.0
2324,F2,2024-03-02,Guingamp,Troyes,0,0,D,15.0,5.0,4.0,1.0
2324,F2,2024-03-02,Laval,Amiens,1,1,D,15.0,8.0,4.0,4.0
2324,F2,2024-03-02,Paris FC,St Etienne,0,0,D,7.0,11.0,3.0,3.0
2324,F2,2024-03-02,Pau FC,Caen,2,3,A,19.0,7.0,8.0,3.0
2324,F2,2024-03-02,Rodez,Bordeaux,2,2,D,13.0,8.0,3.0,3.0
2324,I2,2024-03-02,Brescia,Palermo,4,2,H,16.0,15.0,7.0,7.0
2324,I2,2024-03-02,Sudtirol,Lecco,1,0,H,14.0,7.0,2.0,0.0
2324,I2,2024-03-02,Ternana,Parma,1,3,A,15.0,15.0,5.0,7.0
2324,SP2,2024-03-02,Burgos,Cartagena,3,0,H,18.0,8.0,7.0,1.0
2324,SP2,2024-03-02,Eldense,Villarreal B,2,0,H,18.0,9.0,7.0,1.0
2324,SP2,2024-03-02,Espanol,Huesca,0,0,D,12.0,2.0,3.0,1.0
2324,SP2,2024-03-02,Ferrol,Santander,2,2,D,13.0,8.0,7.0,3.0
2324,SP2,2024-03-02,Oviedo,Levante,3,2,H,18.0,12.0,6.0,3.0
2324,D2,2024-03-03,Elversberg,Wehen,0,3,A,10.0,14.0,3.0,5.0
2324,D2,2024-03-03,Hamburg,Osnabruck,1,2,A,13.0,3.0,3.0,2.0
2324,D2,2024-03-03,Paderborn,Magdeburg,0,0,D,16.0,4.0,5.0,1.0
2324,I2,2024-03-03,Ascoli,Reggiana,0,0,D,8.0,11.0,3.0,3.0
2324,I2,2024-03-03,Bari,Spezia,1,1,D,11.0,10.0,3.0,4.0
2324,I2,2024-03-03,Cittadella,Pisa,0,1,A,6.0,12.0,0.0,3.0
2324,I2,2024-03-03,Como,Venezia,2,1,H,8.0,10.0,4.0,3.0
2324,I2,2024-03-03,Cosenza,Catanzaro,0,2,A,13.0,6.0,2.0,4.0
2324,I2,2024-03-03,FeralpiSalo,Sampdoria,1,3,A,11.0,8.0,4.0,4.0
2324,I2,2024-03-03,Modena,Cremonese,0,1,A,15.0,16.0,5.0,4.0
2324,SP2,2024-03-03,Andorra,Valladolid,2,1,H,15.0,10.0,6.0,2.0
2324,SP2,2024-03-03,Leganes,Eibar,0,2,A,26.0,9.0,2.0,3.0
2324,SP2,2024-03-03,Tenerife,Mirandes,2,1,H,17.0,8.0,5.0,3.0
2324,SP2,2024-03-03,Zaragoza,Amorebieta,0,1,A,8.0,7.0,4.0,3.0
2324,F2,2024-03-04,Angers,Ajaccio,3,1,H,12.0,13.0,6.0,8.0
2324,SP2,2024-03-04,Elche,Alcorcon,3,0,H,17.0,7.0,6.0,1.0
2324,E1,2024-03-05,Blackburn,Millwall,1,1,D,11.0,3.0,3.0,1.0
2324,E1,2024-03-05,Coventry,Rotherham,5,0,H,16.0,7.0,6.0,1.0
2324,E1,2024-03-05,Hull,Birmingham,1,1,D,22.0,8.0,5.0,3.0
2324,E1,2024-03-05,Ipswich,Bristol City,3,2,H,14.0,11.0,8.0,4.0
2324,E1,2024-03-05,Leeds,Stoke,1,0,H,15.0,13.0,7.0,6.0
2324,E1,2024-03-05,Sheffield Weds,Plymouth,1,0,H,18.0,13.0,3.0,3.0
2324,E1,2024-03-05,Sunderland,Leicester,0,1,A,17.0,10.0,6.0,6.0
2324,E1,2024-03-06,Cardiff,Huddersfield,1,0,H,8.0,11.0,4.0,2.0
2324,E1,2024-03-06,Middlesbrough,Norwich,3,1,H,15.0,6.0,7.0,3.0
2324,E1,2024-03-06,QPR,West Brom,2,2,D,20.0,4.0,6.0,2.0
2324,E1,2024-03-06,Watford,Swansea,1,1,D,19.0,11.0,3.0,2.0
2324,D2,2024-03-08,Braunschweig,Hansa Rostock,0,1,A,12.0,15.0,3.0,2.0
2324,D2,2024-03-08,Fortuna Dusseldorf,Hamburg,2,0,H,8.0,11.0,4.0,0.0
2324,E1,2024-03-08,Sheffield Weds,Leeds,0,2,A,9.0,13.0,3.0,7.0
2324,I2,2024-03-08,Parma,Brescia,2,1,H,14.0,15.0,5.0,6.0
2324,SP2,2024-03-08,Huesca,Andorra,2,0,H,18.0,8.0,9.0,1.0
2324,D2,2024-03-09,Holstein Kiel,Karlsruhe,1,0,H,18.0,14.0,9.0,4.0
2324,D2,2024-03-09,Magdeburg,Nurnberg,0,1,A,13.0,6.0,4.0,1.0
2324,D2,2024-03-09,Schalke 04,Paderborn,3,3,D,17.0,15.0,5.0,6.0
2324,D2,2024-03-09,Wehen,Hannover,1,1,D,10.0,14.0,4.0,2.0
2324,E1,2024-03-09,Blackburn,Plymouth,1,1,D,8.0,20.0,4.0,7.0
2324,E1,2024-03-09,Cardiff,Ipswich,2,1,H,15.0,8.0,6.0,4.0
2324,E1,2024-03-09,Hull,Leicester,2,2,D,8.0,15.0,5.0,2.0
2324,E1,2024-03-09,Millwall,Birmingham,1,0,H,12.0,16.0,5.0,1.0
2324,E1,2024-03-09,Norwich,Rotherham,5,0,H,18.0,2.0,8.0,0.0
2324,E1,2024-03-09,Preston,Stoke,1,2,A,4.0,13.0,2.0,4.0
2324,E1,2024-03-09,QPR,Middlesbrough,0,2,A,10.0,7.0,2.0,4.0
2324,E1,2024-03-09,Southampton,Sunderland,4,2,H,21.0,13.0,10.0,5.0
2324,E1,2024-03-09,Watford,Coventry,1,2,A,19.0,8.0,5.0,3.0
2324,F2,2024-03-09,Ajaccio,Annecy,1,3,A,11.0,21.0,7.0,6.0
2324,F2,2024-03-09,Amiens,Rodez,1,1,D,16.0,9.0,3.0,2.0
2324,F2,2024-03-09,Bordeaux,Quevilly Rouen,0,0,D,14.0,6.0,4.0,1.0
2324,F2,2024-03-09,Caen,Paris FC,0,1,A,9.0,16.0,1.0,2.0
2324,F2,2024-03-09,Concarneau,Guingamp,2,3,A,8.0,17.0,6.0,7.0
2324,F2,2024-03-09,Dunkerque,Pau FC,1,0,H,12.0,5.0,6.0,2.0
2324,F2,2024-03-09,St Etienne,Auxerre,1,0,H,14.0,11.0,6.0,3.0
2324,F2,2024-03-09,Troyes,Bastia,2,0,H,10.0,12.0,5.0,3.0
2324,F2,2024-03-09,Valenciennes,Angers,0,0,D,5.0,13.0,2.0,5.0
2324,I2,2024-03-09,Catanzaro,Reggiana,0,1,A,16.0,5.0,5.0,2.0
2324,I2,2024-03-09,Cosenza,Cittadella,0,0,D,14.0,9.0,4.0,3.0
2324,I2,2024-03-09,Cremonese,Como,2,1,H,14.0,3.0,3.0,1.0
2324,I2,2024-03-09,Modena,FeralpiSalo,2,3,A,21.0,14.0,6.0,5.0
2324,I2,2024-03-09,Pisa,Ternana,1,0,H,16.0,15.0,3.0,6.0
2324,I2,2024-03-09,Spezia,Sudtirol,2,1,H,12.0,9.0,4.0,2.0
2324,SP2,2024-03-09,Albacete,Oviedo,1,2,A,11.0,18.0,3.0,8.0
2324,SP2,2024-03-09,Cartagena,Ferrol,2,1,H,12.0,11.0,5.0,4.0
2324,SP2,2024-03-09,Mirandes,Eldense,3,1,H,8.0,11.0,4.0,3.0
2324,SP2,2024-03-09,Valladolid,Zaragoza,2,0,H,12.0,5.0,3.0,3.0
2324,D2,2024-03-10,Greuther Furth,Elversberg,1,4,A,7.0,19.0,3.0,12.0
2324,D2,2024-03-10,Kaiserslautern,Osnabruck,3,2,H,13.0,6.0,9.0,4.0
2324,D2,2024-03-10,St Pauli,Hertha,2,0,H,15.0,4.0,3.0,0.0
2324,E1,2024-03-10,Bristol City,Swansea,1,0,H,5.0,8.0,2.0,0.0
2324,E1,2024-03-10,Huddersfield,West Brom,1,4,A,14.0,12.0,6.0,8.0
2324,I2,2024-03-10,Lecco,Palermo,0,1,A,17.0,7.0,3.0,4.0
2324,I2,2024-03-10,Venezia,Bari,3,1,H,15.0,16.0,5.0,2.0
2324,SP2,2024-03-10,Alcorcon,Espanol,1,1,D,15.0,13.0,5.0,2.0
2324,SP2,2024-03-10,Eibar,Burgos,0,1,A,12.0,9.0,3.0,2.0
2324,SP2,2024-03-10,Levante,Sp Gijon,1,0,H,19.0,10.0,3.0,2.0
2324,SP2,2024-03-10,Santander,Tenerife,4,2,H,19.0,6.0,8.0,3.0
2324,SP2,2024-03-10,Villarreal B,Elche,0,1,A,14.0,13.0,6.0,3.0
2324,F2,2024-03-11,Grenoble,Laval,0,2,A,4.0,15.0,1.0,6.0
2324,I2,2024-03-11,Sampdoria,Ascoli,2,1,H,16.0,12.0,6.0,2.0
2324,SP2,2024-03-11,Amorebieta,Leganes,0,1,A,13.0,4.0,1.0,2.0
2324,E1,2024-03-12,Birmingham,Middlesbrough,0,1,A,9.0,12.0,0.0,3.0
2324,SP2,2024-03-13,Levante,Andorra,0,0,D,6.0,11.0,2.0,3.0
2324,D2,2024-03-15,Osnabruck,Fortuna Dusseldorf,0,4,A,11.0,16.0,0.0,9.0
2324,D2,2024-03-15,Paderborn,Braunschweig,1,2,A,21.0,11.0,6.0,3.0
2324,I2,2024-03-15,Palermo,Venezia,0,3,A,14.0,17.0,3.0,8.0
2324,SP2,2024-03-15,Eldense,Cartagena,0,0,D,16.0,8.0,4.0,2.0
2324,D2,2024-03-16,Elversberg,Holstein Kiel,0,2,A,11.0,14.0,3.0,5.0
2324,D2,2024-03-16,Hannover,Kaiserslautern,1,1,D,9.0,7.0,2.0,6.0
2324,D2,2024-03-16,Hansa Rostock,Greuther Furth,1,0,H,13.0,16.0,4.0,4.0
2324,D2,2024-03-16,Nurnberg,St Pauli,0,2,A,2.0,16.0,1.0,4.0
2324,E1,2024-03-16,Birmingham,Watford,0,1,A,27.0,14.0,5.0,4.0
2324,E1,2024-03-16,Ipswich,Sheffield Weds,6,0,H,20.0,9.0,10.0,1.0
2324,E1,2024-03-16,Middlesbrough,Blackburn,0,0,D,16.0,12.0,3.0,3.0
2324,E1,2024-03-16,Plymouth,Preston,0,1,A,9.0,9.0,0.0,4.0
2324,E1,2024-03-16,Rotherham,Huddersfield,0,0,D,7.0,18.0,1.0,5.0
2324,E1,2024-03-16,Stoke,Norwich,0,3,A,10.0,16.0,1.0,7.0
2324,E1,2024-03-16,Sunderland,QPR,0,0,D,8.0,11.0,0.0,5.0
2324,E1,2024-03-16,Swansea,Cardiff,2,0,H,20.0,11.0,5.0,2.0
2324,E1,2024-03-16,West Brom,Bristol City,2,0,H,12.0,10.0,4.0,5.0
2324,F2,2024-03-16,Angers,Amiens,1,3,A,11.0,14.0,3.0,6.0
2324,F2,2024-03-16,Annecy,Bordeaux,3,1,H,11.0,11.0,5.0,3.0
2324,F2,2024-03-16,Auxerre,Caen,2,1,H,23.0,10.0,6.0,3.0
2324,F2,2024-03-16,Bastia,St Etienne,0,4,A,10.0,14.0,3.0,9.0
2324,F2,2024-03-16,Guingamp,Valenciennes,3,0,H,14.0,5.0,8.0,0.0
2324,F2,2024-03-16,Laval,Dunkerque,1,2,A,13.0,11.0,6.0,4.0
2324,F2,2024-03-16,Paris FC,Ajaccio,2,0,H,10.0,12.0,4.0,5.0
2324,F2,2024-03-16,Pau FC,Concarneau,2,0,H,15.0,10.0,4.0,0.0
2324,F2,2024-03-16,Quevilly Rouen,Troyes,1,1,D,9.0,5.0,3.0,1.0
2324,F2,2024-03-16,Rodez,Grenoble,3,1,H,13.0,9.0,5.0,4.0
2324,I2,2024-03-16,Bari,Sampdoria,0,1,A,14.0,11.0,3.0,4.0
2324,I2,2024-03-16,Brescia,Catanzaro,1,1,D,18.0,13.0,3.0,6.0
2324,I2,2024-03-16,Cittadella,Modena,1,1,D,9.0,14.0,3.0,4.0
2324,I2,2024-03-16,Como,Pisa,3,1,H,10.0,9.0,6.0,2.0
2324,I2,2024-03-16,FeralpiSalo,Parma,1,2,A,11.0,17.0,2.0,5.0
2324,I2,2024-03-16,Reggiana,Spezia,0,0,D,11.0,15.0,0.0,5.0
2324,I2,2024-03-16,Sudtirol,Cremonese,3,0,H,7.0,18.0,4.0,2.0
2324,I2,2024-03-16,Ternana,Cosenza,1,0,H,17.0,13.0,3.0,7.0
2324,SP2,2024-03-16,Burgos,Levante,1,1,D,18.0,11.0,11.0,2.0
2324,SP2,2024-03-16,Eibar,Villarreal B,2,0,H,13.0,11.0,9.0,3.0
2324,SP2,2024-03-16,Oviedo,Santander,1,1,D,14.0,16.0,6.0,5.0
2324,SP2,2024-03-16,Sp Gijon,Alcorcon,1,0,H,11.0,11.0,3.0,2.0
2324,SP2,2024-03-16,Tenerife,Huesca,0,0,D,20.0,6.0,2.0,2.0
2324,D2,2024-03-17,Hamburg,Wehen,3,0,H,17.0,10.0,8.0,4.0
2324,D2,2024-03-17,Hertha,Schalke 04,5,2,H,17.0,12.0,10.0,7.0
2324,D2,2024-03-17,Karlsruhe,Magdeburg,7,0,H,24.0,8.0,11.0,2.0
2324,E1,2024-03-17,Leeds,Millwall,2,0,H,17.0,12.0,5.0,3.0
2324,I2,2024-03-17,Ascoli,Lecco,4,1,H,10.0,15.0,7.0,6.0
2324,SP2,2024-03-17,Elche,Albacete,3,2,H,22.0,7.0,7.0,2.0
2324,SP2,2024-03-17,Ferrol,Valladolid,2,0,H,17.0,7.0,6.0,1.0
2324,SP2,2024-03-17,Leganes,Mirandes,4,0,H,12.0,9.0,7.0,3.0
2324,SP2,2024-03-17,Zaragoza,Espanol,0,1,A,14.0,6.0,2.0,1.0
2324,SP2,2024-03-18,Andorra,Amorebieta,0,1,A,21.0,6.0,5.0,3.0
2324,SP2,2024-03-23,Alcorcon,Oviedo,1,0,H,11.0,11.0,6.0,2.0
2324,SP2,2024-03-23,Cartagena,Andorra,1,0,H,6.0,20.0,3.0,2.0
2324,SP2,2024-03-23,Espanol,Tenerife,1,1,D,22.0,9.0,8.0,2.0
2324,SP2,2024-03-23,Villarreal B,Leganes,1,2,A,7.0,19.0,3.0,9.0
2324,SP2,2024-03-24,Amorebieta,Sp Gijon,3,1,H,12.0,11.0,3.0,4.0
2324,SP2,2024-03-24,Huesca,Burgos,3,0,H,16.0,12.0,7.0,0.0
2324,SP2,2024-03-24,Levante,Elche,3,2,H,9.0,19.0,3.0,7.0
2324,SP2,2024-03-24,Mirandes,Zaragoza,0,0,D,12.0,10.0,3.0,3.0
2324,SP2,2024-03-24,Santander,Eldense,2,1,H,16.0,17.0,10.0,6.0
2324,SP2,2024-03-24,Valladolid,Eibar,3,1,H,19.0,4.0,5.0,2.0
2324,SP2,2024-03-25,Albacete,Ferrol,1,1,D,9.0,16.0,4.0,5.0
2324,E1,2024-03-29,Blackburn,Ipswich,0,1,A,8.0,11.0,3.0,3.0
2324,E1,2024-03-29,Bristol City,Leicester,1,0,H,16.0,11.0,6.0,3.0
2324,E1,2024-03-29,Cardiff,Sunderland,0,2,A,8.0,18.0,3.0,8.0
2324,E1,2024-03-29,Huddersfield,Coventry,1,3,A,15.0,12.0,4.0,7.0
2324,E1,2024-03-29,Hull,Stoke,0,2,A,11.0,17.0,0.0,4.0
2324,E1,2024-03-29,Millwall,West Brom,1,1,D,9.0,6.0,2.0,2.0
2324,E1,2024-03-29,Norwich,Plymouth,2,1,H,23.0,9.0,4.0,4.0
2324,E1,2024-03-29,Preston,Rotherham,3,0,H,18.0,7.0,5.0,3.0
2324,E1,2024-03-29,QPR,Birmingham,2,1,H,18.0,13.0,6.0,3.0
2324,E1,2024-03-29,Sheffield Weds,Swansea,1,1,D,14.0,8.0,4.0,4.0
2324,E1,2024-03-29,Southampton,Middlesbrough,1,1,D,13.0,8.0,5.0,3.0
2324,E1,2024-03-29,Watford,Leeds,2,2,D,9.0,12.0,5.0,8.0
2324,SP2,2024-03-29,Burgos,Espanol,0,0,D,14.0,10.0,5.0,2.0
2324,D2,2024-03-30,Braunschweig,Elversberg,5,0,H,21.0,14.0,11.0,2.0
2324,D2,2024-03-30,Hertha,Nurnberg,3,3,D,18.0,17.0,7.0,8.0
2324,D2,2024-03-30,Holstein Kiel,Hansa Rostock,2,0,H,11.0,13.0,4.0,2.0
2324,D2,2024-03-30,Kaiserslautern,Fortuna Dusseldorf,1,3,A,13.0,12.0,2.0,4.0
2324,F2,2024-03-30,Amiens,Pau FC,2,3,A,10.0,14.0,4.0,6.0
2324,F2,2024-03-30,Bordeaux,Paris FC,3,3,D,16.0,12.0,7.0,7.0
2324,F2,2024-03-30,Concarneau,Angers,2,4,A,10.0,17.0,5.0,9.0
2324,F2,2024-03-30,Dunkerque,Annecy,0,2,A,7.0,16.0,1.0,6.0
2324,F2,2024-03-30,Grenoble,Guingamp,0,0,D,10.0,10.0,3.0,0.0
2324,F2,2024-03-30,Laval,Bastia,1,2,A,18.0,6.0,10.0,3.0
2324,F2,2024-03-30,Quevilly Rouen,Caen,1,2,A,15.0,6.0,6.0,4.0
2324,F2,2024-03-30,Troyes,Rodez,2,3,A,16.0,17.0,5.0,7.0
2324,F2,2024-03-30,Valenciennes,St Etienne,0,2,A,12.0,8.0,5.0,3.0
2324,SP2,2024-03-30,Albacete,Huesca,1,1,D,20.0,6.0,6.0,3.0
2324,SP2,2024-03-30,Andorra,Mirandes,1,0,H,9.0,8.0,2.0,5.0
2324,SP2,2024-03-30,Eibar,Eldense,5,1,H,17.0,11.0,7.0,5.0
2324,SP2,2024-03-30,Leganes,Cartagena,0,0,D,6.0,6.0,4.0,1.0
2324,SP2,2024-03-30,Sp Gijon,Santander,2,3,A,14.0,9.0,5.0,3.0
2324,SP2,2024-03-30,Valladolid,Levante,0,0,D,11.0,9.0,3.0,2.0
2324,D2,2024-03-31,Greuther Furth,Hamburg,1,1,D,4.0,16.0,1.0,6.0
2324,D2,2024-03-31,Magdeburg,Hannover,0,3,A,14.0,21.0,3.0,8.0
2324,D2,2024-03-31,Schalke 04,Karlsruhe,0,0,D,14.0,11.0,5.0,5.0
2324,D2,2024-03-31,St Pauli,Paderborn,2,1,H,12.0,10.0,6.0,5.0
2324,D2,2024-03-31,Wehen,Osnabruck,0,1,A,28.0,4.0,4.0,2.0
2324,SP2,2024-03-31,Alcorcon,Amorebieta,1,1,D,11.0,8.0,4.0,5.0
2324,SP2,2024-03-31,Ferrol,Elche,1,0,H,11.0,7.0,4.0,3.0
2324,SP2,2024-03-31,Oviedo,Villarreal B,2,1,H,11.0,13.0,4.0,6.0
2324,SP2,2024-03-31,Zaragoza,Tenerife,3,1,H,11.0,9.0,6.0,4.0
2324,E1,2024-04-01,Birmingham,Preston,1,0,H,11.0,4.0,4.0,1.0
2324,E1,2024-04-01,Coventry,Cardiff,1,2,A,14.0,10.0,2.0,4.0
2324,E1,2024-04-01,Ipswich,Southampton,3,2,H,13.0,17.0,6.0,8.0
2324,E1,2024-04-01,Leeds,Hull,3,1,H,14.0,11.0,6.0,2.0
2324,E1,2024-04-01,Leicester,Norwich,3,1,H,18.0,6.0,6.0,2.0
2324,E1,2024-04-01,Middlesbrough,Sheffield Weds,2,0,H,23.0,6.0,5.0,2.0
2324,E1,2024-04-01,Plymouth,Bristol City,0,1,A,12.0,14.0,2.0,6.0
2324,E1,2024-04-01,Rotherham,Millwall,2,1,H,5.0,21.0,4.0,7.0
2324,E1,2024-04-01,Stoke,Huddersfield,1,1,D,15.0,12.0,6.0,3.0
2324,E1,2024-04-01,Sunderland,Blackburn,1,5,A,13.0,13.0,7.0,7.0
2324,E1,2024-04-01,Swansea,QPR,0,1,A,15.0,10.0,4.0,4.0
2324,E1,2024-04-01,West Brom,Watford,2,2,D,10.0,12.0,4.0,7.0
2324,F2,2024-04-01,Ajaccio,Auxerre,0,1,A,14.0,8.0,7.0,2.0
2324,I2,2024-04-01,Como,Sudtirol,2,0,H,13.0,6.0,3.0,3.0
2324,I2,2024-04-01,Cosenza,Brescia,1,2,A,9.0,14.0,3.0,5.0
2324,I2,2024-04-01,Cremonese,FeralpiSalo,0,1,A,28.0,10.0,5.0,3.0
2324,I2,2024-04-01,Lecco,Cittadella,1,1,D,13.0,10.0,4.0,4.0
2324,I2,2024-04-01,Modena,Bari,1,1,D,8.0,8.0,2.0,4.0
2324,I2,2024-04-01,Parma,Catanzaro,0,2,A,27.0,7.0,5.0,3.0
2324,I2,2024-04-01,Pisa,Palermo,4,3,H,22.0,6.0,9.0,5.0
2324,I2,2024-04-01,Sampdoria,Ternana,4,1,H,19.0,11.0,8.0,3.0
2324,I2,2024-04-01,Spezia,Ascoli,2,1,H,10.0,7.0,6.0,3.0
2324,I2,2024-04-01,Venezia,Reggiana,2,3,A,18.0,16.0,6.0,5.0
2324,D2,2024-04-05,Hansa Rostock,Wehen,3,1,H,16.0,10.0,4.0,6.0
2324,D2,2024-04-05,Paderborn,Hertha,2,3,A,19.0,10.0,8.0,4.0
2324,E1,2024-04-05,Rotherham,Plymouth,0,1,A,11.0,21.0,2.0,11.0
2324,I2,2024-04-05,Bari,Cremonese,1,2,A,12.0,15.0,6.0,5.0
2324,SP2,2024-04-05,Amorebieta,Ferrol,3,1,H,6.0,14.0,4.0,3.0
2324,SP2,2024-04-05,Elche,Oviedo,0,2,A,21.0,8.0,6.0,4.0
2324,D2,2024-04-06,Elversberg,Magdeburg,0,0,D,9.0,11.0,3.0,4.0
2324,D2,2024-04-06,Hamburg,Kaiserslautern,2,1,H,15.0,20.0,6.0,4.0
2324,D2,2024-04-06,Karlsruhe,St Pauli,2,1,H,11.0,11.0,5.0,3.0
2324,D2,2024-04-06,Nurnberg,Holstein Kiel,0,4,A,6.0,19.0,1.0,7.0
2324,E1,2024-04-06,Blackburn,Southampton,0,0,D,11.0,7.0,3.0,2.0
2324,E1,2024-04-06,Cardiff,Hull,1,3,A,13.0,11.0,4.0,6.0
2324,E1,2024-04-06,Coventry,Leeds,2,1,H,11.0,19.0,5.0,8.0
2324,E1,2024-04-06,Huddersfield,Millwall,1,0,H,17.0,6.0,7.0,1.0
2324,E1,2024-04-06,Leicester,Birmingham,2,1,H,17.0,11.0,9.0,5.0
2324,E1,2024-04-06,Middlesbrough,Swansea,2,0,H,12.0,7.0,4.0,1.0
2324,E1,2024-04-06,Norwich,Ipswich,1,0,H,12.0,10.0,3.0,3.0
2324,E1,2024-04-06,QPR,Sheffield Weds,0,2,A,16.0,7.0,1.0,4.0
2324,E1,2024-04-06,Stoke,West Brom,2,2,D,18.0,9.0,7.0,2.0
2324,E1,2024-04-06,Sunderland,Bristol City,0,0,D,20.0,8.0,7.0,2.0
2324,E1,2024-04-06,Watford,Preston,0,0,D,11.0,9.0,2.0,1.0
2324,F2,2024-04-06,Angers,Laval,1,1,D,8.0,10.0,3.0,3.0
2324,F2,2024-04-06,Annecy,Valenciennes,2,1,H,16.0,6.0,12.0,1.0
2324,F2,2024-04-06,Bastia,Dunkerque,1,1,D,6.0,10.0,4.0,3.0
2324,F2,2024-04-06,Caen,Bordeaux,0,1,A,16.0,11.0,3.0,3.0
2324,F2,2024-04-06,Guingamp,Amiens,0,0,D,23.0,10.0,6.0,5.0
2324,F2,2024-04-06,Paris FC,Grenoble,2,1,H,18.0,7.0,3.0,1.0
2324,F2,2024-04-06,Pau FC,Ajaccio,1,1,D,16.0,3.0,6.0,1.0
2324,F2,2024-04-06,Rodez,Quevilly Rouen,3,3,D,12.0,13.0,7.0,10.0
2324,F2,2024-04-06,St Etienne,Concarneau,1,0,H,9.0,10.0,4.0,6.0
2324,I2,2024-04-06,Brescia,Pisa,3,1,H,10.0,9.0,3.0,3.0
2324,I2,2024-04-06,Catanzaro,Como,1,2,A,8.0,12.0,2.0,4.0
2324,I2,2024-04-06,FeralpiSalo,Cosenza,2,2,D,15.0,11.0,6.0,2.0
2324,I2,2024-04-06,Palermo,Sampdoria,2,2,D,10.0,15.0,6.0,4.0
2324,I2,2024-04-06,Reggiana,Cittadella,0,2,A,26.0,9.0,2.0,6.0
2324,I2,2024-04-06,Spezia,Lecco,1,1,D,18.0,13.0,7.0,4.0
2324,I2,2024-04-06,Sudtirol,Parma,0,0,D,8.0,11.0,2.0,3.0
2324,I2,2024-04-06,Ternana,Modena,0,0,D,12.0,26.0,0.0,10.0
2324,SP2,2024-04-06,Eldense,Andorra,0,2,A,19.0,11.0,4.0,3.0
2324,SP2,2024-04-06,Levante,Zaragoza,2,1,H,17.0,13.0,3.0,6.0
2324,D2,2024-04-07,Fortuna Dusseldorf,Braunschweig,2,0,H,12.0,14.0,3.0,5.0
2324,D2,2024-04-07,Hannover,Schalke 04,1,1,D,6.0,11.0,3.0,5.0
2324,D2,2024-04-07,Osnabruck,Greuther Furth,2,0,H,7.0,13.0,3.0,3.0
2324,I2,2024-04-07,Ascoli,Venezia,0,0,D,6.0,11.0,1.0,1.0
2324,SP2,2024-04-07,Cartagena,Valladolid,0,2,A,15.0,6.0,3.0,5.0
2324,SP2,2024-04-07,Espanol,Albacete,2,1,H,9.0,10.0,5.0,4.0
2324,SP2,2024-04-07,Huesca,Leganes,0,0,D,6.0,5.0,2.0,1.0
2324,SP2,2024-04-07,Mirandes,Sp Gijon,1,3,A,9.0,11.0,3.0,3.0
2324,SP2,2024-04-07,Tenerife,Eibar,2,1,H,7.0,19.0,3.0,5.0
2324,SP2,2024-04-07,Villarreal B,Burgos,2,1,H,14.0,20.0,6.0,6.0
2324,F2,2024-04-08,Auxerre,Troyes,2,0,H,13.0,7.0,4.0,0.0
2324,SP2,2024-04-08,Santander,Alcorcon,0,1,A,21.0,9.0,10.0,4.0
2324,E1,2024-04-09,Leeds,Sunderland,0,0,D,12.0,6.0,1.0,3.0
2324,E1,2024-04-09,Millwall,Leicester,1,0,H,6.0,11.0,4.0,3.0
2324,E1,2024-04-09,Plymouth,QPR,1,1,D,13.0,14.0,5.0,4.0
2324,E1,2024-04-09,Preston,Huddersfield,4,1,H,14.0,8.0,7.0,2.0
2324,E1,2024-04-09,Sheffield Weds,Norwich,2,2,D,11.0,13.0,5.0,6.0
2324,E1,2024-04-09,Southampton,Coventry,2,1,H,13.0,9.0,6.0,2.0
2324,E1,2024-04-10,Birmingham,Cardiff,0,1,A,12.0,12.0,1.0,4.0
2324,E1,2024-04-10,Bristol City,Blackburn,5,0,H,15.0,9.0,7.0,4.0
2324,E1,2024-04-10,Hull,Middlesbrough,2,2,D,18.0,13.0,7.0,6.0
2324,E1,2024-04-10,Ipswich,Watford,0,0,D,15.0,10.0,4.0,3.0
2324,E1,2024-04-10,Swansea,Stoke,3,0,H,12.0,10.0,4.0,1.0
2324,E1,2024-04-10,West Brom,Rotherham,2,0,H,11.0,12.0,4.0,1.0
2324,D2,2024-04-12,Greuther Furth,Kaiserslautern,2,1,H,9.0,10.0,4.0,3.0
2324,D2,2024-04-12,Hertha,Hansa Rostock,4,0,H,16.0,12.0,8.0,3.0
2324,E1,2024-04-12,Plymouth,Leicester,1,0,H,5.0,17.0,3.0,4.0
2324,I2,2024-04-12,Modena,Catanzaro,1,3,A,15.0,9.0,7.0,5.0
2324,SP2,2024-04-12,Leganes,Espanol,0,0,D,10.0,13.0,3.0,1.0
2324,D2,2024-04-13,Holstein Kiel,Osnabruck,4,0,H,12.0,7.0,7.0,2.0
2324,D2,2024-04-13,Paderborn,Karlsruhe,1,1,D,12.0,12.0,3.0,5.0
2324,D2,2024-04-13,Schalke 04,Nurnberg,2,0,H,19.0,17.0,7.0,7.0
2324,D2,2024-04-13,Wehen,Fortuna Dusseldorf,0,2,A,5.0,11.0,1.0,4.0
2324,E1,2024-04-13,Birmingham,Coventry,3,0,H,15.0,12.0,4.0,2.0
2324,E1,2024-04-13,Bristol City,Huddersfield,1,1,D,9.0,13.0,3.0,4.0
2324,E1,2024-04-13,Hull,QPR,3,0,H,7.0,11.0,5.0,3.0
2324,E1,2024-04-13,Ipswich,Middlesbrough,1,1,D,21.0,11.0,5.0,5.0
2324,E1,2024-04-13,Leeds,Blackburn,0,1,A,19.0,3.0,5.0,2.0
2324,E1,2024-04-13,Millwall,Cardiff,3,1,H,15.0,7.0,7.0,4.0
2324,E1,2024-04-13,Preston,Norwich,0,1,A,12.0,15.0,2.0,5.0
2324,E1,2024-04-13,Sheffield Weds,Stoke,1,1,D,15.0,8.0,5.0,2.0
2324,E1,2024-04-13,Southampton,Watford,3,2,H,13.0,12.0,4.0,6.0
2324,E1,2024-04-13,Swansea,Rotherham,1,0,H,16.0,4.0,6.0,0.0
2324,E1,2024-04-13,West Brom,Sunderland,0,1,A,8.0,9.0,3.0,3.0
2324,F2,2024-04-13,Ajaccio,St Etienne,2,0,H,8.0,8.0,4.0,2.0
2324,F2,2024-04-13,Bordeaux,Bastia,2,3,A,17.0,5.0,5.0,4.0
2324,F2,2024-04-13,Caen,Rodez,1,0,H,8.0,14.0,2.0,1.0
2324,F2,2024-04-13,Concarneau,Amiens,0,0,D,9.0,9.0,2.0,2.0
2324,F2,2024-04-13,Dunkerque,Guingamp,0,1,A,10.0,14.0,0.0,6.0
2324,F2,2024-04-13,Laval,Annecy,0,3,A,11.0,13.0,1.0,5.0
2324,F2,2024-04-13,Quevilly Rouen,Auxerre,4,3,H,18.0,18.0,7.0,8.0
2324,F2,2024-04-13,Troyes,Paris FC,1,2,A,14.0,10.0,4.0,4.0
2324,F2,2024-04-13,Valenciennes,Pau FC,1,4,A,12.0,14.0,3.0,6.0
2324,I2,2024-04-13,Cittadella,Ascoli,0,0,D,8.0,9.0,2.0,3.0
2324,I2,2024-04-13,Como,Bari,2,1,H,14.0,12.0,6.0,4.0
2324,I2,2024-04-13,Cosenza,Palermo,1,1,D,12.0,8.0,2.0,1.0
2324,I2,2024-04-13,Cremonese,Ternana,1,2,A,27.0,11.0,10.0,6.0
2324,I2,2024-04-13,Lecco,Reggiana,1,0,H,6.0,13.0,1.0,2.0
2324,I2,2024-04-13,Parma,Spezia,2,0,H,11.0,10.0,4.0,2.0
2324,I2,2024-04-13,Pisa,FeralpiSalo,3,1,H,12.0,16.0,5.0,5.0
2324,I2,2024-04-13,Sampdoria,Sudtirol,0,1,A,10.0,12.0,3.0,3.0
2324,SP2,2024-04-13,Levante,Amorebieta,1,2,A,25.0,9.0,9.0,3.0
2324,SP2,2024-04-13,Sp Gijon,Cartagena,1,0,H,14.0,7.0,6.0,0.0
2324,SP2,2024-04-13,Valladolid,Eldense,1,0,H,19.0,10.0,5.0,2.0
2324,D2,2024-04-14,Braunschweig,Hannover,0,0,D,9.0,14.0,4.0,6.0
2324,D2,2024-04-14,Magdeburg,Hamburg,2,2,D,14.0,23.0,8.0,8.0
2324,D2,2024-04-14,St Pauli,Elversberg,3,4,A,19.0,14.0,8.0,10.0
2324,I2,2024-04-14,Venezia,Brescia,2,0,H,20.0,9.0,6.0,4.0
2324,SP2,2024-04-14,Albacete,Tenerife,1,0,H,21.0,5.0,7.0,1.0
2324,SP2,2024-04-14,Andorra,Eibar,0,2,A,10.0,9.0,1.0,4.0
2324,SP2,2024-04-14,Burgos,Santander,2,1,H,15.0,5.0,6.0,3.0
2324,SP2,2024-04-14,Ferrol,Huesca,2,1,H,10.0,3.0,2.0,2.0
2324,SP2,2024-04-14,Oviedo,Mirandes,1,1,D,16.0,14.0,4.0,5.0
2324,SP2,2024-04-14,Zaragoza,Elche,1,1,D,15.0,13.0,3.0,3.0
2324,F2,2024-04-15,Grenoble,Angers,0,0,D,12.0,9.0,2.0,2.0
2324,SP2,2024-04-15,Alcorcon,Villarreal B,1,0,H,7.0,20.0,3.0,4.0
2324,E1,2024-04-16,Southampton,Preston,3,0,H,23.0,1.0,6.0,1.0
2324,D2,2024-04-19,Elversberg,Schalke 04,1,1,D,14.0,15.0,5.0,5.0
2324,D2,2024-04-19,Nurnberg,Paderborn,0,2,A,16.0,12.0,6.0,5.0
2324,I2,2024-04-19,Palermo,Parma,0,0,D,9.0,14.0,2.0,4.0
2324,I2,2024-04-19,Reggiana,Cosenza,0,4,A,18.0,14.0,3.0,6.0
2324,SP2,2024-04-19,Tenerife,Leganes,0,0,D,3.0,8.0,0.0,3.0
2324,D2,2024-04-20,Fortuna Dusseldorf,Greuther Furth,1,0,H,9.0,12.0,4.0,4.0
2324,D2,2024-04-20,Hamburg,Holstein Kiel,0,1,A,21.0,12.0,4.0,3.0
2324,D2,2024-04-20,Kaiserslautern,Wehen,1,1,D,11.0,10.0,3.0,4.0
2324,D2,2024-04-20,Osnabruck,Braunschweig,0,3,A,16.0,10.0,5.0,7.0
2324,E1,2024-04-20,Cardiff,Southampton,2,1,H,12.0,21.0,7.0,8.0
2324,E1,2024-04-20,Huddersfield,Swansea,0,4,A,9.0,19.0,0.0,7.0
2324,E1,2024-04-20,Leicester,West Brom,2,1,H,11.0,18.0,3.0,6.0
2324,E1,2024-04-20,Norwich,Bristol City,1,1,D,10.0,13.0,3.0,5.0
2324,E1,2024-04-20,QPR,Preston,1,0,H,18.0,10.0,7.0,2.0
2324,E1,2024-04-20,Rotherham,Birmingham,0,0,D,11.0,6.0,4.0,2.0
2324,E1,2024-04-20,Stoke,Plymouth,3,0,H,23.0,8.0,4.0,1.0
2324,E1,2024-04-20,Sunderland,Millwall,0,1,A,13.0,4.0,3.0,1.0
2324,E1,2024-04-20,Watford,Hull,0,0,D,17.0,13.0,2.0,6.0
2324,F2,2024-04-20,Ajaccio,Caen,2,1,H,7.0,10.0,5.0,3.0
2324,F2,2024-04-20,Amiens,Dunkerque,0,1,A,8.0,13.0,4.0,7.0
2324,F2,2024-04-20,Angers,Troyes,2,1,H,6.0,9.0,4.0,4.0
2324,F2,2024-04-20,Annecy,Grenoble,0,1,A,14.0,8.0,4.0,2.0
2324,F2,2024-04-20,Concarneau,Quevilly Rouen,0,0,D,12.0,7.0,3.0,0.0
2324,F2,2024-04-20,Guingamp,Bastia,0,1,A,18.0,5.0,6.0,2.0
2324,F2,2024-04-20,Paris FC,Valenciennes,2,1,H,16.0,3.0,7.0,1.0
2324,F2,2024-04-20,Pau FC,Laval,3,0,H,14.0,15.0,7.0,3.0
2324,F2,2024-04-20,Rodez,Auxerre,2,0,H,14.0,17.0,3.0,3.0
2324,F2,2024-04-20,St Etienne,Bordeaux,2,1,H,24.0,14.0,7.0,5.0
2324,I2,2024-04-20,Ascoli,Modena,0,0,D,11.0,11.0,1.0,4.0
2324,I2,2024-04-20,Bari,Pisa,1,1,D,12.0,8.0,5.0,2.0
2324,I2,2024-04-20,Brescia,Ternana,0,0,D,20.0,10.0,3.0,4.0
2324,I2,2024-04-20,Catanzaro,Cremonese,0,0,D,10.0,10.0,4.0,1.0
2324,I2,2024-04-20,FeralpiSalo,Como,2,5,A,12.0,19.0,4.0,7.0
2324,I2,2024-04-20,Lecco,Venezia,1,2,A,9.0,23.0,4.0,11.0
2324,I2,2024-04-20,Spezia,Sampdoria,0,0,D,12.0,4.0,1.0,0.0
2324,I2,2024-04-20,Sudtirol,Cittadella,0,0,D,11.0,11.0,2.0,5.0
2324,SP2,2024-04-20,Amorebieta,Valladolid,0,3,A,9.0,14.0,3.0,9.0
2324,SP2,2024-04-20,Elche,Sp Gijon,2,1,H,10.0,11.0,3.0,4.0
2324,SP2,2024-04-20,Huesca,Zaragoza,1,2,A,6.0,9.0,3.0,4.0
2324,SP2,2024-04-20,Santander,Levante,0,0,D,21.0,17.0,7.0,5.0
2324,SP2,2024-04-20,Villarreal B,Ferrol,1,0,H,12.0,15.0,5.0,3.0
2324,D2,2024-04-21,Hannover,St Pauli,1,2,A,17.0,8.0,10.0,5.0
2324,D2,2024-04-21,Hansa Rostock,Magdeburg,0,2,A,10.0,11.0,3.0,3.0
2324,D2,2024-04-21,Karlsruhe,Hertha,3,2,H,9.0,18.0,5.0,7.0
2324,E1,2024-04-21,Blackburn,Sheffield Weds,1,3,A,8.0,11.0,3.0,5.0
2324,SP2,2024-04-21,Eibar,Alcorcon,2,0,H,16.0,14.0,5.0,3.0
2324,SP2,2024-04-21,Eldense,Albacete,0,1,A,12.0,8.0,4.0,2.0
2324,SP2,2024-04-21,Espanol,Andorra,1,1,D,12.0,12.0,4.0,6.0
2324,SP2,2024-04-21,Mirandes,Burgos,2,1,H,11.0,6.0,5.0,2.0
2324,E1,2024-04-22,Middlesbrough,Leeds,3,4,A,13.0,8.0,5.0,5.0
2324,SP2,2024-04-22,Cartagena,Oviedo,2,0,H,20.0,9.0,8.0,2.0
2324,E1,2024-04-23,Leicester,Southampton,5,0,H,17.0,7.0,6.0,0.0
2324,F2,2024-04-23,Auxerre,Laval,4,0,H,12.0,4.0,7.0,3.0
2324,F2,2024-04-23,Bastia,Concarneau,2,0,H,22.0,6.0,5.0,3.0
2324,F2,2024-04-23,Bordeaux,Dunkerque,2,0,H,14.0,8.0,8.0,1.0
2324,F2,2024-04-23,Caen,Annecy,2,1,H,12.0,6.0,4.0,3.0
2324,F2,2024-04-23,Grenoble,St Etienne,0,2,A,13.0,13.0,3.0,5.0
2324,F2,2024-04-23,Guingamp,Angers,1,2,A,12.0,9.0,3.0,3.0
2324,F2,2024-04-23,Quevilly Rouen,Amiens,3,3,D,19.0,10.0,8.0,3.0
2324,F2,2024-04-23,Rodez,Paris FC,1,0,H,8.0,20.0,4.0,6.0
2324,F2,2024-04-23,Troyes,Pau FC,2,2,D,14.0,11.0,6.0,5.0
2324,F2,2024-04-23,Valenciennes,Ajaccio,1,0,H,13.0,15.0,3.0,4.0
2324,E1,2024-04-24,Coventry,Hull,2,3,A,7.0,14.0,3.0,8.0
2324,D2,2024-04-26,Hertha,Hannover,1,1,D,7.0,15.0,2.0,4.0
2324,D2,2024-04-26,St Pauli,Hansa Rostock,1,0,H,7.0,7.0,2.0,5.0
2324,E1,2024-04-26,QPR,Leeds,4,0,H,11.0,15.0,5.0,5.0
2324,I2,2024-04-26,Pisa,Catanzaro,2,2,D,19.0,2.0,8.0,2.0
2324,I2,2024-04-26,Venezia,Cremonese,2,1,H,8.0,14.0,4.0,3.0
2324,SP2,2024-04-26,Andorra,Santander,1,1,D,22.0,17.0,8.0,4.0
2324,D2,2024-04-27,Braunschweig,Hamburg,0,4,A,5.0,17.0,2.0,6.0
2324,D2,2024-04-27,Holstein Kiel,Kaiserslautern,1,3,A,14.0,15.0,10.0,9.0
2324,D2,2024-04-27,Paderborn,Elversberg,3,1,H,16.0,9.0,5.0,2.0
2324,D2,2024-04-27,Schalke 04,Fortuna Dusseldorf,1,1,D,15.0,14.0,3.0,6.0
2324,E1,2024-04-27,Blackburn,Coventry,0,0,D,30.0,6.0,8.0,1.0
2324,E1,2024-04-27,Bristol City,Rotherham,2,0,H,13.0,6.0,5.0,2.0
2324,E1,2024-04-27,Cardiff,Middlesbrough,1,4,A,15.0,12.0,4.0,7.0
2324,E1,2024-04-27,Huddersfield,Birmingham,1,1,D,12.0,12.0,4.0,2.0
2324,E1,2024-04-27,Hull,Ipswich,3,3,D,14.0,21.0,7.0,11.0
2324,E1,2024-04-27,Millwall,Plymouth,1,0,H,11.0,9.0,5.0,1.0
2324,E1,2024-04-27,Norwich,Swansea,2,2,D,27.0,13.0,8.0,6.0
2324,E1,2024-04-27,Sheffield Weds,West Brom,3,0,H,13.0,22.0,7.0,8.0
2324,E1,2024-04-27,Southampton,Stoke,0,1,A,14.0,15.0,3.0,8.0
2324,E1,2024-04-27,Watford,Sunderland,1,0,H,10.0,11.0,3.0,6.0
2324,F2,2024-04-27,Ajaccio,Quevilly Rouen,1,1,D,11.0,10.0,4.0,4.0
2324,F2,2024-04-27,Amiens,Troyes,0,0,D,8.0,13.0,2.0,1.0
2324,F2,2024-04-27,Annecy,Bastia,3,2,H,12.0,6.0,4.0,3.0
2324,F2,2024-04-27,Concarneau,Rodez,1,2,A,12.0,12.0,4.0,4.0
2324,F2,2024-04-27,Laval,Bordeaux,1,0,H,10.0,6.0,7.0,1.0
2324,F2,2024-04-27,Paris FC,Angers,3,1,H,15.0,10.0,7.0,4.0
2324,F2,2024-04-27,Pau FC,Guingamp,1,2,A,11.0,15.0,3.0,3.0
2324,F2,2024-04-27,St Etienne,Caen,1,0,H,11.0,20.0,5.0,3.0
2324,F2,2024-04-27,Valenciennes,Grenoble,2,0,H,14.0,15.0,6.0,1.0
2324,I2,2024-04-27,Brescia,Spezia,0,0,D,14.0,10.0,1.0,2.0
2324,I2,2024-04-27,Cittadella,FeralpiSalo,1,1,D,6.0,9.0,1.0,5.0
2324,I2,2024-04-27,Cosenza,Bari,4,1,H,13.0,15.0,8.0,4.0
2324,I2,2024-04-27,Modena,Sudtirol,1,0,H,4.0,6.0,2.0,3.0
2324,I2,2024-04-27,Palermo,Reggiana,1,2,A,17.0,11.0,2.0,5.0
2324,I2,2024-04-27,Parma,Lecco,4,0,H,24.0,13.0,10.0,7.0
2324,I2,2024-04-27,Sampdoria,Como,1,1,D,5.0,17.0,4.0,11.0
2324,I2,2024-04-27,Ternana,Ascoli,0,1,A,11.0,15.0,2.0,5.0
2324,SP2,2024-04-27,Burgos,Amorebieta,2,2,D,17.0,11.0,6.0,5.0
2324,SP2,2024-04-27,Elche,Espanol,2,2,D,10.0,9.0,3.0,4.0
2324,SP2,2024-04-27,Leganes,Zaragoza,1,1,D,3.0,17.0,2.0,4.0
2324,D2,2024-04-28,Magdeburg,Osnabruck,1,1,D,12.0,11.0,6.0,4.0
2324,D2,2024-04-28,Nurnberg,Karlsruhe,0,1,A,8.0,20.0,3.0,4.0
2324,D2,2024-04-28,Wehen,Greuther Furth,3,5,A,18.0,16.0,10.0,7.0
2324,SP2,2024-04-28,Albacete,Eibar,2,1,H,12.0,17.0,4.0,3.0
2324,SP2,2024-04-28,Alcorcon,Eldense,0,0,D,12.0,8.0,4.0,1.0
2324,SP2,2024-04-28,Levante,Cartagena,0,1,A,14.0,8.0,3.0,3.0
2324,SP2,2024-04-28,Oviedo,Tenerife,0,1,A,17.0,4.0,3.0,2.0
2324,SP2,2024-04-28,Sp Gijon,Villarreal B,0,3,A,12.0,16.0,3.0,4.0
2324,SP2,2024-04-28,Valladolid,Huesca,1,0,H,12.0,7.0,4.0,0.0
2324,E1,2024-04-29,Preston,Leicester,0,3,A,5.0,19.0,1.0,11.0
2324,F2,2024-04-29,Dunkerque,Auxerre,1,3,A,5.0,23.0,1.0,8.0
2324,SP2,2024-04-29,Ferrol,Mirandes,0,2,A,24.0,5.0,4.0,4.0
2324,E1,2024-04-30,Coventry,Ipswich,1,2,A,13.0,14.0,3.0,9.0
2324,I2,2024-05-01,Ascoli,Cosenza,0,1,A,13.0,8.0,4.0,3.0
2324,I2,2024-05-01,Bari,Parma,1,1,D,11.0,15.0,4.0,4.0
2324,I2,2024-05-01,Catanzaro,Venezia,3,2,H,12.0,12.0,5.0,4.0
2324,I2,2024-05-01,Como,Cittadella,2,1,H,18.0,12.0,9.0,4.0
2324,I2,2024-05-01,Cremonese,Pisa,2,1,H,14.0,12.0,6.0,4.0
2324,I2,2024-05-01,FeralpiSalo,Brescia,2,2,D,17.0,16.0,5.0,4.0
2324,I2,2024-05-01,Lecco,Sampdoria,0,1,A,10.0,7.0,1.0,2.0
2324,I2,2024-05-01,Reggiana,Modena,1,0,H,15.0,7.0,3.0,1.0
2324,I2,2024-05-01,Spezia,Palermo,1,0,H,12.0,8.0,3.0,1.0
2324,I2,2024-05-01,Sudtirol,Ternana,4,3,H,21.0,9.0,8.0,5.0
2324,D2,2024-05-03,Fortuna Dusseldorf,Nurnberg,3,1,H,35.0,15.0,10.0,4.0
2324,D2,2024-05-03,Hamburg,St Pauli,1,0,H,15.0,14.0,6.0,4.0
2324,F2,2024-05-03,Angers,Pau FC,2,1,H,22.0,9.0,7.0,3.0
2324,F2,2024-05-03,Bastia,Amiens,1,2,A,12.0,12.0,6.0,6.0
2324,F2,2024-05-03,Bordeaux,Ajaccio,4,0,H,18.0,5.0,6.0,1.0
2324,F2,2024-05-03,Caen,Laval,1,0,H,16.0,6.0,7.0,2.0
2324,F2,2024-05-03,Grenoble,Concarneau,2,1,H,9.0,9.0,6.0,2.0
2324,F2,2024-05-03,Quevilly Rouen,Dunkerque,1,2,A,11.0,13.0,2.0,6.0
2324,F2,2024-05-03,Rodez,Annecy,1,3,A,12.0,12.0,5.0,6.0
2324,F2,2024-05-03,Troyes,Valenciennes,0,1,A,,,,
2324,SP2,2024-05-03,Villarreal B,Levante,0,3,A,18.0,12.0,3.0,5.0
2324,D2,2024-05-04,Greuther Furth,Braunschweig,3,3,D,18.0,6.0,8.0,3.0
2324,D2,2024-05-04,Hansa Rostock,Karlsruhe,1,2,A,17.0,16.0,6.0,5.0
2324,D2,2024-05-04,Kaiserslautern,Magdeburg,4,1,H,11.0,11.0,6.0,5.0
2324,E1,2024-05-04,Birmingham,Norwich,1,0,H,12.0,5.0,3.0,2.0
2324,E1,2024-05-04,Coventry,QPR,1,2,A,19.0,7.0,6.0,4.0
2324,E1,2024-05-04,Ipswich,Huddersfield,2,0,H,24.0,5.0,5.0,2.0
2324,E1,2024-05-04,Leeds,Southampton,1,2,A,11.0,11.0,4.0,4.0
2324,E1,2024-05-04,Leicester,Blackburn,0,2,A,14.0,9.0,7.0,2.0
2324,E1,2024-05-04,Middlesbrough,Watford,3,1,H,14.0,14.0,6.0,4.0
2324,E1,2024-05-04,Plymouth,Hull,1,0,H,11.0,11.0,2.0,4.0
2324,E1,2024-05-04,Rotherham,Cardiff,5,2,H,16.0,20.0,7.0,5.0
2324,E1,2024-05-04,Stoke,Bristol City,4,0,H,20.0,7.0,7.0,2.0
2324,E1,2024-05-04,Sunderland,Sheffield Weds,0,2,A,18.0,12.0,3.0,2.0
2324,E1,2024-05-04,Swansea,Millwall,0,1,A,9.0,12.0,2.0,4.0
2324,E1,2024-05-04,West Brom,Preston,3,0,H,16.0,5.0,5.0,1.0
2324,F2,2024-05-04,Auxerre,Paris FC,2,0,H,13.0,6.0,5.0,2.0
2324,F2,2024-05-04,Guingamp,St Etienne,2,2,D,15.0,13.0,6.0,5.0
2324,SP2,2024-05-04,Cartagena,Alcorcon,1,0,H,11.0,12.0,4.0,1.0
2324,SP2,2024-05-04,Huesca,Oviedo,0,2,A,15.0,19.0,3.0,6.0
2324,SP2,2024-05-04,Mirandes,Valladolid,0,1,A,11.0,15.0,3.0,6.0
2324,SP2,2024-05-04,Santander,Elche,3,1,H,15.0,26.0,7.0,5.0
2324,D2,2024-05-05,Elversberg,Hertha,4,2,H,16.0,19.0,9.0,7.0
2324,D2,2024-05-05,Hannover,Paderborn,3,2,H,19.0,19.0,6.0,10.0
2324,D2,2024-05-05,Wehen,Holstein Kiel,0,1,A,13.0,10.0,6.0,3.0
2324,I2,2024-05-05,Brescia,Lecco,4,1,H,21.0,16.0,9.0,5.0
2324,I2,2024-05-05,Cittadella,Bari,1,1,D,9.0,10.0,3.0,3.0
2324,I2,2024-05-05,Cosenza,Spezia,2,2,D,13.0,31.0,5.0,13.0
2324,I2,2024-05-05,Modena,Como,0,0,D,8.0,10.0,2.0,2.0
2324,I2,2024-05-05,Palermo,Ascoli,2,2,D,8.0,12.0,4.0,5.0
2324,I2,2024-05-05,Parma,Cremonese,1,1,D,13.0,16.0,5.0,8.0
2324,I2,2024-05-05,Pisa,Sudtirol,2,2,D,20.0,9.0,4.0,5.0
2324,I2,2024-05-05,Sampdoria,Reggiana,1,0,H,13.0,4.0,3.0,1.0
2324,I2,2024-05-05,Ternana,Catanzaro,1,0,H,13.0,7.0,8.0,1.0
2324,I2,2024-05-05,Venezia,FeralpiSalo,2,1,H,13.0,14.0,7.0,2.0
2324,SP2,2024-05-05,Andorra,Albacete,0,1,A,14.0,4.0,2.0,2.0
2324,SP2,2024-05-05,Eibar,Amorebieta,5,0,H,20.0,19.0,14.0,3.0
2324,SP2,2024-05-05,Eldense,Leganes,1,2,A,3.0,19.0,1.0,5.0
2324,SP2,2024-05-05,Espanol,Sp Gijon,0,0,D,14.0,4.0,2.0,0.0
2324,SP2,2024-05-05,Tenerife,Ferrol,2,0,H,16.0,10.0,7.0,2.0
2324,SP2,2024-05-05,Zaragoza,Burgos,1,3,A,22.0,5.0,6.0,4.0
2324,D2,2024-05-07,Osnabruck,Schalke 04,0,4,A,14.0,22.0,4.0,9.0
2324,D2,2024-05-10,Magdeburg,Greuther Furth,0,0,D,10.0,9.0,2.0,5.0
2324,D2,2024-05-10,Paderborn,Hamburg,1,0,H,15.0,10.0,3.0,2.0
2324,F2,2024-05-10,Ajaccio,Grenoble,1,2,A,16.0,13.0,4.0,5.0
2324,F2,2024-05-10,Amiens,Auxerre,0,0,D,14.0,9.0,7.0,2.0
2324,F2,2024-05-10,Annecy,Angers,1,2,A,12.0,11.0,4.0,4.0
2324,F2,2024-05-10,Concarneau,Bordeaux,4,2,H,18.0,9.0,10.0,4.0
2324,F2,2024-05-10,Dunkerque,Caen,2,2,D,13.0,15.0,6.0,3.0
2324,F2,2024-05-10,Laval,Troyes,1,2,A,23.0,8.0,9.0,3.0
2324,F2,2024-05-10,Paris FC,Guingamp,2,1,H,11.0,10.0,7.0,3.0
2324,F2,2024-05-10,Pau FC,Bastia,1,2,A,6.0,13.0,1.0,6.0
2324,F2,2024-05-10,St Etienne,Rodez,1,1,D,13.0,12.0,4.0,1.0
2324,F2,2024-05-10,Valenciennes,Quevilly Rouen,2,1,H,4.0,18.0,2.0,8.0
2324,I2,2024-05-10,Ascoli,Pisa,2,1,H,10.0,9.0,4.0,4.0
2324,I2,2024-05-10,Bari,Brescia,2,0,H,18.0,9.0,8.0,0.0
2324,I2,2024-05-10,Catanzaro,Sampdoria,1,3,A,15.0,17.0,3.0,9.0
2324,I2,2024-05-10,Como,Cosenza,1,1,D,23.0,4.0,5.0,2.0
2324,I2,2024-05-10,Cremonese,Cittadella,3,0,H,13.0,13.0,7.0,5.0
2324,I2,2024-05-10,FeralpiSalo,Ternana,0,1,A,13.0,9.0,3.0,3.0
2324,I2,2024-05-10,Lecco,Modena,2,3,A,15.0,11.0,5.0,4.0
2324,I2,2024-05-10,Reggiana,Parma,1,1,D,11.0,20.0,3.0,6.0
2324,I2,2024-05-10,Spezia,Venezia,2,1,H,27.0,10.0,11.0,3.0
2324,I2,2024-05-10,Sudtirol,Palermo,0,1,A,8.0,7.0,1.0,4.0
2324,SP2,2024-05-10,Burgos,Eldense,1,2,A,20.0,12.0,6.0,5.0
2324,D2,2024-05-11,Hertha,Kaiserslautern,3,1,H,15.0,13.0,5.0,2.0
2324,D2,2024-05-11,Holstein Kiel,Fortuna Dusseldorf,1,1,D,8.0,19.0,2.0,6.0
2324,D2,2024-05-11,Nurnberg,Elversberg,3,0,H,13.0,4.0,6.0,1.0
2324,D2,2024-05-11,Schalke 04,Hansa Rostock,2,1,H,10.0,10.0,6.0,3.0
2324,SP2,2024-05-11,Ferrol,Alcorcon,2,1,H,20.0,12.0,7.0,3.0
2324,SP2,2024-05-11,Levante,Eibar,2,2,D,18.0,9.0,5.0,2.0
2324,SP2,2024-05-11,Santander,Mirandes,1,0,H,21.0,7.0,7.0,0.0
2324,SP2,2024-05-11,Sp Gijon,Andorra,5,2,H,14.0,16.0,9.0,4.0
2324,SP2,2024-05-11,Valladolid,Espanol,0,0,D,15.0,4.0,2.0,1.0
2324,D2,2024-05-12,Braunschweig,Wehen,1,0,H,11.0,14.0,5.0,5.0
2324,D2,2024-05-12,Karlsruhe,Hannover,1,2,A,17.0,14.0,7.0,4.0
2324,D2,2024-05-12,St Pauli,Osnabruck,3,1,H,19.0,3.0,7.0,1.0
2324,SP2,2024-05-12,Albacete,Leganes,1,0,H,9.0,15.0,2.0,3.0
2324,SP2,2024-05-12,Amorebieta,Villarreal B,2,0,H,12.0,11.0,4.0,4.0
2324,SP2,2024-05-12,Cartagena,Tenerife,2,0,H,9.0,17.0,4.0,4.0
2324,SP2,2024-05-12,Elche,Huesca,0,3,A,21.0,7.0,4.0,3.0
2324,SP2,2024-05-12,Oviedo,Zaragoza,1,0,H,15.0,8.0,4.0,4.0
2324,F2,2024-05-17,Angers,Dunkerque,0,0,D,12.0,4.0,3.0,2.0
2324,F2,2024-05-17,Auxerre,Concarneau,4,1,H,19.0,8.0,10.0,3.0
2324,F2,2024-05-17,Bastia,Paris FC,1,1,D,16.0,7.0,4.0,3.0
2324,F2,2024-05-17,Bordeaux,Pau FC,3,2,H,14.0,8.0,7.0,5.0
2324,F2,2024-05-17,Caen,Valenciennes,3,0,H,18.0,15.0,9.0,4.0
2324,F2,2024-05-17,Grenoble,Amiens,1,3,A,14.0,18.0,3.0,8.0
2324,F2,2024-05-17,Guingamp,Laval,0,1,A,19.0,8.0,4.0,2.0
2324,F2,2024-05-17,Quevilly Rouen,St Etienne,2,1,H,11.0,28.0,3.0,7.0
2324,F2,2024-05-17,Rodez,Ajaccio,2,0,H,13.0,4.0,5.0,3.0
2324,F2,2024-05-17,Troyes,Annecy,1,1,D,22.0,11.0,6.0,6.0
2324,SP2,2024-05-17,Mirandes,Elche,1,1,D,6.0,21.0,4.0,4.0
2324,SP2,2024-05-18,Andorra,Burgos,1,0,H,19.0,12.0,4.0,3.0
2324,SP2,2024-05-18,Eldense,Levante,0,0,D,12.0,6.0,4.0,2.0
2324,SP2,2024-05-18,Huesca,Santander,0,3,A,14.0,7.0,4.0,5.0
2324,SP2,2024-05-18,Leganes,Sp Gijon,2,1,H,13.0,10.0,5.0,4.0
2324,SP2,2024-05-18,Tenerife,Amorebieta,0,1,A,15.0,13.0,3.0,2.0
2324,D2,2024-05-19,Elversberg,Karlsruhe,0,3,A,10.0,20.0,6.0,7.0
2324,D2,2024-05-19,Fortuna Dusseldorf,Magdeburg,3,2,H,18.0,11.0,7.0,8.0
2324,D2,2024-05-19,Greuther Furth,Schalke 04,2,0,H,14.0,13.0,3.0,6.0
2324,D2,2024-05-19,Hamburg,Nurnberg,4,1,H,12.0,16.0,5.0,2.0
2324,D2,2024-05-19,Hannover,Holstein Kiel,1,2,A,26.0,12.0,7.0,8.0
2324,D2,2024-05-19,Hansa Rostock,Paderborn,1,2,A,16.0,13.0,5.0,7.0
2324,D2,2024-05-19,Kaiserslautern,Braunschweig,5,0,H,12.0,14.0,6.0,5.0
2324,D2,2024-05-19,Osnabruck,Hertha,2,1,H,14.0,15.0,4.0,5.0
2324,D2,2024-05-19,Wehen,St Pauli,1,2,A,13.0,21.0,5.0,9.0
2324,SP2,2024-05-19,Alcorcon,Valladolid,1,1,D,16.0,16.0,9.0,5.0
2324,SP2,2024-05-19,Eibar,Cartagena,1,0,H,16.0,6.0,7.0,1.0
2324,SP2,2024-05-19,Zaragoza,Ferrol,2,2,D,20.0,10.0,5.0,4.0
2324,SP2,2024-05-20,Espanol,Oviedo,2,1,H,10.0,9.0,2.0,4.0
2324,SP2,2024-05-20,Villarreal B,Albacete,2,2,D,25.0,8.0,6.0,7.0
2324,SP2,2024-05-26,Albacete,Mirandes,2,2,D,16.0,15.0,4.0,8.0
2324,SP2,2024-05-26,Amorebieta,Espanol,0,0,D,10.0,11.0,3.0,3.0
2324,SP2,2024-05-26,Burgos,Tenerife,1,1,D,13.0,9.0,5.0,3.0
2324,SP2,2024-05-26,Cartagena,Huesca,0,2,A,9.0,7.0,0.0,3.0
2324,SP2,2024-05-26,Elche,Eldense,1,2,A,16.0,9.0,4.0,3.0
2324,SP2,2024-05-26,Ferrol,Leganes,2,2,D,8.0,5.0,2.0,3.0
2324,SP2,2024-05-26,Levante,Alcorcon,2,2,D,16.0,20.0,4.0,6.0
2324,SP2,2024-05-26,Oviedo,Andorra,3,0,H,12.0,14.0,4.0,1.0
2324,SP2,2024-05-26,Santander,Zaragoza,0,2,A,15.0,12.0,6.0,5.0
2324,SP2,2024-05-26,Sp Gijon,Eibar,1,0,H,12.0,13.0,2.0,2.0
2324,SP2,2024-05-26,Valladolid,Villarreal B,3,2,H,14.0,12.0,4.0,4.0
2324,SP2,2024-06-02,Alcorcon,Burgos,1,1,D,12.0,20.0,5.0,9.0
2324,SP2,2024-06-02,Andorra,Ferrol,1,0,H,10.0,10.0,3.0,2.0
2324,SP2,2024-06-02,Eibar,Oviedo,4,3,H,20.0,22.0,11.0,5.0
2324,SP2,2024-06-02,Eldense,Sp Gijon,0,1,A,11.0,9.0,3.0,5.0
2324,SP2,2024-06-02,Espanol,Cartagena,3,0,H,14.0,8.0,5.0,1.0
2324,SP2,2024-06-02,Huesca,Levante,0,0,D,14.0,13.0,3.0,4.0
2324,SP2,2024-06-02,Leganes,Elche,2,0,H,7.0,9.0,5.0,1.0
2324,SP2,2024-06-02,Mirandes,Amorebieta,1,0,H,10.0,11.0,3.0,2.0
2324,SP2,2024-06-02,Tenerife,Valladolid,2,1,H,14.0,13.0,5.0,3.0
2324,SP2,2024-06-02,Villarreal B,Santander,1,0,H,22.0,10.0,5.0,2.0
2324,SP2,2024-06-02,Zaragoza,Albacete,1,1,D,12.0,8.0,3.0,3.0
2425,D2,2024-08-02,FC Koln,Hamburg,1,2,A,26.0,9.0,4.0,6.0
2425,D2,2024-08-03,Hannover,Regensburg,2,0,H,16.0,10.0,5.0,3.0
2425,D2,2024-08-03,Hertha,Paderborn,1,2,A,10.0,11.0,3.0,5.0
2425,D2,2024-08-03,Karlsruhe,Nurnberg,3,2,H,15.0,14.0,5.0,5.0
2425,D2,2024-08-03,Magdeburg,Elversberg,0,0,D,21.0,9.0,6.0,3.0
2425,D2,2024-08-03,Schalke 04,Braunschweig,5,1,H,14.0,10.0,8.0,5.0
2425,D2,2024-08-04,Darmstadt,Fortuna Dusseldorf,0,2,A,11.0,11.0,6.0,4.0
2425,D2,2024-08-04,Greuther Furth,Preußen Münster,3,1,H,22.0,15.0,9.0,5.0
2425,D2,2024-08-04,Ulm,Kaiserslautern,1,2,A,12.0,13.0,3.0,4.0
2425,D2,2024-08-09,Kaiserslautern,Greuther Furth,2,2,D,13.0,15.0,7.0,8.0
2425,D2,2024-08-09,Regensburg,Ulm,1,0,H,8.0,11.0,1.0,5.0
2425,E1,2024-08-09,Blackburn,Derby,4,2,H,11.0,12.0,7.0,4.0
2425,E1,2024-08-09,Preston,Sheffield United,0,2,A,12.0,11.0,2.0,3.0
2425,D2,2024-08-10,Elversberg,FC Koln,2,2,D,10.0,23.0,3.0,9.0
2425,D2,2024-08-10,Fortuna Dusseldorf,Karlsruhe,0,0,D,20.0,9.0,6.0,2.0
2425,D2,2024-08-10,Hamburg,Hertha,1,1,D,13.0,13.0,3.0,4.0
2425,D2,2024-08-10,Nurnberg,Schalke 04,3,1,H,8.0,17.0,5.0,5.0
2425,E1,2024-08-10,Cardiff,Sunderland,0,2,A,12.0,11.0,4.0,4.0
2425,E1,2024-08-10,Hull,Bristol City,1,1,D,11.0,15.0,5.0,3.0
2425,E1,2024-08-10,Leeds,Portsmouth,3,3,D,22.0,5.0,10.0,4.0
2425,E1,2024-08-10,Middlesbrough,Swansea,1,0,H,18.0,5.0,4.0,0.0
2425,E1,2024-08-10,Millwall,Watford,2,3,A,16.0,10.0,4.0,5.0
2425,E1,2024-08-10,Oxford,Norwich,2,0,H,12.0,10.0,4.0,2.0
2425,E1,2024-08-10,QPR,West Brom,1,3,A,11.0,7.0,6.0,4.0
2425,E1,2024-08-10,Stoke,Coventry,1,0,H,11.0,8.0,2.0,1.0
2425,D2,2024-08-11,Braunschweig,Magdeburg,1,3,A,20.0,11.0,8.0,6.0
2425,D2,2024-08-11,Paderborn,Darmstadt,3,1,H,18.0,15.0,5.0,7.0
2425,D2,2024-08-11,Preußen Münster,Hannover,0,0,D,11.0,9.0,4.0,1.0
2425,E1,2024-08-11,Sheffield Weds,Plymouth,4,0,H,31.0,5.0,11.0,1.0
2425,E1,2024-08-12,Luton,Burnley,1,4,A,10.0,11.0,3.0,6.0
2425,SP2,2024-08-15,Granada,Albacete,1,2,A,22.0,9.0,10.0,3.0
2425,E1,2024-08-16,Coventry,Oxford,3,2,H,26.0,7.0,10.0,2.0
2425,F2,2024-08-16,Ajaccio,Rodez,1,0,H,8.0,5.0,4.0,0.0
2425,F2,2024-08-16,Amiens,Red Star,3,0,H,17.0,13.0,6.0,3.0
2425,F2,2024-08-16,Clermont,Pau FC,2,2,D,13.0,11.0,5.0,4.0
2425,F2,2024-08-16,Dunkerque,Annecy,0,2,A,12.0,13.0,6.0,4.0
2425,F2,2024-08-16,Grenoble,Laval,2,1,H,6.0,9.0,4.0,1.0
2425,F2,2024-08-16,Guingamp,Troyes,4,0,H,16.0,10.0,5.0,3.0
2425,I2,2024-08-16,Brescia,Palermo,1,0,H,18.0,10.0,6.0,1.0
2425,SP2,2024-08-16,Cadiz,Zaragoza,0,4,A,13.0,12.0,3.0,9.0
2425,SP2,2024-08-16,Mirandes,Cordoba,1,0,H,3.0,28.0,2.0,7.0
2425,E1,2024-08-17,Bristol City,Millwall,4,3,H,11.0,15.0,6.0,4.0
2425,E1,2024-08-17,Burnley,Cardiff,5,0,H,9.0,11.0,4.0,4.0
2425,E1,2024-08-17,Derby,Middlesbrough,1,0,H,3.0,20.0,2.0,4.0
2425,E1,2024-08-17,Norwich,Blackburn,2,2,D,14.0,7.0,4.0,3.0
2425,E1,2024-08-17,Plymouth,Hull,1,1,D,16.0,14.0,7.0,2.0
2425,E1,2024-08-17,Portsmouth,Luton,0,0,D,15.0,9.0,6.0,4.0
2425,E1,2024-08-17,Sheffield United,QPR,2,2,D,14.0,14.0,3.0,3.0
2425,E1,2024-08-17,Swansea,Preston,3,0,H,12.0,5.0,6.0,2.0
2425,E1,2024-08-17,Watford,Stoke,3,0,H,24.0,7.0,8.0,3.0
2425,E1,2024-08-17,West Brom,Leeds,0,0,D,8.0,8.0,1.0,1.0
2425,F2,2024-08-17,Caen,Paris FC,0,2,A,9.0,13.0,5.0,5.0
2425,I2,2024-08-17,Bari,Juve Stabia,1,3,A,16.0,13.0,4.0,6.0
2425,I2,2024-08-17,Pisa,Spezia,2,2,D,19.0,6.0,4.0,3.0
2425,I2,2024-08-17,Salernitana,Cittadella,2,1,H,15.0,8.0,7.0,3.0
2425,I2,2024-08-17,Sudtirol,Modena,2,1,H,9.0,6.0,3.0,2.0
2425,SP2,2024-08-17,Eibar,Castellon,1,0,H,9.0,11.0,3.0,4.0
2425,SP2,2024-08-17,Ferrol,Malaga,2,2,D,14.0,7.0,5.0,2.0
2425,SP2,2024-08-17,La Coruna,Oviedo,0,1,A,17.0,7.0,7.0,4.0
2425,E1,2024-08-18,Sunderland,Sheffield Weds,4,0,H,15.0,9.0,6.0,3.0
2425,I2,2024-08-18,Catanzaro,Sassuolo,1,1,D,9.0,12.0,4.0,6.0
2425,I2,2024-08-18,Cesena,Carrarese,2,1,H,14.0,10.0,8.0,4.0
2425,I2,2024-08-18,Cosenza,Cremonese,1,0,H,15.0,7.0,6.0,1.0
2425,I2,2024-08-18,Frosinone,Sampdoria,2,2,D,20.0,17.0,12.0,4.0
2425,I2,2024-08-18,Reggiana,Mantova,2,2,D,12.0,13.0,6.0,4.0
2425,SP2,2024-08-18,Burgos,Cartagena,3,1,H,12.0,12.0,6.0,3.0
2425,SP2,2024-08-18,Elche,Huesca,0,1,A,12.0,6.0,3.0,3.0
2425,SP2,2024-08-18,Santander,Almeria,2,2,D,12.0,19.0,5.0,9.0
2425,SP2,2024-08-18,Sp Gijon,Levante,1,2,A,11.0,11.0,1.0,5.0
2425,F2,2024-08-19,Martigues,Lorient,0,1,A,3.0,18.0,1.0,7.0
2425,F2,2024-08-19,Metz,Bastia,1,1,D,18.0,7.0,5.0,3.0
2425,SP2,2024-08-19,Eldense,Tenerife,2,1,H,15.0,13.0,4.0,5.0
2425,D2,2024-08-23,Hannover,Hamburg,1,0,H,9.0,8.0,3.0,1.0
2425,D2,2024-08-23,Karlsruhe,Elversberg,3,2,H,11.0,11.0,8.0,3.0
2425,E1,2024-08-23,Sheffield Weds,Leeds,0,2,A,8.0,13.0,2.0,5.0
2425,F2,2024-08-23,Annecy,Martigues,2,4,A,25.0,10.0,7.0,5.0
2425,F2,2024-08-23,Bastia,Amiens,1,0,H,15.0,9.0,4.0,3.0
2425,F2,2024-08-23,Laval,Guingamp,0,1,A,16.0,15.0,3.0,4.0
2425,F2,2024-08-23,Paris FC,Dunkerque,3,2,H,9.0,6.0,4.0,2.0
2425,F2,2024-08-23,Pau FC,Caen,1,0,H,7.0,22.0,2.0,4.0
2425,F2,2024-08-23,Rodez,Metz,1,3,A,16.0,11.0,4.0,4.0
2425,F2,2024-08-23,Troyes,Clermont,0,1,A,16.0,5.0,5.0,1.0
2425,I2,2024-08-23,Modena,Bari,2,1,H,16.0,14.0,5.0,4.0
2425,SP2,2024-08-23,Huesca,La Coruna,2,1,H,10.0,13.0,4.0,4.0
2425,SP2,2024-08-23,Santander,Eibar,2,2,D,15.0,16.0,6.0,3.0
2425,D2,2024-08-24,FC Koln,Braunschweig,5,0,H,22.0,6.0,13.0,3.0
2425,D2,2024-08-24,Greuther Furth,Paderborn,1,1,D,14.0,13.0,3.0,4.0
2425,D2,2024-08-24,Hertha,Regensburg,2,0,H,11.0,13.0,2.0,2.0
2425,D2,2024-08-24,Preußen Münster,Kaiserslautern,0,1,A,14.0,8.0,7.0,5.0
2425,E1,2024-08-24,Blackburn,Oxford,2,1,H,18.0,13.0,4.0,3.0
2425,E1,2024-08-24,Bristol City,Coventry,1,1,D,12.0,8.0,7.0,1.0
2425,E1,2024-08-24,Hull,Millwall,0,0,D,14.0,13.0,4.0,5.0
2425,E1,2024-08-24,Middlesbrough,Portsmouth,2,2,D,29.0,7.0,7.0,3.0
2425,E1,2024-08-24,Norwich,Sheffield United,1,1,D,7.0,12.0,5.0,4.0
2425,E1,2024-08-24,Preston,Luton,1,0,H,6.0,17.0,2.0,4.0
2425,E1,2024-08-24,QPR,Plymouth,1,1,D,30.0,6.0,10.0,1.0
2425,E1,2024-08-24,Stoke,West Brom,1,2,A,7.0,8.0,2.0,5.0
2425,E1,2024-08-24,Sunderland,Burnley,1,0,H,14.0,4.0,3.0,1.0
2425,E1,2024-08-24,Watford,Derby,2,1,H,12.0,8.0,3.0,3.0
2425,F2,2024-08-24,Lorient,Grenoble,2,0,H,12.0,13.0,5.0,3.0
2425,I2,2024-08-24,Brescia,Cittadella,0,1,A,18.0,15.0,6.0,3.0
2425,I2,2024-08-24,Cremonese,Carrarese,1,0,H,16.0,10.0,4.0,3.0
2425,I2,2024-08-24,Pisa,Palermo,2,0,H,11.0,16.0,4.0,4.0
2425,I2,2024-08-24,Sampdoria,Reggiana,0,1,A,9.0,19.0,1.0,4.0
2425,I2,2024-08-24,Sassuolo,Cesena,2,1,H,13.0,23.0,6.0,6.0
2425,I2,2024-08-24,Spezia,Frosinone,2,1,H,12.0,8.0,6.0,3.0
2425,I2,2024-08-24,Sudtirol,Salernitana,3,2,H,17.0,9.0,7.0,3.0
2425,SP2,2024-08-24,Ferrol,Granada,0,1,A,18.0,16.0,3.0,7.0
2425,SP2,2024-08-24,Levante,Cadiz,1,1,D,17.0,16.0,6.0,8.0
2425,SP2,2024-08-24,Malaga,Mirandes,1,1,D,8.0,7.0,3.0,3.0
2425,SP2,2024-08-24,Sp Gijon,Eldense,0,0,D,21.0,11.0,4.0,4.0
2425,SP2,2024-08-24,Tenerife,Almeria,0,1,A,12.0,20.0,5.0,2.0
2425,D2,2024-08-25,Darmstadt,Nurnberg,1,1,D,19.0,5.0,7.0,4.0
2425,D2,2024-08-25,Magdeburg,Schalke 04,2,2,D,14.0,13.0,8.0,7.0
2425,D2,2024-08-25,Ulm,Fortuna Dusseldorf,1,2,A,21.0,12.0,8.0,5.0
2425,E1,2024-08-25,Swansea,Cardiff,1,1,D,9.0,7.0,4.0,3.0
2425,I2,2024-08-25,Catanzaro,Juve Stabia,0,0,D,11.0,11.0,2.0,2.0
2425,I2,2024-08-25,Mantova,Cosenza,3,2,H,9.0,22.0,6.0,10.0
2425,SP2,2024-08-25,Albacete,Elche,1,0,H,8.0,18.0,2.0,4.0
2425,SP2,2024-08-25,Castellon,Oviedo,0,0,D,20.0,7.0,6.0,1.0
2425,F2,2024-08-26,Red Star,Ajaccio,1,0,H,5.0,19.0,2.0,2.0
2425,SP2,2024-08-26,Cartagena,Zaragoza,1,2,A,9.0,17.0,3.0,8.0
2425,SP2,2024-08-26,Cordoba,Burgos,2,2,D,11.0,12.0,4.0,5.0
2425,I2,2024-08-27,Bari,Sassuolo,1,1,D,26.0,8.0,4.0,2.0
2425,I2,2024-08-27,Carrarese,Sudtirol,2,0,H,12.0,16.0,3.0,4.0
2425,I2,2024-08-27,Cittadella,Pisa,1,1,D,9.0,18.0,4.0,1.0
2425,I2,2024-08-27,Cremonese,Palermo,0,1,A,18.0,5.0,4.0,3.0
2425,I2,2024-08-27,Frosinone,Modena,1,1,D,12.0,10.0,3.0,3.0
2425,I2,2024-08-27,Reggiana,Brescia,2,0,H,11.0,17.0,5.0,4.0
2425,I2,2024-08-27,Salernitana,Sampdoria,3,2,H,24.0,13.0,8.0,4.0
2425,I2,2024-08-28,Cesena,Catanzaro,2,0,H,12.0,15.0,5.0,2.0
2425,I2,2024-08-28,Cosenza,Spezia,0,0,D,14.0,9.0,2.0,4.0
2425,I2,2024-08-28,Juve Stabia,Mantova,1,0,H,6.0,13.0,3.0,2.0
2425,D2,2024-08-30,Fortuna Dusseldorf,Hannover,1,0,H,23.0,14.0,5.0,2.0
2425,D2,2024-08-30,Regensburg,Greuther Furth,0,4,A,17.0,21.0,7.0,9.0
2425,E1,2024-08-30,Luton,QPR,1,2,A,11.0,11.0,5.0,4.0
2425,F2,2024-08-30,Ajaccio,Troyes,2,1,H,23.0,8.0,5.0,4.0
2425,F2,2024-08-30,Caen,Annecy,1,1,D,12.0,8.0,1.0,4.0
2425,F2,2024-08-30,Clermont,Paris FC,0,1,A,6.0,6.0,2.0,3.0
2425,F2,2024-08-30,Dunkerque,Rodez,1,0,H,13.0,13.0,3.0,1.0
2425,F2,2024-08-30,Grenoble,Pau FC,1,1,D,7.0,12.0,4.0,5.0
2425,F2,2024-08-30,Guingamp,Red Star,3,4,A,21.0,18.0,7.0,7.0
2425,F2,2024-08-30,Martigues,Bastia,0,1,A,13.0,9.0,1.0,4.0
2425,SP2,2024-08-30,Granada,Huesca,1,3,A,16.0,15.0,6.0,6.0
2425,SP2,2024-08-30,Oviedo,Santander,1,3,A,18.0,11.0,3.0,5.0
2425,D2,2024-08-31,Elversberg,Darmstadt,4,0,H,17.0,13.0,4.0,5.0
2425,D2,2024-08-31,Hamburg,Preußen Münster,4,1,H,10.0,15.0,7.0,7.0
2425,D2,2024-08-31,Kaiserslautern,Hertha,3,4,A,24.0,17.0,9.0,8.0
2425,D2,2024-08-31,Nurnberg,Magdeburg,0,4,A,7.0,14.0,3.0,7.0
2425,E1,2024-08-31,Burnley,Blackburn,1,1,D,15.0,10.0,3.0,3.0
2425,E1,2024-08-31,Cardiff,Middlesbrough,0,2,A,12.0,10.0,3.0,5.0
2425,E1,2024-08-31,Coventry,Norwich,0,1,A,14.0,9.0,5.0,1.0
2425,E1,2024-08-31,Derby,Bristol City,3,0,H,19.0,13.0,7.0,5.0
2425,E1,2024-08-31,Leeds,Hull,2,0,H,16.0,9.0,5.0,2.0
2425,E1,2024-08-31,Millwall,Sheffield Weds,3,0,H,18.0,4.0,4.0,1.0
2425,E1,2024-08-31,Oxford,Preston,3,1,H,10.0,10.0,5.0,4.0
2425,E1,2024-08-31,Plymouth,Stoke,0,1,A,15.0,15.0,7.0,7.0
2425,E1,2024-08-31,Portsmouth,Sunderland,1,3,A,6.0,11.0,2.0,4.0
2425,E1,2024-08-31,West Brom,Swansea,1,0,H,18.0,6.0,5.0,2.0
2425,F2,2024-08-31,Amiens,Lorient,1,0,H,14.0,19.0,7.0,9.0
2425,F2,2024-08-31,Metz,Laval,1,1,D,20.0,7.0,3.0,4.0
2425,I2,2024-08-31,Modena,Cittadella,0,1,A,18.0,10.0,6.0,4.0
2425,I2,2024-08-31,Pisa,Reggiana,2,1,H,15.0,8.0,5.0,5.0
2425,I2,2024-08-31,Sampdoria,Bari,0,0,D,9.0,25.0,4.0,7.0
2425,I2,2024-08-31,Sassuolo,Cremonese,1,4,A,12.0,11.0,4.0,6.0
2425,I2,2024-08-31,Sudtirol,Brescia,1,2,A,19.0,5.0,7.0,2.0
2425,SP2,2024-08-31,Almeria,Sp Gijon,1,1,D,27.0,9.0,7.0,4.0
2425,SP2,2024-08-31,Cadiz,Tenerife,2,2,D,4.0,3.0,3.0,2.0
2425,SP2,2024-08-31,Malaga,Albacete,2,1,H,16.0,16.0,6.0,7.0
2425,D2,2024-09-01,Braunschweig,Karlsruhe,1,2,A,7.0,11.0,1.0,3.0
2425,D2,2024-09-01,Paderborn,Ulm,0,0,D,18.0,11.0,1.0,3.0
2425,D2,2024-09-01,Schalke 04,FC Koln,1,3,A,15.0,11.0,7.0,6.0
2425,E1,2024-09-01,Sheffield United,Watford,1,0,H,18.0,7.0,7.0,1.0
2425,I2,2024-09-01,Catanzaro,Carrarese,3,1,H,17.0,7.0,8.0,1.0
2425,I2,2024-09-01,Frosinone,Juve Stabia,0,0,D,9.0,6.0,3.0,3.0
2425,I2,2024-09-01,Mantova,Salernitana,1,0,H,7.0,5.0,2.0,2.0
2425,I2,2024-09-01,Palermo,Cosenza,1,1,D,22.0,14.0,9.0,3.0
2425,I2,2024-09-01,Spezia,Cesena,2,1,H,11.0,15.0,3.0,6.0
2425,SP2,2024-09-01,Burgos,Castellon,0,2,A,10.0,13.0,1.0,6.0
2425,SP2,2024-09-01,Eldense,Cartagena,1,2,A,10.0,6.0,7.0,3.0
2425,SP2,2024-09-01,La Coruna,Ferrol,1,0,H,15.0,10.0,2.0,1.0
2425,SP2,2024-09-01,Mirandes,Zaragoza,0,0,D,19.0,11.0,2.0,1.0
2425,SP2,2024-09-02,Eibar,Levante,2,2,D,31.0,8.0,10.0,5.0
2425,SP2,2024-09-02,Elche,Cordoba,3,1,H,18.0,5.0,5.0,2.0
2425,SP2,2024-09-06,Tenerife,Santander,0,1,A,4.0,8.0,3.0,2.0
2425,SP2,2024-09-07,Cordoba,Malaga,0,0,D,13.0,1.0,3.0,0.0
2425,SP2,2024-09-07,Granada,La Coruna,1,1,D,13.0,11.0,2.0,4.0
2425,SP2,2024-09-07,Sp Gijon,Oviedo,3,1,H,10.0,11.0,8.0,3.0
2425,SP2,2024-09-08,Cartagena,Levante,0,1,A,14.0,10.0,3.0,8.0
2425,SP2,2024-09-08,Eldense,Almeria,1,0,H,7.0,10.0,3.0,2.0
2425,SP2,2024-09-08,Ferrol,Mirandes,0,0,D,12.0,11.0,1.0,4.0
2425,SP2,2024-09-08,Zaragoza,Elche,3,0,H,21.0,5.0,9.0,3.0
2425,SP2,2024-09-09,Albacete,Eibar,0,1,A,18.0,11.0,4.0,1.0
2425,SP2,2024-09-09,Castellon,Cadiz,1,3,A,17.0,9.0,5.0,5.0
2425,D2,2024-09-13,Karlsruhe,Schalke 04,2,0,H,14.0,8.0,4.0,2.0
2425,D2,2024-09-13,Preußen Münster,Paderborn,3,3,D,11.0,20.0,4.0,9.0
2425,E1,2024-09-13,Hull,Sheffield United,0,2,A,10.0,9.0,2.0,4.0
2425,F2,2024-09-13,Annecy,Amiens,3,0,H,9.0,12.0,5.0,4.0
2425,F2,2024-09-13,Bastia,Troyes,0,0,D,12.0,8.0,3.0,2.0
2425,F2,2024-09-13,Clermont,Dunkerque,0,1,A,6.0,8.0,1.0,4.0
2425,F2,2024-09-13,Laval,Ajaccio,1,1,D,1.0,2.0,1.0,2.0
2425,F2,2024-09-13,Lorient,Red Star,2,1,H,14.0,5.0,7.0,3.0
2425,F2,2024-09-13,Pau FC,Martigues,3,0,H,19.0,8.0,9.0,3.0
2425,F2,2024-09-13,Rodez,Guingamp,1,2,A,4.0,3.0,2.0,3.0
2425,I2,2024-09-13,Cesena,Modena,2,2,D,12.0,10.0,4.0,4.0
2425,SP2,2024-09-13,Cordoba,La Coruna,2,0,H,16.0,15.0,6.0,5.0
2425,D2,2024-09-14,Darmstadt,Braunschweig,1,1,D,15.0,14.0,3.0,3.0
2425,D2,2024-09-14,FC Koln,Magdeburg,1,2,A,33.0,11.0,13.0,4.0
2425,D2,2024-09-14,Hannover,Kaiserslautern,3,1,H,18.0,14.0,9.0,4.0
2425,D2,2024-09-14,Ulm,Nurnberg,1,2,A,12.0,15.0,3.0,8.0
2425,E1,2024-09-14,Blackburn,Bristol City,3,0,H,9.0,8.0,3.0,2.0
2425,E1,2024-09-14,Derby,Cardiff,1,0,H,12.0,9.0,3.0,3.0
2425,E1,2024-09-14,Leeds,Burnley,0,1,A,17.0,7.0,4.0,3.0
2425,E1,2024-09-14,Middlesbrough,Preston,1,1,D,16.0,6.0,6.0,2.0
2425,E1,2024-09-14,Millwall,Luton,0,1,A,11.0,10.0,3.0,6.0
2425,E1,2024-09-14,Oxford,Stoke,1,0,H,14.0,9.0,8.0,1.0
2425,E1,2024-09-14,Plymouth,Sunderland,3,2,H,13.0,17.0,6.0,7.0
2425,E1,2024-09-14,Sheffield Weds,QPR,1,1,D,13.0,13.0,2.0,4.0
2425,E1,2024-09-14,Swansea,Norwich,1,0,H,9.0,13.0,4.0,3.0
2425,E1,2024-09-14,Watford,Coventry,1,1,D,18.0,17.0,6.0,5.0
2425,F2,2024-09-14,Paris FC,Metz,1,2,A,13.0,7.0,7.0,5.0
2425,I2,2024-09-14,Bari,Mantova,2,0,H,13.0,9.0,2.0,1.0
2425,I2,2024-09-14,Brescia,Frosinone,4,0,H,14.0,8.0,7.0,2.0
2425,I2,2024-09-14,Cittadella,Catanzaro,0,0,D,13.0,5.0,4.0,2.0
2425,I2,2024-09-14,Cremonese,Spezia,1,1,D,9.0,11.0,4.0,5.0
2425,I2,2024-09-14,Juve Stabia,Palermo,1,3,A,14.0,9.0,5.0,6.0
2425,SP2,2024-09-14,Eibar,Tenerife,1,0,H,5.0,7.0,3.0,0.0
2425,SP2,2024-09-14,Levante,Eldense,3,1,H,26.0,5.0,6.0,3.0
2425,SP2,2024-09-14,Malaga,Huesca,1,0,H,13.0,7.0,3.0,2.0
2425,SP2,2024-09-14,Santander,Sp Gijon,1,0,H,13.0,8.0,3.0,2.0
2425,D2,2024-09-15,Greuther Furth,Elversberg,0,0,D,10.0,15.0,2.0,6.0
2425,D2,2024-09-15,Hamburg,Regensburg,5,0,H,16.0,4.0,8.0,1.0
2425,D2,2024-09-15,Hertha,Fortuna Dusseldorf,0,2,A,12.0,11.0,5.0,7.0
2425,E1,2024-09-15,Portsmouth,West Brom,0,3,A,14.0,19.0,0.0,7.0
2425,I2,2024-09-15,Carrarese,Sassuolo,0,2,A,14.0,16.0,3.0,7.0
2425,I2,2024-09-15,Cosenza,Sampdoria,2,1,H,11.0,10.0,6.0,3.0
2425,I2,2024-09-15,Reggiana,Sudtirol,1,3,A,22.0,16.0,6.0,4.0
2425,I2,2024-09-15,Salernitana,Pisa,2,3,A,12.0,8.0,7.0,5.0
2425,SP2,2024-09-15,Burgos,Zaragoza,1,0,H,16.0,13.0,7.0,4.0
2425,SP2,2024-09-15,Cadiz,Ferrol,0,0,D,13.0,16.0,3.0,1.0
2425,SP2,2024-09-15,Elche,Granada,2,2,D,13.0,10.0,3.0,3.0
2425,SP2,2024-09-15,Mirandes,Albacete,2,0,H,18.0,6.0,5.0,2.0
2425,SP2,2024-09-15,Oviedo,Cartagena,1,0,H,16.0,5.0,3.0,2.0
2425,F2,2024-09-16,Grenoble,Caen,3,1,H,12.0,6.0,5.0,4.0
2425,SP2,2024-09-16,Almeria,Castellon,2,5,A,17.0,10.0,5.0,7.0
2425,D2,2024-09-20,Paderborn,Hannover,2,1,H,14.0,17.0,5.0,9.0
2425,D2,2024-09-20,Schalke 04,Darmstadt,3,5,A,18.0,11.0,7.0,9.0
2425,E1,2024-09-20,Stoke,Hull,1,3,A,14.0,13.0,2.0,3.0
2425,F2,2024-09-20,Amiens,Clermont,1,0,H,12.0,16.0,6.0,3.0
2425,F2,2024-09-20,Bastia,Paris FC,2,1,H,15.0,13.0,5.0,5.0
2425,F2,2024-09-20,Caen,Ajaccio,1,0,H,19.0,3.0,8.0,2.0
2425,F2,2024-09-20,Dunkerque,Pau FC,3,2,H,14.0,16.0,6.0,4.0
2425,F2,2024-09-20,Guingamp,Annecy,2,2,D,14.0,8.0,8.0,4.0
2425,F2,2024-09-20,Martigues,Grenoble,0,4,A,12.0,19.0,6.0,5.0
2425,F2,2024-09-20,Red Star,Laval,0,3,A,12.0,14.0,2.0,5.0
2425,F2,2024-09-20,Troyes,Rodez,0,3,A,14.0,17.0,2.0,5.0
2425,I2,2024-09-20,Catanzaro,Cremonese,1,2,A,8.0,18.0,3.0,3.0
2425,SP2,2024-09-20,Granada,Malaga,2,2,D,12.0,13.0,6.0,5.0
2425,D2,2024-09-21,Braunschweig,Greuther Furth,2,0,H,20.0,9.0,11.0,1.0
2425,D2,2024-09-21,Fortuna Dusseldorf,FC Koln,2,2,D,9.0,24.0,5.0,13.0
2425,D2,2024-09-21,Kaiserslautern,Hamburg,2,2,D,10.0,17.0,4.0,8.0
2425,D2,2024-09-21,Nurnberg,Hertha,0,2,A,7.0,19.0,3.0,9.0
2425,E1,2024-09-21,Bristol City,Oxford,2,1,H,19.0,7.0,6.0,2.0
2425,E1,2024-09-21,Burnley,Portsmouth,2,1,H,18.0,5.0,4.0,2.0
2425,E1,2024-09-21,Cardiff,Leeds,0,2,A,3.0,15.0,2.0,7.0
2425,E1,2024-09-21,Coventry,Swansea,1,2,A,20.0,11.0,7.0,4.0
2425,E1,2024-09-21,Luton,Sheffield Weds,2,1,H,15.0,12.0,3.0,6.0
2425,E1,2024-09-21,Norwich,Watford,4,1,H,19.0,11.0,8.0,3.0
2425,E1,2024-09-21,QPR,Millwall,1,1,D,7.0,16.0,2.0,5.0
2425,E1,2024-09-21,Sheffield United,Derby,1,0,H,18.0,3.0,5.0,0.0
2425,E1,2024-09-21,Sunderland,Middlesbrough,1,0,H,9.0,11.0,2.0,1.0
2425,E1,2024-09-21,West Brom,Plymouth,1,0,H,17.0,17.0,4.0,4.0
2425,F2,2024-09-21,Metz,Lorient,1,1,D,7.0,16.0,1.0,5.0
2425,I2,2024-09-21,Cosenza,Sassuolo,0,1,A,22.0,11.0,5.0,6.0
2425,I2,2024-09-21,Modena,Juve Stabia,3,0,H,9.0,7.0,5.0,3.0
2425,I2,2024-09-21,Palermo,Cesena,0,0,D,15.0,11.0,1.0,7.0
2425,I2,2024-09-21,Pisa,Brescia,2,1,H,13.0,14.0,5.0,5.0
2425,I2,2024-09-21,Reggiana,Salernitana,0,0,D,10.0,15.0,2.0,8.0
2425,I2,2024-09-21,Sampdoria,Sudtirol,1,0,H,12.0,8.0,3.0,2.0
2425,SP2,2024-09-21,Eldense,Oviedo,1,1,D,16.0,10.0,4.0,5.0
2425,SP2,2024-09-21,Ferrol,Albacete,1,4,A,16.0,22.0,3.0,10.0
2425,SP2,2024-09-21,La Coruna,Burgos,0,2,A,16.0,7.0,3.0,4.0
2425,SP2,2024-09-21,Zaragoza,Levante,2,1,H,19.0,13.0,6.0,4.0
2425,D2,2024-09-22,Elversberg,Ulm,1,3,A,19.0,18.0,4.0,4.0
2425,D2,2024-09-22,Magdeburg,Karlsruhe,2,2,D,13.0,7.0,4.0,3.0
2425,D2,2024-09-22,Regensburg,Preußen Münster,0,3,A,20.0,11.0,3.0,7.0
2425,E1,2024-09-22,Preston,Blackburn,0,0,D,7.0,6.0,5.0,3.0
2425,I2,2024-09-22,Frosinone,Bari,0,3,A,26.0,13.0,6.0,8.0
2425,I2,2024-09-22,Mantova,Cittadella,1,0,H,17.0,11.0,7.0,0.0
2425,I2,2024-09-22,Spezia,Carrarese,4,2,H,19.0,12.0,11.0,6.0
2425,SP2,2024-09-22,Almeria,Eibar,2,2,D,13.0,8.0,5.0,2.0
2425,SP2,2024-09-22,Cartagena,Cadiz,1,2,A,12.0,13.0,4.0,6.0
2425,SP2,2024-09-22,Castellon,Santander,0,1,A,18.0,10.0,10.0,8.0
2425,SP2,2024-09-22,Elche,Mirandes,1,0,H,19.0,5.0,9.0,3.0
2425,SP2,2024-09-22,Tenerife,Sp Gijon,1,1,D,14.0,7.0,3.0,3.0
2425,SP2,2024-09-23,Huesca,Cordoba,4,1,H,9.0,16.0,5.0,4.0
2425,F2,2024-09-24,Ajaccio,Grenoble,2,0,H,12.0,7.0,3.0,1.0
2425,F2,2024-09-24,Annecy,Troyes,1,0,H,9.0,18.0,2.0,3.0
2425,F2,2024-09-24,Caen,Amiens,2,1,H,15.0,7.0,3.0,4.0
2425,F2,2024-09-24,Clermont,Red Star,1,1,D,11.0,6.0,4.0,3.0
2425,F2,2024-09-24,Dunkerque,Bastia,2,1,H,12.0,11.0,3.0,4.0
2425,F2,2024-09-24,Metz,Martigues,6,0,H,18.0,12.0,9.0,5.0
2425,F2,2024-09-24,Paris FC,Guingamp,2,0,H,10.0,9.0,8.0,5.0
2425,F2,2024-09-24,Pau FC,Lorient,1,0,H,19.0,6.0,7.0,2.0
2425,F2,2024-09-24,Rodez,Laval,1,3,A,14.0,10.0,2.0,6.0
2425,D2,2024-09-27,Greuther Furth,Fortuna Dusseldorf,1,2,A,15.0,12.0,1.0,3.0
2425,D2,2024-09-27,Ulm,Braunschweig,3,1,H,18.0,9.0,6.0,1.0
2425,E1,2024-09-27,Plymouth,Luton,3,1,H,19.0,16.0,6.0,2.0
2425,F2,2024-09-27,Amiens,Rodez,2,1,H,20.0,12.0,11.0,3.0
2425,F2,2024-09-27,Bastia,Annecy,2,2,D,20.0,9.0,10.0,2.0
2425,F2,2024-09-27,Grenoble,Clermont,3,0,H,10.0,7.0,5.0,3.0
2425,F2,2024-09-27,Laval,Pau FC,3,1,H,7.0,7.0,5.0,2.0
2425,F2,2024-09-27,Lorient,Ajaccio,3,0,H,27.0,7.0,10.0,3.0
2425,F2,2024-09-27,Martigues,Dunkerque,1,1,D,5.0,18.0,1.0,7.0
2425,I2,2024-09-27,Cittadella,Frosinone,1,2,A,12.0,17.0,4.0,5.0
2425,SP2,2024-09-27,Albacete,La Coruna,2,5,A,20.0,14.0,7.0,7.0
2425,D2,2024-09-28,Darmstadt,Magdeburg,1,2,A,17.0,11.0,7.0,3.0
2425,D2,2024-09-28,Hamburg,Paderborn,2,2,D,17.0,12.0,7.0,6.0
2425,D2,2024-09-28,Preußen Münster,Schalke 04,1,2,A,19.0,14.0,4.0,4.0
2425,D2,2024-09-28,Regensburg,Kaiserslautern,0,0,D,7.0,9.0,2.0,4.0
2425,E1,2024-09-28,Blackburn,QPR,2,0,H,19.0,6.0,12.0,1.0
2425,E1,2024-09-28,Derby,Norwich,2,3,A,16.0,10.0,5.0,5.0
2425,E1,2024-09-28,Hull,Cardiff,4,1,H,18.0,16.0,9.0,5.0
2425,E1,2024-09-28,Leeds,Coventry,3,0,H,13.0,7.0,8.0,2.0
2425,E1,2024-09-28,Middlesbrough,Stoke,2,0,H,26.0,7.0,9.0,1.0
2425,E1,2024-09-28,Millwall,Preston,3,1,H,14.0,11.0,6.0,4.0
2425,E1,2024-09-28,Oxford,Burnley,0,0,D,3.0,14.0,1.0,1.0
2425,E1,2024-09-28,Portsmouth,Sheffield United,0,0,D,9.0,12.0,2.0,4.0
2425,E1,2024-09-28,Sheffield Weds,West Brom,3,2,H,12.0,12.0,5.0,3.0
2425,E1,2024-09-28,Watford,Sunderland,2,1,H,13.0,17.0,5.0,5.0
2425,F2,2024-09-28,Red Star,Paris FC,1,3,A,12.0,11.0,4.0,6.0
2425,F2,2024-09-28,Troyes,Metz,2,1,H,6.0,12.0,5.0,2.0
2425,I2,2024-09-28,Bari,Cosenza,1,1,D,12.0,11.0,1.0,4.0
2425,I2,2024-09-28,Carrarese,Reggiana,0,0,D,17.0,10.0,6.0,4.0
2425,I2,2024-09-28,Sassuolo,Spezia,0,0,D,12.0,13.0,3.0,1.0
2425,SP2,2024-09-28,Cadiz,Eldense,1,2,A,23.0,15.0,7.0,6.0
2425,SP2,2024-09-28,Malaga,Elche,0,3,A,5.0,14.0,0.0,8.0
2425,SP2,2024-09-28,Mirandes,Huesca,1,0,H,16.0,6.0,2.0,1.0
2425,SP2,2024-09-28,Sp Gijon,Zaragoza,1,0,H,22.0,7.0,8.0,2.0
2425,D2,2024-09-29,FC Koln,Karlsruhe,4,4,D,16.0,19.0,5.0,7.0
2425,D2,2024-09-29,Hannover,Nurnberg,2,0,H,13.0,10.0,6.0,4.0
2425,D2,2024-09-29,Hertha,Elversberg,1,4,A,11.0,11.0,4.0,9.0
2425,E1,2024-09-29,Swansea,Bristol City,1,1,D,7.0,15.0,2.0,6.0
2425,I2,2024-09-29,Cesena,Mantova,4,2,H,16.0,16.0,9.0,5.0
2425,I2,2024-09-29,Juve Stabia,Pisa,2,0,H,13.0,8.0,6.0,2.0
2425,I2,2024-09-29,Modena,Sampdoria,1,3,A,8.0,13.0,4.0,6.0
2425,I2,2024-09-29,Salernitana,Catanzaro,0,0,D,9.0,3.0,3.0,0.0
2425,SP2,2024-09-29,Burgos,Granada,2,2,D,5.0,9.0,2.0,4.0
2425,SP2,2024-09-29,Castellon,Tenerife,2,1,H,19.0,16.0,8.0,6.0
2425,SP2,2024-09-29,Cordoba,Ferrol,3,1,H,23.0,8.0,5.0,3.0
2425,SP2,2024-09-29,Levante,Almeria,4,2,H,13.0,17.0,8.0,4.0
2425,SP2,2024-09-29,Oviedo,Eibar,1,0,H,19.0,8.0,5.0,2.0
2425,F2,2024-09-30,Guingamp,Caen,3,1,H,13.0,6.0,9.0,2.0
2425,I2,2024-09-30,Brescia,Cremonese,3,2,H,14.0,19.0,7.0,7.0
2425,I2,2024-09-30,Sudtirol,Palermo,1,3,A,16.0,7.0,5.0,3.0
2425,SP2,2024-09-30,Santander,Cartagena,1,2,A,15.0,9.0,3.0,2.0
2425,E1,2024-10-01,Burnley,Plymouth,1,0,H,11.0,7.0,3.0,0.0
2425,E1,2024-10-01,Cardiff,Millwall,1,0,H,10.0,11.0,5.0,5.0
2425,E1,2024-10-01,Coventry,Blackburn,3,0,H,18.0,10.0,8.0,3.0
2425,E1,2024-10-01,Luton,Oxford,2,2,D,12.0,19.0,4.0,8.0
2425,E1,2024-10-01,Norwich,Leeds,1,1,D,7.0,14.0,1.0,3.0
2425,E1,2024-10-01,QPR,Hull,1,3,A,21.0,15.0,7.0,6.0
2425,E1,2024-10-01,Sunderland,Derby,2,0,H,9.0,13.0,3.0,5.0
2425,E1,2024-10-01,West Brom,Middlesbrough,0,1,A,11.0,15.0,1.0,4.0
2425,E1,2024-10-02,Bristol City,Sheffield Weds,0,0,D,10.0,8.0,2.0,1.0
2425,E1,2024-10-02,Preston,Watford,3,0,H,15.0,10.0,6.0,6.0
2425,E1,2024-10-02,Sheffield United,Swansea,1,0,H,15.0,7.0,3.0,1.0
2425,E1,2024-10-02,Stoke,Portsmouth,6,1,H,20.0,9.0,8.0,2.0
2425,D2,2024-10-04,Karlsruhe,Darmstadt,3,3,D,13.0,18.0,5.0,9.0
2425,D2,2024-10-04,Paderborn,Regensburg,3,0,H,22.0,10.0,9.0,1.0
2425,E1,2024-10-04,Sunderland,Leeds,2,2,D,14.0,15.0,4.0,4.0
2425,F2,2024-10-04,Annecy,Red Star,1,0,H,13.0,9.0,4.0,0.0
2425,F2,2024-10-04,Dunkerque,Troyes,2,1,H,12.0,22.0,7.0,11.0
2425,F2,2024-10-04,Paris FC,Laval,1,0,H,21.0,6.0,8.0,1.0
2425,F2,2024-10-04,Rodez,Grenoble,2,1,H,12.0,4.0,6.0,2.0
2425,I2,2024-10-04,Sampdoria,Juve Stabia,1,2,A,16.0,7.0,4.0,3.0
2425,SP2,2024-10-04,Huesca,Cadiz,3,1,H,6.0,12.0,5.0,4.0
2425,D2,2024-10-05,Elversberg,Kaiserslautern,1,0,H,13.0,16.0,3.0,3.0
2425,D2,2024-10-05,FC Koln,Ulm,2,0,H,21.0,3.0,4.0,0.0
2425,D2,2024-10-05,Nurnberg,Preußen Münster,3,2,H,17.0,15.0,7.0,4.0
2425,D2,2024-10-05,Schalke 04,Hertha,2,2,D,14.0,17.0,3.0,5.0
2425,E1,2024-10-05,Burnley,Preston,0,0,D,9.0,9.0,1.0,2.0
2425,E1,2024-10-05,Coventry,Sheffield Weds,1,2,A,13.0,13.0,2.0,5.0
2425,E1,2024-10-05,Derby,QPR,2,0,H,10.0,11.0,5.0,3.0
2425,E1,2024-10-05,Norwich,Hull,4,0,H,19.0,16.0,9.0,5.0
2425,E1,2024-10-05,Plymouth,Blackburn,2,1,H,17.0,7.0,7.0,4.0
2425,E1,2024-10-05,Portsmouth,Oxford,1,1,D,21.0,13.0,8.0,3.0
2425,E1,2024-10-05,Sheffield United,Luton,2,0,H,15.0,8.0,7.0,2.0
2425,E1,2024-10-05,Swansea,Stoke,0,0,D,19.0,10.0,5.0,4.0
2425,E1,2024-10-05,Watford,Middlesbrough,2,1,H,9.0,11.0,4.0,5.0
2425,E1,2024-10-05,West Brom,Millwall,0,0,D,13.0,6.0,3.0,4.0
2425,F2,2024-10-05,Ajaccio,Martigues,1,1,D,7.0,8.0,3.0,2.0
2425,F2,2024-10-05,Caen,Lorient,1,2,A,4.0,14.0,1.0,5.0
2425,F2,2024-10-05,Clermont,Guingamp,4,1,H,9.0,23.0,6.0,7.0
2425,F2,2024-10-05,Metz,Amiens,3,2,H,15.0,6.0,7.0,4.0
2425,I2,2024-10-05,Frosinone,Carrarese,0,1,A,15.0,4.0,3.0,3.0
2425,I2,2024-10-05,Pisa,Cesena,3,1,H,14.0,6.0,7.0,2.0
2425,I2,2024-10-05,Sassuolo,Cittadella,6,1,H,19.0,11.0,13.0,4.0
2425,I2,2024-10-05,Spezia,Reggiana,1,0,H,12.0,15.0,2.0,3.0
2425,SP2,2024-10-05,Almeria,Burgos,2,0,H,20.0,17.0,6.0,5.0
2425,SP2,2024-10-05,Eibar,Sp Gijon,1,3,A,15.0,11.0,8.0,5.0
2425,SP2,2024-10-05,Ferrol,Elche,1,0,H,7.0,10.0,1.0,4.0
2425,SP2,2024-10-05,Mirandes,Granada,0,1,A,12.0,5.0,4.0,1.0
2425,SP2,2024-10-05,Tenerife,Cartagena,2,0,H,19.0,4.0,5.0,3.0
2425,SP2,2024-10-05,Zaragoza,Santander,2,3,A,19.0,14.0,8.0,6.0
2425,D2,2024-10-06,Braunschweig,Hannover,2,0,H,22.0,17.0,12.0,1.0
2425,D2,2024-10-06,Fortuna Dusseldorf,Hamburg,0,3,A,22.0,18.0,7.0,5.0
2425,D2,2024-10-06,Magdeburg,Greuther Furth,2,2,D,15.0,18.0,6.0,3.0
2425,E1,2024-10-06,Bristol City,Cardiff,1,1,D,16.0,15.0,2.0,2.0
2425,I2,2024-10-06,Catanzaro,Modena,2,2,D,9.0,7.0,5.0,3.0
2425,I2,2024-10-06,Cosenza,Sudtirol,0,2,A,32.0,10.0,6.0,4.0
2425,I2,2024-10-06,Cremonese,Bari,1,1,D,19.0,14.0,6.0,4.0
2425,I2,2024-10-06,Mantova,Brescia,1,1,D,21.0,10.0,7.0,4.0
2425,I2,2024-10-06,Palermo,Salernitana,0,1,A,16.0,9.0,5.0,4.0
2425,SP2,2024-10-06,Albacete,Cordoba,1,1,D,19.0,11.0,5.0,3.0
2425,SP2,2024-10-06,Eldense,Castellon,2,3,A,14.0,13.0,6.0,6.0
2425,SP2,2024-10-06,La Coruna,Malaga,0,0,D,22.0,13.0,6.0,5.0
2425,SP2,2024-10-06,Levante,Oviedo,0,0,D,8.0,12.0,1.0,1.0
2425,SP2,2024-10-11,Tenerife,Zaragoza,2,3,A,9.0,18.0,2.0,10.0
2425,SP2,2024-10-12,Cadiz,Malaga,2,2,D,16.0,13.0,9.0,7.0
2425,SP2,2024-10-12,Cartagena,Ferrol,0,1,A,7.0,5.0,1.0,2.0
2425,SP2,2024-10-12,Eibar,Eldense,1,0,H,16.0,14.0,7.0,3.0
2425,SP2,2024-10-13,Burgos,Mirandes,0,1,A,9.0,11.0,3.0,3.0
2425,SP2,2024-10-13,Elche,La Coruna,0,0,D,13.0,10.0,1.0,5.0
2425,SP2,2024-10-13,Granada,Cordoba,1,0,H,18.0,8.0,5.0,2.0
2425,SP2,2024-10-13,Huesca,Albacete,2,2,D,9.0,5.0,2.0,2.0
2425,SP2,2024-10-13,Oviedo,Almeria,3,2,H,24.0,8.0,10.0,5.0
2425,SP2,2024-10-13,Santander,Levante,1,0,H,16.0,6.0,2.0,2.0
2425,SP2,2024-10-14,Sp Gijon,Castellon,2,1,H,19.0,11.0,9.0,1.0
2425,D2,2024-10-18,Darmstadt,FC Koln,5,1,H,11.0,15.0,6.0,6.0
2425,D2,2024-10-18,Hertha,Braunschweig,3,1,H,16.0,5.0,7.0,2.0
2425,E1,2024-10-18,Leeds,Sheffield United,2,0,H,13.0,5.0,4.0,0.0
2425,F2,2024-10-18,Bastia,Clermont,0,0,D,20.0,6.0,4.0,2.0
2425,F2,2024-10-18,Grenoble,Metz,2,0,H,13.0,13.0,5.0,7.0
2425,F2,2024-10-18,Guingamp,Pau FC,0,1,A,15.0,13.0,6.0,7.0
2425,F2,2024-10-18,Laval,Dunkerque,3,2,H,3.0,14.0,3.0,7.0
2425,F2,2024-10-18,Martigues,Rodez,0,2,A,12.0,12.0,6.0,6.0
2425,F2,2024-10-18,Red Star,Caen,2,2,D,17.0,10.0,10.0,2.0
2425,I2,2024-10-18,Bari,Catanzaro,1,1,D,16.0,18.0,5.0,7.0
2425,SP2,2024-10-18,Cordoba,Cartagena,2,1,H,21.0,6.0,7.0,3.0
2425,D2,2024-10-19,Hannover,Schalke 04,1,0,H,15.0,7.0,3.0,2.0
2425,D2,2024-10-19,Kaiserslautern,Paderborn,3,0,H,13.0,13.0,8.0,2.0
2425,D2,2024-10-19,Preußen Münster,Elversberg,1,1,D,5.0,17.0,1.0,4.0
2425,D2,2024-10-19,Regensburg,Fortuna Dusseldorf,0,3,A,10.0,15.0,5.0,4.0
2425,E1,2024-10-19,Blackburn,Swansea,1,0,H,8.0,14.0,3.0,2.0
2425,E1,2024-10-19,Cardiff,Plymouth,5,0,H,25.0,6.0,11.0,2.0
2425,E1,2024-10-19,Luton,Watford,3,0,H,13.0,9.0,5.0,1.0
2425,E1,2024-10-19,Middlesbrough,Bristol City,0,2,A,20.0,9.0,2.0,3.0
2425,E1,2024-10-19,Millwall,Derby,1,1,D,16.0,5.0,6.0,1.0
2425,E1,2024-10-19,Oxford,West Brom,1,1,D,12.0,14.0,3.0,3.0
2425,E1,2024-10-19,Preston,Coventry,1,0,H,18.0,12.0,3.0,1.0
2425,E1,2024-10-19,QPR,Portsmouth,1,2,A,15.0,11.0,8.0,3.0
2425,E1,2024-10-19,Sheffield Weds,Burnley,0,2,A,13.0,14.0,3.0,6.0
2425,E1,2024-10-19,Stoke,Norwich,1,1,D,14.0,12.0,5.0,4.0
2425,F2,2024-10-19,Amiens,Ajaccio,3,1,H,15.0,14.0,9.0,4.0
2425,F2,2024-10-19,Lorient,Annecy,4,2,H,19.0,9.0,9.0,4.0
2425,I2,2024-10-19,Brescia,Sassuolo,2,5,A,20.0,21.0,8.0,8.0
2425,I2,2024-10-19,Cittadella,Cosenza,0,0,D,21.0,10.0,5.0,2.0
2425,I2,2024-10-19,Modena,Palermo,2,2,D,16.0,12.0,4.0,5.0
2425,I2,2024-10-19,Salernitana,Spezia,0,2,A,18.0,14.0,5.0,4.0
2425,I2,2024-10-19,Sudtirol,Pisa,1,2,A,7.0,11.0,3.0,2.0
2425,SP2,2024-10-19,Castellon,Levante,2,0,H,15.0,12.0,5.0,4.0
2425,SP2,2024-10-19,Granada,Tenerife,4,0,H,18.0,6.0,12.0,0.0
2425,SP2,2024-10-19,La Coruna,Eldense,1,1,D,26.0,6.0,7.0,2.0
2425,SP2,2024-10-19,Malaga,Oviedo,0,0,D,12.0,20.0,4.0,7.0
2425,SP2,2024-10-19,Mirandes,Eibar,1,0,H,8.0,7.0,3.0,2.0
2425,D2,2024-10-20,Greuther Furth,Nurnberg,0,4,A,9.0,13.0,4.0,7.0
2425,D2,2024-10-20,Hamburg,Magdeburg,3,1,H,13.0,14.0,5.0,3.0
2425,D2,2024-10-20,Ulm,Karlsruhe,0,1,A,11.0,16.0,2.0,3.0
2425,E1,2024-10-20,Hull,Sunderland,0,1,A,8.0,10.0,0.0,2.0
2425,I2,2024-10-20,Carrarese,Mantova,1,1,D,16.0,9.0,5.0,2.0
2425,I2,2024-10-20,Cesena,Sampdoria,3,5,A,10.0,14.0,5.0,6.0
2425,I2,2024-10-20,Juve Stabia,Cremonese,1,2,A,15.0,16.0,4.0,6.0
2425,I2,2024-10-20,Reggiana,Frosinone,2,0,H,8.0,13.0,6.0,3.0
2425,SP2,2024-10-20,Cadiz,Santander,0,1,A,16.0,14.0,4.0,2.0
2425,SP2,2024-10-20,Elche,Sp Gijon,2,1,H,12.0,9.0,4.0,2.0
2425,SP2,2024-10-20,Ferrol,Huesca,0,0,D,13.0,10.0,4.0,2.0
2425,SP2,2024-10-20,Zaragoza,Almeria,1,2,A,15.0,13.0,3.0,5.0
2425,F2,2024-10-21,Troyes,Paris FC,0,3,A,11.0,11.0,3.0,6.0
2425,SP2,2024-10-21,Albacete,Burgos,2,0,H,18.0,9.0,10.0,3.0
2425,E1,2024-10-22,Cardiff,Portsmouth,2,0,H,24.0,8.0,10.0,2.0
2425,E1,2024-10-22,Leeds,Watford,2,1,H,24.0,9.0,7.0,3.0
2425,E1,2024-10-22,Oxford,Derby,1,1,D,11.0,17.0,3.0,4.0
2425,E1,2024-10-22,Preston,Norwich,2,2,D,8.0,9.0,2.0,3.0
2425,E1,2024-10-22,QPR,Coventry,1,1,D,16.0,8.0,5.0,3.0
2425,E1,2024-10-22,Sheffield Weds,Swansea,0,0,D,8.0,9.0,0.0,1.0
2425,E1,2024-10-22,Stoke,Bristol City,2,2,D,10.0,28.0,6.0,10.0
2425,F2,2024-10-22,Pau FC,Bastia,1,1,D,8.0,10.0,4.0,4.0
2425,SP2,2024-10-22,Castellon,Granada,2,3,A,11.0,11.0,4.0,5.0
2425,SP2,2024-10-22,Oviedo,Mirandes,4,1,H,16.0,5.0,8.0,2.0
2425,E1,2024-10-23,Blackburn,West Brom,0,0,D,8.0,9.0,2.0,4.0
2425,E1,2024-10-23,Hull,Burnley,1,1,D,11.0,11.0,2.0,5.0
2425,E1,2024-10-23,Luton,Sunderland,1,2,A,19.0,9.0,4.0,5.0
2425,E1,2024-10-23,Middlesbrough,Sheffield United,1,0,H,18.0,9.0,6.0,5.0
2425,E1,2024-10-23,Millwall,Plymouth,1,0,H,13.0,9.0,6.0,2.0
2425,SP2,2024-10-23,Cartagena,Elche,0,0,D,6.0,16.0,2.0,3.0
2425,SP2,2024-10-23,Eibar,Cadiz,1,0,H,11.0,12.0,4.0,4.0
2425,SP2,2024-10-23,Eldense,Zaragoza,2,3,A,21.0,9.0,7.0,4.0
2425,SP2,2024-10-23,Santander,Cordoba,2,0,H,20.0,13.0,7.0,4.0
2425,SP2,2024-10-24,Almeria,Albacete,3,1,H,25.0,15.0,8.0,7.0
2425,SP2,2024-10-24,Burgos,Ferrol,1,1,D,15.0,11.0,2.0,1.0
2425,SP2,2024-10-24,Levante,La Coruna,2,1,H,14.0,14.0,6.0,3.0
2425,SP2,2024-10-24,Sp Gijon,Huesca,2,1,H,15.0,10.0,5.0,4.0
2425,SP2,2024-10-24,Tenerife,Malaga,0,0,D,14.0,5.0,4.0,1.0
2425,D2,2024-10-25,FC Koln,Paderborn,1,2,A,12.0,9.0,3.0,4.0
2425,D2,2024-10-25,Nurnberg,Regensburg,8,3,H,20.0,16.0,12.0,7.0
2425,E1,2024-10-25,Portsmouth,Sheffield Weds,1,2,A,9.0,9.0,2.0,3.0
2425,F2,2024-10-25,Annecy,Laval,2,0,H,14.0,13.0,4.0,2.0
2425,F2,2024-10-25,Clermont,Martigues,0,1,A,10.0,10.0,2.0,4.0
2425,F2,2024-10-25,Dunkerque,Red Star,2,0,H,13.0,7.0,6.0,1.0
2425,F2,2024-10-25,Metz,Guingamp,1,0,H,14.0,10.0,7.0,3.0
2425,F2,2024-10-25,Pau FC,Amiens,0,2,A,11.0,10.0,3.0,4.0
2425,F2,2024-10-25,Rodez,Lorient,3,3,D,15.0,13.0,5.0,4.0
2425,I2,2024-10-25,Spezia,Bari,0,0,D,16.0,4.0,5.0,0.0
2425,D2,2024-10-26,Elversberg,Hamburg,4,2,H,18.0,9.0,10.0,4.0
2425,D2,2024-10-26,Fortuna Dusseldorf,Kaiserslautern,3,4,A,14.0,12.0,7.0,6.0
2425,D2,2024-10-26,Karlsruhe,Hertha,1,3,A,13.0,10.0,4.0,8.0
2425,D2,2024-10-26,Schalke 04,Greuther Furth,3,4,A,21.0,18.0,6.0,7.0
2425,E1,2024-10-26,Bristol City,Leeds,0,0,D,4.0,17.0,0.0,5.0
2425,E1,2024-10-26,Burnley,QPR,0,0,D,22.0,2.0,4.0,0.0
2425,E1,2024-10-26,Coventry,Luton,3,2,H,26.0,9.0,10.0,5.0
2425,E1,2024-10-26,Derby,Hull,1,1,D,14.0,11.0,3.0,5.0
2425,E1,2024-10-26,Plymouth,Preston,3,3,D,12.0,16.0,6.0,8.0
2425,E1,2024-10-26,Sheffield United,Stoke,2,0,H,19.0,7.0,6.0,3.0
2425,E1,2024-10-26,Sunderland,Oxford,2,0,H,13.0,5.0,6.0,2.0
2425,E1,2024-10-26,Swansea,Millwall,0,1,A,17.0,6.0,5.0,2.0
2425,E1,2024-10-26,Watford,Blackburn,1,0,H,10.0,12.0,1.0,2.0
2425,E1,2024-10-26,West Brom,Cardiff,0,0,D,19.0,5.0,4.0,0.0
2425,F2,2024-10-26,Caen,Troyes,0,1,A,14.0,10.0,4.0,5.0
2425,F2,2024-10-26,Paris FC,Grenoble,2,1,H,18.0,8.0,9.0,3.0
2425,I2,2024-10-26,Carrarese,Cittadella,3,0,H,9.0,20.0,4.0,2.0
2425,I2,2024-10-26,Cesena,Brescia,2,0,H,15.0,17.0,5.0,2.0
2425,I2,2024-10-26,Cosenza,Juve Stabia,1,1,D,13.0,10.0,5.0,3.0
2425,I2,2024-10-26,Cremonese,Salernitana,2,1,H,9.0,6.0,3.0,3.0
2425,I2,2024-10-26,Palermo,Reggiana,2,0,H,19.0,6.0,4.0,3.0
2425,I2,2024-10-26,Sassuolo,Modena,2,0,H,12.0,14.0,5.0,5.0
2425,SP2,2024-10-26,Cadiz,Oviedo,2,0,H,11.0,4.0,5.0,1.0
2425,SP2,2024-10-26,Cordoba,Eldense,2,0,H,18.0,7.0,10.0,3.0
2425,SP2,2024-10-26,Mirandes,Cartagena,3,1,H,12.0,11.0,6.0,5.0
2425,SP2,2024-10-26,Zaragoza,Castellon,1,2,A,10.0,13.0,4.0,4.0
2425,D2,2024-10-27,Braunschweig,Preußen Münster,1,1,D,9.0,8.0,2.0,4.0
2425,D2,2024-10-27,Darmstadt,Ulm,1,1,D,15.0,5.0,5.0,3.0
2425,D2,2024-10-27,Magdeburg,Hannover,0,3,A,20.0,12.0,5.0,6.0
2425,E1,2024-10-27,Norwich,Middlesbrough,3,3,D,9.0,14.0,3.0,8.0
2425,I2,2024-10-27,Catanzaro,Sudtirol,3,0,H,10.0,11.0,6.0,1.0
2425,I2,2024-10-27,Frosinone,Pisa,0,0,D,11.0,20.0,3.0,4.0
2425,I2,2024-10-27,Sampdoria,Mantova,1,0,H,20.0,11.0,7.0,5.0
2425,SP2,2024-10-27,Albacete,Sp Gijon,3,3,D,25.0,11.0,12.0,7.0
2425,SP2,2024-10-27,Elche,Burgos,1,0,H,21.0,6.0,9.0,3.0
2425,SP2,2024-10-27,Granada,Levante,1,2,A,18.0,13.0,5.0,9.0
2425,SP2,2024-10-27,Huesca,Almeria,2,2,D,9.0,25.0,3.0,5.0
2425,SP2,2024-10-27,La Coruna,Santander,1,2,A,16.0,12.0,3.0,7.0
2425,SP2,2024-10-27,Malaga,Eibar,1,0,H,10.0,16.0,5.0,5.0
2425,SP2,2024-10-28,Ferrol,Tenerife,1,1,D,8.0,10.0,4.0,5.0
2425,F2,2024-10-29,Amiens,Paris FC,0,0,D,15.0,14.0,3.0,4.0
2425,F2,2024-10-29,Bastia,Rodez,2,2,D,17.0,14.0,6.0,3.0
2425,F2,2024-10-29,Grenoble,Annecy,0,0,D,7.0,16.0,2.0,6.0
2425,F2,2024-10-29,Guingamp,Ajaccio,1,0,H,11.0,6.0,5.0,4.0
2425,F2,2024-10-29,Laval,Clermont,1,2,A,14.0,9.0,4.0,4.0
2425,F2,2024-10-29,Lorient,Dunkerque,4,2,H,11.0,9.0,5.0,4.0
2425,F2,2024-10-29,Martigues,Caen,0,3,A,10.0,15.0,1.0,7.0
2425,F2,2024-10-29,Red Star,Metz,1,0,H,6.0,16.0,2.0,1.0
2425,F2,2024-10-29,Troyes,Pau FC,3,0,H,18.0,9.0,10.0,2.0
2425,I2,2024-10-29,Bari,Carrarese,0,0,D,14.0,9.0,6.0,4.0
2425,I2,2024-10-29,Brescia,Spezia,1,1,D,11.0,11.0,3.0,2.0
2425,I2,2024-10-29,Juve Stabia,Sassuolo,2,2,D,16.0,12.0,7.0,3.0
2425,I2,2024-10-29,Modena,Cremonese,2,2,D,19.0,13.0,8.0,3.0
2425,I2,2024-10-29,Reggiana,Cosenza,0,1,A,12.0,7.0,2.0,3.0
2425,I2,2024-10-29,Salernitana,Cesena,1,1,D,10.0,5.0,3.0,1.0
2425,I2,2024-10-30,Cittadella,Sampdoria,0,0,D,7.0,6.0,1.0,1.0
2425,I2,2024-10-30,Mantova,Palermo,0,0,D,6.0,13.0,1.0,4.0
2425,I2,2024-10-30,Pisa,Catanzaro,0,0,D,20.0,7.0,1.0,3.0
2425,I2,2024-10-30,Sudtirol,Frosinone,1,1,D,12.0,6.0,5.0,3.0
2425,D2,2024-11-01,Preußen Münster,Fortuna Dusseldorf,1,0,H,6.0,11.0,4.0,2.0
2425,D2,2024-11-01,Ulm,Schalke 04,0,0,D,17.0,10.0,5.0,2.0
2425,E1,2024-11-01,Luton,West Brom,1,1,D,13.0,10.0,5.0,3.0
2425,F2,2024-11-01,Annecy,Pau FC,2,0,H,8.0,9.0,5.0,2.0
2425,F2,2024-11-01,Clermont,Lorient,2,1,H,12.0,9.0,4.0,2.0
2425,F2,2024-11-01,Dunkerque,Amiens,3,1,H,15.0,12.0,8.0,6.0
2425,F2,2024-11-01,Martigues,Red Star,0,1,A,7.0,18.0,0.0,6.0
2425,F2,2024-11-01,Paris FC,Rodez,3,3,D,13.0,12.0,7.0,6.0
2425,F2,2024-11-01,Troyes,Laval,0,0,D,9.0,9.0,5.0,1.0
2425,D2,2024-11-02,Greuther Furth,Darmstadt,1,5,A,21.0,18.0,6.0,9.0
2425,D2,2024-11-02,Hannover,Karlsruhe,2,1,H,16.0,9.0,9.0,4.0
2425,D2,2024-11-02,Hertha,FC Koln,0,1,A,10.0,12.0,4.0,2.0
2425,D2,2024-11-02,Regensburg,Elversberg,1,0,H,9.0,14.0,2.0,5.0
2425,E1,2024-11-02,Blackburn,Sheffield United,0,2,A,9.0,20.0,0.0,9.0
2425,E1,2024-11-02,Cardiff,Norwich,2,1,H,11.0,16.0,5.0,6.0
2425,E1,2024-11-02,Hull,Portsmouth,1,1,D,10.0,9.0,3.0,5.0
2425,E1,2024-11-02,Leeds,Plymouth,3,0,H,23.0,0.0,7.0,0.0
2425,E1,2024-11-02,Middlesbrough,Coventry,0,3,A,9.0,10.0,1.0,4.0
2425,E1,2024-11-02,Oxford,Swansea,1,2,A,9.0,16.0,2.0,5.0
2425,E1,2024-11-02,Preston,Bristol City,1,3,A,14.0,5.0,2.0,3.0
2425,E1,2024-11-02,QPR,Sunderland,0,0,D,17.0,8.0,3.0,1.0
2425,E1,2024-11-02,Sheffield Weds,Watford,2,6,A,14.0,16.0,6.0,8.0
2425,E1,2024-11-02,Stoke,Derby,2,1,H,13.0,9.0,4.0,3.0
2425,F2,2024-11-02,Caen,Bastia,2,0,H,3.0,17.0,2.0,1.0
2425,F2,2024-11-02,Guingamp,Grenoble,3,0,H,18.0,16.0,8.0,5.0
2425,I2,2024-11-02,Bari,Reggiana,2,2,D,10.0,10.0,5.0,10.0
2425,I2,2024-11-02,Carrarese,Juve Stabia,0,0,D,5.0,6.0,0.0,4.0
2425,I2,2024-11-02,Spezia,Modena,1,0,H,8.0,6.0,3.0,1.0
2425,SP2,2024-11-02,Cartagena,La Coruna,1,5,A,17.0,18.0,4.0,13.0
2425,SP2,2024-11-02,Eibar,Elche,0,2,A,12.0,15.0,6.0,3.0
2425,SP2,2024-11-02,Santander,Albacete,1,1,D,16.0,11.0,8.0,4.0
2425,SP2,2024-11-02,Sp Gijon,Cadiz,2,0,H,4.0,9.0,2.0,0.0
2425,SP2,2024-11-02,Zaragoza,Granada,2,1,H,13.0,16.0,6.0,3.0
2425,D2,2024-11-03,Hamburg,Nurnberg,1,1,D,12.0,18.0,4.0,11.0
2425,D2,2024-11-03,Kaiserslautern,Magdeburg,2,2,D,22.0,7.0,6.0,4.0
2425,D2,2024-11-03,Paderborn,Braunschweig,0,0,D,9.0,18.0,2.0,3.0
2425,E1,2024-11-03,Millwall,Burnley,1,0,H,12.0,8.0,3.0,0.0
2425,I2,2024-11-03,Catanzaro,Frosinone,0,0,D,13.0,9.0,3.0,3.0
2425,I2,2024-11-03,Cesena,Sudtirol,1,0,H,13.0,5.0,4.0,2.0
2425,I2,2024-11-03,Cosenza,Salernitana,1,1,D,14.0,7.0,2.0,2.0
2425,I2,2024-11-03,Cremonese,Pisa,1,3,A,10.0,11.0,2.0,3.0
2425,I2,2024-11-03,Palermo,Cittadella,0,1,A,20.0,10.0,6.0,4.0
2425,I2,2024-11-03,Sampdoria,Brescia,0,1,A,17.0,22.0,6.0,5.0
2425,I2,2024-11-03,Sassuolo,Mantova,1,0,H,20.0,12.0,7.0,4.0
2425,SP2,2024-11-03,Oviedo,Burgos,3,1,H,19.0,10.0,7.0,3.0
2425,SP2,2024-11-03,Tenerife,Mirandes,1,0,H,8.0,5.0,2.0,1.0
2425,F2,2024-11-04,Ajaccio,Metz,0,1,A,16.0,10.0,4.0,6.0
2425,E1,2024-11-05,Bristol City,Sheffield United,1,2,A,12.0,11.0,2.0,4.0
2425,E1,2024-11-05,Oxford,Hull,1,0,H,4.0,12.0,2.0,2.0
2425,E1,2024-11-05,Plymouth,Portsmouth,1,0,H,10.0,14.0,4.0,4.0
2425,E1,2024-11-05,QPR,Middlesbrough,1,4,A,7.0,12.0,5.0,8.0
2425,E1,2024-11-05,Sheffield Weds,Norwich,2,0,H,12.0,5.0,5.0,3.0
2425,E1,2024-11-05,Swansea,Watford,1,0,H,12.0,7.0,3.0,0.0
2425,E1,2024-11-06,Blackburn,Stoke,0,2,A,25.0,15.0,8.0,7.0
2425,E1,2024-11-06,Coventry,Derby,1,2,A,11.0,3.0,3.0,1.0
2425,E1,2024-11-06,Luton,Cardiff,1,0,H,8.0,10.0,3.0,3.0
2425,E1,2024-11-06,Millwall,Leeds,1,0,H,6.0,14.0,3.0,4.0
2425,E1,2024-11-06,Preston,Sunderland,0,0,D,14.0,10.0,2.0,2.0
2425,E1,2024-11-07,West Brom,Burnley,0,0,D,11.0,12.0,1.0,4.0
2425,D2,2024-11-08,Braunschweig,Hamburg,3,1,H,18.0,24.0,4.0,7.0
2425,D2,2024-11-08,Nurnberg,Kaiserslautern,0,0,D,13.0,12.0,5.0,2.0
2425,E1,2024-11-08,Watford,Oxford,1,0,H,16.0,10.0,8.0,3.0
2425,F2,2024-11-08,Ajaccio,Clermont,2,0,H,14.0,13.0,6.0,4.0
2425,F2,2024-11-08,Amiens,Martigues,1,1,D,26.0,8.0,10.0,4.0
2425,F2,2024-11-08,Grenoble,Dunkerque,0,1,A,11.0,9.0,0.0,4.0
2425,F2,2024-11-08,Laval,Bastia,2,2,D,13.0,15.0,5.0,7.0
2425,F2,2024-11-08,Red Star,Troyes,0,3,A,7.0,8.0,2.0,5.0
2425,F2,2024-11-08,Rodez,Annecy,5,1,H,15.0,9.0,9.0,4.0
2425,I2,2024-11-08,Frosinone,Palermo,1,1,D,11.0,13.0,1.0,8.0
2425,SP2,2024-11-08,Elche,Almeria,1,2,A,21.0,12.0,4.0,7.0
2425,D2,2024-11-09,Darmstadt,Hertha,3,1,H,13.0,12.0,3.0,6.0
2425,D2,2024-11-09,FC Koln,Greuther Furth,1,0,H,23.0,4.0,2.0,1.0
2425,D2,2024-11-09,Fortuna Dusseldorf,Paderborn,1,1,D,11.0,8.0,3.0,3.0
2425,D2,2024-11-09,Magdeburg,Ulm,0,0,D,20.0,6.0,8.0,1.0
2425,E1,2024-11-09,Cardiff,Blackburn,1,3,A,20.0,10.0,8.0,7.0
2425,E1,2024-11-09,Derby,Plymouth,1,1,D,20.0,5.0,4.0,2.0
2425,E1,2024-11-09,Leeds,QPR,2,0,H,21.0,5.0,6.0,0.0
2425,E1,2024-11-09,Middlesbrough,Luton,5,1,H,11.0,5.0,6.0,3.0
2425,E1,2024-11-09,Norwich,Bristol City,0,2,A,9.0,9.0,3.0,2.0
2425,E1,2024-11-09,Portsmouth,Preston,3,1,H,18.0,6.0,6.0,1.0
2425,E1,2024-11-09,Stoke,Millwall,1,1,D,8.0,7.0,3.0,1.0
2425,E1,2024-11-09,Sunderland,Coventry,2,2,D,9.0,8.0,5.0,3.0
2425,F2,2024-11-09,Lorient,Guingamp,3,1,H,13.0,8.0,3.0,2.0
2425,F2,2024-11-09,Metz,Caen,1,0,H,15.0,14.0,1.0,2.0
2425,F2,2024-11-09,Pau FC,Paris FC,0,0,D,11.0,16.0,2.0,5.0
2425,I2,2024-11-09,Brescia,Cosenza,2,3,A,19.0,14.0,7.0,5.0
2425,I2,2024-11-09,Mantova,Cremonese,1,0,H,16.0,18.0,3.0,4.0
2425,I2,2024-11-09,Modena,Carrarese,2,0,H,11.0,7.0,4.0,1.0
2425,I2,2024-11-09,Pisa,Sampdoria,3,0,H,11.0,15.0,5.0,3.0
2425,I2,2024-11-09,Sudtirol,Sassuolo,0,1,A,9.0,15.0,2.0,6.0
2425,SP2,2024-11-09,Granada,Eldense,3,2,H,13.0,10.0,4.0,6.0
2425,SP2,2024-11-09,Huesca,Zaragoza,1,1,D,11.0,17.0,4.0,4.0
2425,SP2,2024-11-09,Malaga,Cartagena,1,0,H,21.0,9.0,6.0,2.0
2425,SP2,2024-11-09,Mirandes,Cadiz,2,2,D,20.0,4.0,3.0,2.0
2425,D2,2024-11-10,Elversberg,Hannover,3,1,H,22.0,7.0,9.0,2.0
2425,D2,2024-11-10,Karlsruhe,Preußen Münster,1,1,D,13.0,14.0,2.0,6.0
2425,D2,2024-11-10,Schalke 04,Regensburg,2,0,H,15.0,8.0,4.0,1.0
2425,E1,2024-11-10,Hull,West Brom,1,2,A,13.0,5.0,3.0,3.0
2425,E1,2024-11-10,Sheffield United,Sheffield Weds,1,0,H,8.0,10.0,1.0,0.0
2425,I2,2024-11-10,Cittadella,Cesena,0,2,A,8.0,16.0,2.0,10.0
2425,I2,2024-11-10,Juve Stabia,Spezia,0,3,A,13.0,16.0,1.0,10.0
2425,I2,2024-11-10,Reggiana,Catanzaro,2,2,D,8.0,16.0,3.0,5.0
2425,I2,2024-11-10,Salernitana,Bari,0,2,A,25.0,6.0,5.0,3.0
2425,SP2,2024-11-10,Albacete,Oviedo,2,2,D,6.0,10.0,3.0,5.0
2425,SP2,2024-11-10,Burgos,Sp Gijon,0,2,A,13.0,13.0,5.0,4.0
2425,SP2,2024-11-10,Cordoba,Castellon,2,2,D,18.0,10.0,7.0,2.0
2425,SP2,2024-11-10,Ferrol,Santander,1,2,A,12.0,12.0,1.0,4.0
2425,SP2,2024-11-11,La Coruna,Eibar,1,0,H,12.0,15.0,4.0,4.0
2425,SP2,2024-11-16,Castellon,Mirandes,1,3,A,14.0,17.0,6.0,9.0
2425,SP2,2024-11-16,Eibar,Ferrol,2,0,H,16.0,7.0,5.0,2.0
2425,SP2,2024-11-16,Eldense,Albacete,2,0,H,9.0,14.0,3.0,1.0
2425,SP2,2024-11-16,Levante,Elche,1,1,D,15.0,15.0,2.0,10.0
2425,SP2,2024-11-16,Santander,Burgos,2,0,H,3.0,9.0,3.0,5.0
2425,SP2,2024-11-16,Sp Gijon,Granada,1,2,A,11.0,10.0,5.0,6.0
2425,SP2,2024-11-17,Almeria,La Coruna,2,1,H,16.0,7.0,6.0,5.0
2425,SP2,2024-11-17,Cadiz,Cordoba,2,0,H,12.0,20.0,5.0,2.0
2425,SP2,2024-11-17,Cartagena,Huesca,1,0,H,10.0,16.0,3.0,6.0
2425,SP2,2024-11-17,Oviedo,Tenerife,3,1,H,17.0,13.0,8.0,3.0
2425,SP2,2024-11-17,Zaragoza,Malaga,0,0,D,21.0,8.0,8.0,2.0
2425,SP2,2024-11-20,Eldense,Huesca,2,1,H,13.0,14.0,5.0,3.0
2425,D2,2024-11-22,Paderborn,Nurnberg,3,2,H,11.0,12.0,6.0,4.0
2425,D2,2024-11-22,Preußen Münster,FC Koln,0,1,A,9.0,11.0,1.0,4.0
2425,E1,2024-11-22,Plymouth,Watford,2,2,D,10.0,12.0,3.0,5.0
2425,F2,2024-11-22,Caen,Rodez,3,3,D,5.0,6.0,5.0,4.0
2425,F2,2024-11-22,Clermont,Metz,1,1,D,12.0,10.0,4.0,4.0
2425,F2,2024-11-22,Guingamp,Amiens,3,0,H,11.0,3.0,5.0,0.0
2425,F2,2024-11-22,Martigues,Laval,0,3,A,10.0,15.0,3.0,8.0
2425,F2,2024-11-22,Pau FC,Red Star,4,1,H,25.0,7.0,6.0,3.0
2425,F2,2024-11-22,Troyes,Grenoble,0,0,D,10.0,10.0,2.0,5.0
2425,I2,2024-11-22,Cosenza,Modena,1,1,D,26.0,8.0,5.0,3.0
2425,SP2,2024-11-22,Ferrol,Levante,0,0,D,16.0,10.0,3.0,2.0
2425,D2,2024-11-23,Fortuna Dusseldorf,Elversberg,0,2,A,22.0,11.0,6.0,5.0
2425,D2,2024-11-23,Greuther Furth,Karlsruhe,2,3,A,13.0,14.0,5.0,3.0
2425,D2,2024-11-23,Hamburg,Schalke 04,2,2,D,19.0,7.0,6.0,2.0
2425,D2,2024-11-23,Hannover,Darmstadt,1,2,A,20.0,14.0,8.0,8.0
2425,D2,2024-11-23,Hertha,Ulm,2,2,D,14.0,13.0,6.0,5.0
2425,E1,2024-11-23,Bristol City,Burnley,0,1,A,7.0,14.0,2.0,5.0
2425,E1,2024-11-23,Coventry,Sheffield United,2,2,D,20.0,7.0,6.0,2.0
2425,E1,2024-11-23,Luton,Hull,1,0,H,7.0,14.0,2.0,2.0
2425,E1,2024-11-23,Millwall,Sunderland,1,1,D,11.0,9.0,5.0,6.0
2425,E1,2024-11-23,Oxford,Middlesbrough,2,6,A,11.0,16.0,7.0,12.0
2425,E1,2024-11-23,Preston,Derby,1,1,D,11.0,5.0,3.0,1.0
2425,E1,2024-11-23,QPR,Stoke,1,1,D,23.0,9.0,5.0,5.0
2425,E1,2024-11-23,Sheffield Weds,Cardiff,1,1,D,16.0,9.0,3.0,4.0
2425,E1,2024-11-23,West Brom,Norwich,2,2,D,22.0,11.0,6.0,5.0
2425,F2,2024-11-23,Bastia,Lorient,0,0,D,6.0,16.0,1.0,8.0
2425,F2,2024-11-23,Paris FC,Annecy,0,0,D,3.0,16.0,0.0,3.0
2425,I2,2024-11-23,Carrarese,Pisa,1,0,H,14.0,6.0,6.0,0.0
2425,I2,2024-11-23,Catanzaro,Mantova,2,2,D,13.0,13.0,2.0,7.0
2425,I2,2024-11-23,Cesena,Reggiana,1,1,D,23.0,7.0,9.0,3.0
2425,I2,2024-11-23,Juve Stabia,Brescia,0,0,D,16.0,18.0,2.0,4.0
2425,I2,2024-11-23,Sassuolo,Salernitana,4,0,H,23.0,9.0,8.0,3.0
2425,SP2,2024-11-23,Burgos,Eibar,1,0,H,15.0,5.0,6.0,1.0
2425,SP2,2024-11-23,Cartagena,Almeria,1,2,A,7.0,18.0,4.0,3.0
2425,SP2,2024-11-23,Cordoba,Zaragoza,2,2,D,21.0,7.0,8.0,4.0
2425,SP2,2024-11-23,Granada,Cadiz,0,0,D,22.0,7.0,3.0,3.0
2425,SP2,2024-11-23,Malaga,Santander,0,0,D,19.0,11.0,6.0,7.0
2425,D2,2024-11-24,Kaiserslautern,Braunschweig,3,2,H,14.0,10.0,7.0,6.0
2425,D2,2024-11-24,Regensburg,Magdeburg,0,1,A,11.0,9.0,1.0,3.0
2425,E1,2024-11-24,Swansea,Leeds,3,4,A,10.0,13.0,5.0,4.0
2425,I2,2024-11-24,Bari,Cittadella,3,2,H,15.0,13.0,5.0,3.0
2425,I2,2024-11-24,Cremonese,Frosinone,1,0,H,16.0,11.0,6.0,1.0
2425,I2,2024-11-24,Palermo,Sampdoria,1,1,D,26.0,8.0,8.0,2.0
2425,I2,2024-11-24,Spezia,Sudtirol,3,0,H,18.0,7.0,6.0,1.0
2425,SP2,2024-11-24,Albacete,Tenerife,2,1,H,14.0,9.0,3.0,2.0
2425,SP2,2024-11-24,Elche,Oviedo,4,0,H,23.0,4.0,10.0,1.0
2425,SP2,2024-11-24,Huesca,Castellon,1,1,D,10.0,22.0,3.0,9.0
2425,SP2,2024-11-24,La Coruna,Sp Gijon,1,1,D,4.0,14.0,3.0,6.0
2425,SP2,2024-11-24,Mirandes,Eldense,1,0,H,9.0,10.0,3.0,2.0
2425,F2,2024-11-25,Dunkerque,Ajaccio,1,0,H,22.0,1.0,6.0,0.0
2425,E1,2024-11-26,Burnley,Coventry,2,0,H,12.0,3.0,3.0,1.0
2425,E1,2024-11-26,Hull,Sheffield Weds,0,2,A,9.0,16.0,3.0,4.0
2425,E1,2024-11-26,Norwich,Plymouth,6,1,H,19.0,13.0,10.0,4.0
2425,E1,2024-11-26,Sheffield United,Oxford,3,0,H,14.0,9.0,8.0,3.0
2425,E1,2024-11-26,Stoke,Preston,0,0,D,12.0,8.0,1.0,3.0
2425,E1,2024-11-26,Sunderland,West Brom,0,0,D,18.0,2.0,2.0,0.0
2425,E1,2024-11-26,Watford,Bristol City,1,0,H,7.0,14.0,1.0,5.0
2425,SP2,2024-11-26,Almeria,Cordoba,4,0,H,10.0,10.0,7.0,3.0
2425,E1,2024-11-27,Cardiff,QPR,0,2,A,24.0,10.0,7.0,5.0
2425,E1,2024-11-27,Derby,Swansea,1,2,A,18.0,3.0,7.0,2.0
2425,E1,2024-11-27,Leeds,Luton,3,0,H,20.0,7.0,11.0,4.0
2425,E1,2024-11-27,Middlesbrough,Blackburn,0,1,A,10.0,7.0,2.0,2.0
2425,SP2,2024-11-27,Castellon,Ferrol,0,0,D,17.0,14.0,8.0,5.0
2425,SP2,2024-11-27,Levante,Malaga,4,2,H,23.0,13.0,8.0,4.0
2425,D2,2024-11-29,Magdeburg,Hertha,1,3,A,12.0,12.0,2.0,7.0
2425,D2,2024-11-29,Schalke 04,Kaiserslautern,0,3,A,16.0,16.0,6.0,9.0
2425,E1,2024-11-29,Sheffield United,Sunderland,1,0,H,14.0,16.0,4.0,2.0
2425,I2,2024-11-29,Reggiana,Sassuolo,0,2,A,18.0,8.0,5.0,4.0
2425,SP2,2024-11-29,Oviedo,Huesca,0,3,A,19.0,13.0,4.0,9.0
2425,D2,2024-11-30,Braunschweig,Regensburg,0,0,D,8.0,18.0,1.0,5.0
2425,D2,2024-11-30,Darmstadt,Preußen Münster,0,0,D,15.0,4.0,2.0,2.0
2425,D2,2024-11-30,Elversberg,Paderborn,1,3,A,6.0,17.0,2.0,6.0
2425,D2,2024-11-30,FC Koln,Hannover,2,2,D,15.0,5.0,3.0,3.0
2425,E1,2024-11-30,Blackburn,Leeds,1,0,H,11.0,13.0,2.0,5.0
2425,E1,2024-11-30,Bristol City,Plymouth,4,0,H,25.0,4.0,12.0,2.0
2425,E1,2024-11-30,Coventry,Cardiff,2,2,D,11.0,10.0,6.0,4.0
2425,E1,2024-11-30,Middlesbrough,Hull,3,1,H,21.0,10.0,9.0,3.0
2425,E1,2024-11-30,Norwich,Luton,4,2,H,16.0,12.0,6.0,3.0
2425,E1,2024-11-30,Oxford,Millwall,1,1,D,8.0,11.0,3.0,3.0
2425,E1,2024-11-30,Preston,West Brom,1,1,D,13.0,8.0,6.0,3.0
2425,E1,2024-11-30,Stoke,Burnley,0,2,A,14.0,16.0,5.0,4.0
2425,E1,2024-11-30,Swansea,Portsmouth,2,2,D,22.0,6.0,6.0,4.0
2425,E1,2024-11-30,Watford,QPR,0,0,D,17.0,16.0,6.0,1.0
2425,I2,2024-11-30,Brescia,Bari,1,1,D,12.0,14.0,4.0,2.0
2425,I2,2024-11-30,Cittadella,Juve Stabia,2,2,D,15.0,7.0,7.0,4.0
2425,I2,2024-11-30,Mantova,Modena,0,0,D,18.0,10.0,4.0,4.0
2425,I2,2024-11-30,Sampdoria,Catanzaro,3,3,D,15.0,5.0,7.0,4.0
2425,I2,2024-11-30,Sudtirol,Cremonese,0,4,A,12.0,15.0,2.0,8.0
2425,SP2,2024-11-30,Almeria,Granada,2,1,H,16.0,8.0,8.0,5.0
2425,SP2,2024-11-30,Cadiz,La Coruna,2,4,A,11.0,13.0,5.0,6.0
2425,SP2,2024-11-30,Santander,Mirandes,0,1,A,19.0,10.0,2.0,4.0
2425,SP2,2024-11-30,Tenerife,Elche,1,1,D,13.0,7.0,2.0,2.0
2425,SP2,2024-11-30,Zaragoza,Albacete,0,1,A,19.0,7.0,2.0,2.0
2425,D2,2024-12-01,Karlsruhe,Hamburg,1,3,A,18.0,19.0,4.0,8.0
2425,D2,2024-12-01,Nurnberg,Fortuna Dusseldorf,2,2,D,14.0,15.0,5.0,6.0
2425,D2,2024-12-01,Ulm,Greuther Furth,1,1,D,8.0,14.0,5.0,2.0
2425,E1,2024-12-01,Derby,Sheffield Weds,1,2,A,13.0,10.0,4.0,2.0
2425,I2,2024-12-01,Frosinone,Cesena,3,2,H,12.0,9.0,7.0,7.0
2425,I2,2024-12-01,Palermo,Spezia,2,0,H,19.0,10.0,9.0,1.0
2425,I2,2024-12-01,Pisa,Cosenza,2,2,D,16.0,18.0,6.0,5.0
2425,I2,2024-12-01,Salernitana,Carrarese,4,1,H,20.0,16.0,10.0,6.0
2425,SP2,2024-12-01,Castellon,Malaga,2,0,H,14.0,7.0,8.0,2.0
2425,SP2,2024-12-01,Eldense,Ferrol,0,0,D,13.0,5.0,2.0,1.0
2425,SP2,2024-12-01,Levante,Burgos,3,1,H,9.0,8.0,3.0,3.0
2425,SP2,2024-12-01,Sp Gijon,Cordoba,2,0,H,8.0,11.0,5.0,4.0
2425,SP2,2024-12-02,Eibar,Cartagena,1,0,H,18.0,6.0,7.0,2.0
2425,F2,2024-12-03,Ajaccio,Bastia,0,0,D,4.0,5.0,2.0,0.0
2425,D2,2024-12-06,Elversberg,Nurnberg,2,1,H,20.0,14.0,5.0,6.0
2425,D2,2024-12-06,Paderborn,Schalke 04,2,4,A,5.0,25.0,4.0,10.0
2425,E1,2024-12-06,Burnley,Middlesbrough,1,1,D,15.0,10.0,4.0,5.0
2425,F2,2024-12-06,Annecy,Clermont,2,0,H,18.0,15.0,8.0,3.0
2425,F2,2024-12-06,Laval,Caen,1,0,H,7.0,9.0,3.0,4.0
2425,F2,2024-12-06,Lorient,Troyes,2,0,H,13.0,7.0,6.0,1.0
2425,F2,2024-12-06,Martigues,Guingamp,0,1,A,12.0,14.0,3.0,2.0
2425,F2,2024-12-06,Red Star,Bastia,0,0,D,5.0,20.0,0.0,11.0
2425,F2,2024-12-06,Rodez,Pau FC,1,0,H,21.0,15.0,6.0,4.0
2425,I2,2024-12-06,Juve Stabia,Sudtirol,2,1,H,16.0,13.0,4.0,4.0
2425,SP2,2024-12-06,Mirandes,Levante,2,1,H,8.0,14.0,3.0,2.0
2425,D2,2024-12-07,Greuther Furth,Hertha,2,1,H,14.0,13.0,5.0,3.0
2425,D2,2024-12-07,Hannover,Ulm,3,2,H,23.0,8.0,8.0,3.0
2425,D2,2024-12-07,Kaiserslautern,Karlsruhe,3,1,H,9.0,9.0,5.0,1.0
2425,D2,2024-12-07,Preußen Münster,Magdeburg,1,2,A,15.0,15.0,4.0,5.0
2425,E1,2024-12-07,Hull,Blackburn,0,1,A,14.0,5.0,6.0,1.0
2425,E1,2024-12-07,Leeds,Derby,2,0,H,18.0,3.0,6.0,1.0
2425,E1,2024-12-07,Luton,Swansea,1,1,D,8.0,20.0,2.0,10.0
2425,E1,2024-12-07,Millwall,Coventry,0,1,A,9.0,14.0,0.0,3.0
2425,E1,2024-12-07,Portsmouth,Bristol City,3,0,H,13.0,11.0,8.0,2.0
2425,E1,2024-12-07,QPR,Norwich,3,0,H,9.0,5.0,5.0,1.0
2425,E1,2024-12-07,Sheffield Weds,Preston,1,1,D,13.0,14.0,4.0,7.0
2425,E1,2024-12-07,Sunderland,Stoke,2,1,H,25.0,11.0,10.0,3.0
2425,F2,2024-12-07,Ajaccio,Paris FC,0,2,A,10.0,14.0,4.0,6.0
2425,F2,2024-12-07,Grenoble,Amiens,0,2,A,8.0,19.0,3.0,7.0
2425,I2,2024-12-07,Bari,Cesena,1,0,H,5.0,18.0,3.0,3.0
2425,I2,2024-12-07,Carrarese,Palermo,1,0,H,12.0,15.0,4.0,0.0
2425,I2,2024-12-07,Cosenza,Frosinone,0,1,A,16.0,14.0,4.0,6.0
2425,I2,2024-12-07,Mantova,Pisa,2,3,A,15.0,15.0,7.0,6.0
2425,I2,2024-12-07,Modena,Salernitana,1,1,D,14.0,11.0,5.0,3.0
2425,SP2,2024-12-07,Elche,Cadiz,2,1,H,15.0,9.0,6.0,4.0
2425,SP2,2024-12-07,Granada,Santander,3,0,H,14.0,10.0,6.0,3.0
2425,SP2,2024-12-07,Huesca,Eibar,2,1,H,7.0,14.0,5.0,7.0
2425,SP2,2024-12-07,La Coruna,Zaragoza,1,1,D,6.0,26.0,2.0,4.0
2425,D2,2024-12-08,Fortuna Dusseldorf,Braunschweig,5,0,H,19.0,14.0,7.0,5.0
2425,D2,2024-12-08,Hamburg,Darmstadt,2,2,D,16.0,19.0,7.0,6.0
2425,D2,2024-12-08,Regensburg,FC Koln,0,1,A,11.0,13.0,2.0,3.0
2425,E1,2024-12-08,West Brom,Sheffield United,2,2,D,11.0,12.0,4.0,5.0
2425,I2,2024-12-08,Catanzaro,Brescia,2,1,H,16.0,10.0,4.0,3.0
2425,I2,2024-12-08,Cremonese,Reggiana,0,2,A,14.0,10.0,1.0,3.0
2425,I2,2024-12-08,Sassuolo,Sampdoria,5,1,H,12.0,9.0,10.0,2.0
2425,I2,2024-12-08,Spezia,Cittadella,5,0,H,18.0,8.0,10.0,2.0
2425,SP2,2024-12-08,Albacete,Castellon,0,0,D,9.0,5.0,2.0,0.0
2425,SP2,2024-12-08,Burgos,Eldense,1,0,H,12.0,10.0,4.0,2.0
2425,SP2,2024-12-08,Cordoba,Tenerife,3,0,H,22.0,6.0,8.0,1.0
2425,SP2,2024-12-08,Ferrol,Oviedo,1,5,A,8.0,26.0,2.0,15.0
2425,SP2,2024-12-08,Malaga,Almeria,1,1,D,10.0,24.0,1.0,8.0
2425,F2,2024-12-09,Metz,Dunkerque,2,0,H,12.0,11.0,6.0,1.0
2425,SP2,2024-12-09,Cartagena,Sp Gijon,1,0,H,11.0,10.0,8.0,3.0
2425,E1,2024-12-10,Burnley,Derby,0,0,D,14.0,6.0,4.0,1.0
2425,E1,2024-12-10,Leeds,Middlesbrough,3,1,H,17.0,6.0,5.0,2.0
2425,E1,2024-12-10,Luton,Stoke,2,1,H,18.0,15.0,8.0,4.0
2425,E1,2024-12-10,Plymouth,Swansea,1,2,A,14.0,10.0,2.0,2.0
2425,E1,2024-12-10,Portsmouth,Norwich,0,0,D,15.0,5.0,1.0,4.0
2425,E1,2024-12-10,Sheffield Weds,Blackburn,0,1,A,16.0,8.0,4.0,3.0
2425,E1,2024-12-10,Sunderland,Bristol City,1,1,D,21.0,7.0,5.0,2.0
2425,E1,2024-12-11,Cardiff,Preston,0,2,A,13.0,14.0,4.0,4.0
2425,E1,2024-12-11,Hull,Watford,1,1,D,13.0,12.0,4.0,2.0
2425,E1,2024-12-11,Millwall,Sheffield United,0,1,A,11.0,9.0,3.0,1.0
2425,E1,2024-12-11,QPR,Oxford,2,0,H,11.0,4.0,4.0,1.0
2425,E1,2024-12-11,West Brom,Coventry,2,0,H,10.0,16.0,2.0,4.0
2425,D2,2024-12-13,Hertha,Preußen Münster,1,2,A,13.0,12.0,4.0,3.0
2425,D2,2024-12-13,Karlsruhe,Regensburg,4,2,H,16.0,14.0,8.0,5.0
2425,E1,2024-12-13,Derby,Portsmouth,4,0,H,17.0,3.0,7.0,0.0
2425,F2,2024-12-13,Amiens,Laval,1,3,A,13.0,7.0,5.0,3.0
2425,F2,2024-12-13,Bastia,Guingamp,3,1,H,18.0,5.0,7.0,3.0
2425,F2,2024-12-13,Clermont,Rodez,1,1,D,18.0,13.0,7.0,6.0
2425,F2,2024-12-13,Pau FC,Ajaccio,1,0,H,23.0,10.0,7.0,3.0
2425,F2,2024-12-13,Troyes,Martigues,4,0,H,22.0,7.0,16.0,1.0
2425,I2,2024-12-13,Pisa,Bari,2,0,H,17.0,6.0,5.0,1.0
2425,SP2,2024-12-13,Almeria,Mirandes,1,0,H,9.0,11.0,4.0,3.0
2425,D2,2024-12-14,Darmstadt,Kaiserslautern,5,1,H,16.0,10.0,11.0,3.0
2425,D2,2024-12-14,Magdeburg,Paderborn,1,1,D,13.0,13.0,4.0,6.0
2425,D2,2024-12-14,Schalke 04,Fortuna Dusseldorf,1,1,D,17.0,7.0,10.0,3.0
2425,D2,2024-12-14,Ulm,Hamburg,1,1,D,15.0,6.0,5.0,2.0
2425,E1,2024-12-14,Blackburn,Luton,2,0,H,12.0,10.0,6.0,4.0
2425,E1,2024-12-14,Bristol City,QPR,1,1,D,17.0,5.0,5.0,2.0
2425,E1,2024-12-14,Coventry,Hull,2,1,H,18.0,10.0,7.0,4.0
2425,E1,2024-12-14,Middlesbrough,Millwall,1,0,H,11.0,12.0,2.0,4.0
2425,E1,2024-12-14,Oxford,Sheffield Weds,1,3,A,11.0,15.0,5.0,9.0
2425,E1,2024-12-14,Preston,Leeds,1,1,D,5.0,18.0,2.0,4.0
2425,E1,2024-12-14,Sheffield United,Plymouth,2,0,H,10.0,12.0,3.0,4.0
2425,E1,2024-12-14,Stoke,Cardiff,2,2,D,14.0,19.0,5.0,4.0
2425,E1,2024-12-14,Swansea,Sunderland,2,3,A,10.0,13.0,4.0,5.0
2425,F2,2024-12-14,Annecy,Metz,0,0,D,10.0,9.0,5.0,2.0
2425,F2,2024-12-14,Lorient,Paris FC,2,0,H,21.0,10.0,3.0,4.0
2425,F2,2024-12-14,Red Star,Grenoble,3,1,H,15.0,20.0,3.0,7.0
2425,I2,2024-12-14,Cesena,Cosenza,2,1,H,9.0,14.0,5.0,5.0
2425,I2,2024-12-14,Frosinone,Sassuolo,1,2,A,9.0,15.0,3.0,3.0
2425,I2,2024-12-14,Reggiana,Modena,0,1,A,13.0,11.0,2.0,4.0
2425,I2,2024-12-14,Sampdoria,Spezia,0,0,D,9.0,17.0,3.0,5.0
2425,I2,2024-12-14,Sudtirol,Mantova,2,2,D,11.0,14.0,5.0,5.0
2425,SP2,2024-12-14,Cadiz,Albacete,1,0,H,14.0,9.0,3.0,1.0
2425,SP2,2024-12-14,Castellon,Cartagena,4,1,H,24.0,9.0,13.0,7.0
2425,SP2,2024-12-14,Eibar,Zaragoza,2,1,H,12.0,6.0,6.0,3.0
2425,SP2,2024-12-14,Eldense,Elche,0,0,D,13.0,9.0,1.0,1.0
2425,SP2,2024-12-14,Levante,Cordoba,2,2,D,10.0,17.0,3.0,4.0
2425,SP2,2024-12-14,Oviedo,Granada,2,0,H,8.0,7.0,4.0,1.0
2425,D2,2024-12-15,Braunschweig,Elversberg,0,3,A,9.0,17.0,3.0,8.0
2425,D2,2024-12-15,FC Koln,Nurnberg,3,1,H,14.0,17.0,5.0,4.0
2425,D2,2024-12-15,Greuther Furth,Hannover,1,0,H,10.0,8.0,2.0,2.0
2425,E1,2024-12-15,Norwich,Burnley,1,2,A,12.0,10.0,6.0,5.0
2425,E1,2024-12-15,Watford,West Brom,2,1,H,14.0,15.0,7.0,6.0
2425,I2,2024-12-15,Brescia,Carrarese,0,0,D,5.0,16.0,1.0,4.0
2425,I2,2024-12-15,Cittadella,Cremonese,0,0,D,7.0,9.0,0.0,4.0
2425,I2,2024-12-15,Palermo,Catanzaro,1,2,A,27.0,10.0,7.0,5.0
2425,I2,2024-12-15,Salernitana,Juve Stabia,1,2,A,14.0,8.0,5.0,3.0
2425,SP2,2024-12-15,Burgos,Malaga,0,0,D,11.0,10.0,3.0,1.0
2425,SP2,2024-12-15,Santander,Huesca,0,1,A,16.0,7.0,7.0,4.0
2425,SP2,2024-12-15,Sp Gijon,Ferrol,1,3,A,24.0,7.0,8.0,3.0
2425,F2,2024-12-16,Dunkerque,Caen,3,1,H,18.0,5.0,8.0,2.0
2425,SP2,2024-12-17,Albacete,Levante,0,0,D,12.0,12.0,2.0,4.0
2425,SP2,2024-12-17,Cordoba,Eibar,2,1,H,12.0,13.0,5.0,5.0
2425,SP2,2024-12-17,Granada,Cartagena,4,1,H,18.0,10.0,5.0,3.0
2425,SP2,2024-12-17,Zaragoza,Oviedo,2,3,A,22.0,15.0,11.0,5.0
2425,SP2,2024-12-18,Ferrol,Almeria,1,4,A,16.0,8.0,10.0,4.0
2425,SP2,2024-12-18,Malaga,Eldense,3,0,H,16.0,15.0,6.0,4.0
2425,SP2,2024-12-18,Mirandes,Sp Gijon,1,1,D,6.0,14.0,3.0,6.0
2425,SP2,2024-12-19,Cadiz,Burgos,1,1,D,11.0,8.0,3.0,2.0
2425,SP2,2024-12-19,Elche,Santander,3,0,H,18.0,14.0,8.0,3.0
2425,SP2,2024-12-19,Huesca,Tenerife,1,0,H,10.0,12.0,4.0,2.0
2425,SP2,2024-12-19,La Coruna,Castellon,5,1,H,18.0,10.0,12.0,3.0
2425,D2,2024-12-20,Elversberg,Schalke 04,1,4,A,16.0,14.0,5.0,6.0
2425,D2,2024-12-20,Fortuna Dusseldorf,Magdeburg,2,5,A,13.0,16.0,6.0,11.0
2425,E1,2024-12-20,Luton,Derby,2,1,H,18.0,10.0,5.0,3.0
2425,I2,2024-12-20,Salernitana,Brescia,0,0,D,17.0,9.0,4.0,2.0
2425,SP2,2024-12-20,Cartagena,Albacete,0,0,D,10.0,13.0,0.0,4.0
2425,D2,2024-12-21,Hamburg,Greuther Furth,5,0,H,14.0,5.0,9.0,3.0
2425,D2,2024-12-21,Nurnberg,Braunschweig,1,0,H,15.0,9.0,5.0,2.0
2425,D2,2024-12-21,Paderborn,Karlsruhe,1,2,A,22.0,8.0,9.0,5.0
2425,D2,2024-12-21,Preußen Münster,Ulm,0,0,D,6.0,13.0,1.0,4.0
2425,E1,2024-12-21,Burnley,Watford,2,1,H,15.0,9.0,5.0,2.0
2425,E1,2024-12-21,Cardiff,Sheffield United,0,2,A,8.0,12.0,2.0,5.0
2425,E1,2024-12-21,Hull,Swansea,2,1,H,12.0,8.0,5.0,2.0
2425,E1,2024-12-21,Leeds,Oxford,4,0,H,23.0,6.0,9.0,0.0
2425,E1,2024-12-21,Millwall,Blackburn,1,0,H,17.0,6.0,4.0,1.0
2425,E1,2024-12-21,Plymouth,Middlesbrough,3,3,D,12.0,17.0,5.0,6.0
2425,E1,2024-12-21,Portsmouth,Coventry,4,1,H,12.0,7.0,7.0,3.0
2425,E1,2024-12-21,QPR,Preston,2,1,H,16.0,2.0,4.0,2.0
2425,E1,2024-12-21,Sheffield Weds,Stoke,2,0,H,6.0,15.0,4.0,4.0
2425,E1,2024-12-21,Sunderland,Norwich,2,1,H,7.0,7.0,4.0,4.0
2425,I2,2024-12-21,Bari,Sudtirol,0,1,A,14.0,18.0,2.0,6.0
2425,I2,2024-12-21,Carrarese,Cosenza,1,0,H,18.0,12.0,4.0,3.0
2425,I2,2024-12-21,Catanzaro,Spezia,0,1,A,15.0,16.0,3.0,3.0
2425,I2,2024-12-21,Cittadella,Reggiana,3,1,H,9.0,11.0,5.0,4.0
2425,I2,2024-12-21,Mantova,Frosinone,3,1,H,14.0,14.0,7.0,5.0
2425,I2,2024-12-21,Modena,Pisa,1,0,H,6.0,15.0,2.0,2.0
2425,I2,2024-12-21,Sassuolo,Palermo,2,1,H,13.0,16.0,3.0,4.0
2425,SP2,2024-12-21,Eibar,Granada,1,1,D,15.0,10.0,7.0,5.0
2425,SP2,2024-12-21,Oviedo,Cordoba,2,3,A,15.0,14.0,5.0,8.0
2425,SP2,2024-12-21,Sp Gijon,Malaga,1,3,A,23.0,8.0,8.0,5.0
2425,SP2,2024-12-21,Zaragoza,Ferrol,1,0,H,13.0,5.0,4.0,1.0
2425,D2,2024-12-22,Hannover,Hertha,0,0,D,7.0,17.0,1.0,4.0
2425,D2,2024-12-22,Kaiserslautern,FC Koln,0,1,A,10.0,12.0,4.0,7.0
2425,D2,2024-12-22,Regensburg,Darmstadt,2,1,H,14.0,21.0,5.0,6.0
2425,E1,2024-12-22,West Brom,Bristol City,2,0,H,17.0,8.0,4.0,2.0
2425,I2,2024-12-22,Cremonese,Sampdoria,1,1,D,34.0,6.0,9.0,4.0
2425,I2,2024-12-22,Juve Stabia,Cesena,1,0,H,8.0,5.0,2.0,1.0
2425,SP2,2024-12-22,Almeria,Cadiz,1,1,D,20.0,5.0,6.0,4.0
2425,SP2,2024-12-22,Burgos,Tenerife,1,0,H,9.0,5.0,3.0,0.0
2425,SP2,2024-12-22,Castellon,Elche,0,2,A,10.0,7.0,3.0,3.0
2425,SP2,2024-12-22,La Coruna,Mirandes,0,4,A,5.0,14.0,2.0,7.0
2425,SP2,2024-12-22,Levante,Huesca,1,1,D,14.0,6.0,5.0,2.0
2425,SP2,2024-12-22,Santander,Eldense,2,2,D,14.0,15.0,5.0,5.0
2425,E1,2024-12-26,Blackburn,Sunderland,2,2,D,12.0,13.0,3.0,4.0
2425,E1,2024-12-26,Bristol City,Luton,1,0,H,10.0,7.0,3.0,2.0
2425,E1,2024-12-26,Coventry,Plymouth,4,0,H,19.0,5.0,9.0,1.0
2425,E1,2024-12-26,Derby,West Brom,2,1,H,13.0,14.0,4.0,3.0
2425,E1,2024-12-26,Middlesbrough,Sheffield Weds,3,3,D,7.0,15.0,4.0,5.0
2425,E1,2024-12-26,Norwich,Millwall,2,1,H,9.0,8.0,4.0,2.0
2425,E1,2024-12-26,Oxford,Cardiff,3,2,H,13.0,8.0,5.0,3.0
2425,E1,2024-12-26,Preston,Hull,1,0,H,8.0,10.0,2.0,4.0
2425,E1,2024-12-26,Sheffield United,Burnley,0,2,A,9.0,8.0,3.0,4.0
2425,E1,2024-12-26,Stoke,Leeds,0,2,A,3.0,20.0,2.0,5.0
2425,E1,2024-12-26,Swansea,QPR,3,0,H,10.0,4.0,8.0,0.0
2425,E1,2024-12-26,Watford,Portsmouth,2,1,H,13.0,5.0,6.0,1.0
2425,I2,2024-12-26,Brescia,Modena,3,3,D,16.0,17.0,6.0,9.0
2425,I2,2024-12-26,Cesena,Cremonese,0,1,A,11.0,8.0,3.0,1.0
2425,I2,2024-12-26,Cosenza,Catanzaro,1,1,D,15.0,23.0,6.0,5.0
2425,I2,2024-12-26,Frosinone,Salernitana,2,0,H,19.0,5.0,9.0,1.0
2425,I2,2024-12-26,Palermo,Bari,1,0,H,19.0,19.0,6.0,6.0
2425,I2,2024-12-26,Pisa,Sassuolo,3,1,H,11.0,14.0,3.0,4.0
2425,I2,2024-12-26,Reggiana,Juve Stabia,2,1,H,18.0,13.0,9.0,4.0
2425,I2,2024-12-26,Sampdoria,Carrarese,1,1,D,31.0,5.0,9.0,3.0
2425,I2,2024-12-26,Spezia,Mantova,1,1,D,26.0,5.0,5.0,1.0
2425,I2,2024-12-26,Sudtirol,Cittadella,1,2,A,11.0,17.0,2.0,6.0
2425,E1,2024-12-29,Blackburn,Hull,0,1,A,14.0,8.0,2.0,3.0
2425,E1,2024-12-29,Bristol City,Portsmouth,3,0,H,20.0,5.0,7.0,2.0
2425,E1,2024-12-29,Coventry,Millwall,0,0,D,6.0,10.0,1.0,2.0
2425,E1,2024-12-29,Derby,Leeds,0,1,A,4.0,17.0,1.0,6.0
2425,E1,2024-12-29,Middlesbrough,Burnley,0,0,D,8.0,8.0,3.0,1.0
2425,E1,2024-12-29,Norwich,QPR,1,1,D,19.0,4.0,4.0,0.0
2425,E1,2024-12-29,Oxford,Plymouth,2,0,H,14.0,11.0,5.0,2.0
2425,E1,2024-12-29,Preston,Sheffield Weds,3,1,H,14.0,18.0,7.0,3.0
2425,E1,2024-12-29,Sheffield United,West Brom,1,1,D,14.0,10.0,2.0,6.0
2425,E1,2024-12-29,Stoke,Sunderland,1,0,H,11.0,22.0,4.0,7.0
2425,E1,2024-12-29,Swansea,Luton,2,1,H,12.0,4.0,9.0,1.0
2425,E1,2024-12-29,Watford,Cardiff,1,2,A,9.0,9.0,1.0,3.0
2425,I2,2024-12-29,Bari,Spezia,2,0,H,16.0,13.0,5.0,4.0
2425,I2,2024-12-29,Carrarese,Cesena,2,0,H,18.0,12.0,6.0,2.0
2425,I2,2024-12-29,Catanzaro,Salernitana,1,0,H,12.0,9.0,6.0,2.0
2425,I2,2024-12-29,Cittadella,Palermo,2,1,H,10.0,18.0,4.0,6.0
2425,I2,2024-12-29,Cremonese,Brescia,1,1,D,16.0,9.0,6.0,4.0
2425,I2,2024-12-29,Juve Stabia,Frosinone,1,1,D,10.0,8.0,4.0,2.0
2425,I2,2024-12-29,Mantova,Reggiana,0,2,A,6.0,17.0,1.0,5.0
2425,I2,2024-12-29,Modena,Sudtirol,0,0,D,8.0,16.0,2.0,2.0
2425,I2,2024-12-29,Sampdoria,Pisa,0,1,A,14.0,6.0,5.0,2.0
2425,I2,2024-12-29,Sassuolo,Cosenza,2,1,H,20.0,9.0,11.0,3.0
2425,E1,2025-01-01,Burnley,Stoke,0,0,D,18.0,14.0,2.0,3.0
2425,E1,2025-01-01,Cardiff,Coventry,1,1,D,12.0,17.0,2.0,7.0
2425,E1,2025-01-01,Hull,Middlesbrough,0,1,A,7.0,17.0,0.0,6.0
2425,E1,2025-01-01,Leeds,Blackburn,1,1,D,12.0,4.0,4.0,2.0
2425,E1,2025-01-01,Luton,Norwich,0,1,A,14.0,10.0,3.0,2.0
2425,E1,2025-01-01,Millwall,Oxford,0,1,A,15.0,8.0,4.0,2.0
2425,E1,2025-01-01,Plymouth,Bristol City,2,2,D,15.0,14.0,7.0,6.0
2425,E1,2025-01-01,Portsmouth,Swansea,4,0,H,14.0,12.0,6.0,3.0
2425,E1,2025-01-01,QPR,Watford,3,1,H,9.0,12.0,5.0,3.0
2425,E1,2025-01-01,Sheffield Weds,Derby,4,2,H,13.0,17.0,8.0,8.0
2425,E1,2025-01-01,Sunderland,Sheffield United,2,1,H,14.0,16.0,6.0,3.0
2425,E1,2025-01-01,West Brom,Preston,3,1,H,12.0,10.0,7.0,5.0
2425,F2,2025-01-03,Ajaccio,Annecy,1,2,A,18.0,10.0,4.0,6.0
2425,F2,2025-01-03,Amiens,Troyes,0,3,A,12.0,10.0,5.0,6.0
2425,F2,2025-01-03,Caen,Clermont,0,1,A,10.0,12.0,6.0,6.0
2425,F2,2025-01-03,Grenoble,Bastia,3,2,H,13.0,11.0,6.0,6.0
2425,F2,2025-01-03,Paris FC,Martigues,1,2,A,26.0,8.0,7.0,5.0
2425,F2,2025-01-03,Rodez,Red Star,0,2,A,13.0,12.0,5.0,4.0
2425,E1,2025-01-04,Blackburn,Burnley,0,1,A,11.0,4.0,1.0,2.0
2425,E1,2025-01-04,Bristol City,Derby,1,0,H,11.0,9.0,2.0,3.0
2425,E1,2025-01-04,Hull,Leeds,3,3,D,15.0,17.0,6.0,9.0
2425,E1,2025-01-04,Middlesbrough,Cardiff,1,1,D,9.0,8.0,3.0,2.0
2425,E1,2025-01-04,Norwich,Coventry,2,1,H,24.0,6.0,9.0,2.0
2425,E1,2025-01-04,Preston,Oxford,1,1,D,19.0,5.0,5.0,3.0
2425,E1,2025-01-04,Sheffield Weds,Millwall,2,2,D,14.0,14.0,2.0,6.0
2425,E1,2025-01-04,Stoke,Plymouth,0,0,D,18.0,2.0,3.0,1.0
2425,E1,2025-01-04,Swansea,West Brom,1,1,D,11.0,16.0,2.0,4.0
2425,E1,2025-01-04,Watford,Sheffield United,1,2,A,7.0,7.0,4.0,6.0
2425,F2,2025-01-04,Guingamp,Dunkerque,1,1,D,5.0,10.0,2.0,5.0
2425,F2,2025-01-04,Laval,Lorient,2,0,H,9.0,14.0,4.0,5.0
2425,F2,2025-01-04,Metz,Pau FC,0,0,D,21.0,15.0,6.0,3.0
2425,E1,2025-01-05,Sunderland,Portsmouth,1,0,H,24.0,6.0,8.0,1.0
2425,E1,2025-01-06,QPR,Luton,2,1,H,15.0,18.0,6.0,4.0
2425,SP2,2025-01-07,Tenerife,Levante,0,3,A,10.0,17.0,2.0,5.0
2425,F2,2025-01-10,Annecy,Guingamp,1,4,A,10.0,15.0,3.0,7.0
2425,F2,2025-01-10,Laval,Red Star,1,1,D,9.0,9.0,6.0,4.0
2425,F2,2025-01-10,Martigues,Clermont,0,1,A,9.0,15.0,0.0,8.0
2425,F2,2025-01-10,Pau FC,Dunkerque,1,1,D,13.0,14.0,3.0,4.0
2425,F2,2025-01-10,Rodez,Troyes,2,1,H,10.0,12.0,4.0,1.0
2425,SP2,2025-01-10,Granada,Burgos,0,0,D,13.0,10.0,2.0,3.0
2425,F2,2025-01-11,Bastia,Ajaccio,4,0,H,13.0,7.0,6.0,3.0
2425,F2,2025-01-11,Caen,Grenoble,0,1,A,7.0,24.0,3.0,11.0
2425,F2,2025-01-11,Lorient,Metz,0,0,D,6.0,4.0,1.0,0.0
2425,F2,2025-01-11,Paris FC,Amiens,1,0,H,20.0,10.0,5.0,4.0
2425,SP2,2025-01-11,Albacete,Santander,2,2,D,10.0,18.0,3.0,9.0
2425,SP2,2025-01-11,Ferrol,Cartagena,0,0,D,18.0,3.0,5.0,2.0
2425,SP2,2025-01-11,Huesca,Mirandes,1,0,H,26.0,4.0,5.0,2.0
2425,SP2,2025-01-11,Malaga,La Coruna,1,1,D,11.0,13.0,1.0,4.0
2425,SP2,2025-01-11,Oviedo,Sp Gijon,1,1,D,10.0,8.0,4.0,2.0
2425,SP2,2025-01-11,Tenerife,Castellon,2,0,H,6.0,5.0,3.0,0.0
2425,I2,2025-01-12,Brescia,Sampdoria,1,1,D,20.0,13.0,5.0,4.0
2425,I2,2025-01-12,Cesena,Cittadella,0,0,D,10.0,7.0,3.0,4.0
2425,I2,2025-01-12,Cosenza,Mantova,2,2,D,10.0,13.0,4.0,5.0
2425,I2,2025-01-12,Frosinone,Cremonese,0,3,A,9.0,13.0,3.0,5.0
2425,I2,2025-01-12,Palermo,Modena,2,0,H,15.0,17.0,6.0,1.0
2425,I2,2025-01-12,Reggiana,Bari,0,0,D,10.0,11.0,3.0,1.0
2425,I2,2025-01-12,Salernitana,Sassuolo,1,2,A,14.0,12.0,6.0,6.0
2425,I2,2025-01-12,Spezia,Juve Stabia,1,1,D,15.0,4.0,5.0,2.0
2425,I2,2025-01-12,Sudtirol,Catanzaro,1,1,D,20.0,11.0,7.0,3.0
2425,SP2,2025-01-12,Cadiz,Levante,0,0,D,10.0,13.0,3.0,1.0
2425,SP2,2025-01-12,Cordoba,Almeria,0,3,A,7.0,14.0,3.0,5.0
2425,SP2,2025-01-12,Elche,Zaragoza,1,0,H,12.0,8.0,5.0,1.0
2425,I2,2025-01-13,Pisa,Carrarese,2,1,H,18.0,9.0,5.0,6.0
2425,SP2,2025-01-13,Eldense,Eibar,1,3,A,22.0,16.0,4.0,3.0
2425,E1,2025-01-14,Cardiff,Watford,1,1,D,12.0,4.0,4.0,2.0
2425,E1,2025-01-14,Plymouth,Oxford,1,1,D,11.0,8.0,2.0,3.0
2425,E1,2025-01-15,Blackburn,Portsmouth,3,0,H,13.0,11.0,6.0,2.0
2425,D2,2025-01-17,Fortuna Dusseldorf,Darmstadt,2,2,D,16.0,15.0,7.0,5.0
2425,D2,2025-01-17,Regensburg,Hannover,0,1,A,9.0,11.0,1.0,3.0
2425,E1,2025-01-17,Burnley,Sunderland,0,0,D,9.0,14.0,4.0,3.0
2425,F2,2025-01-17,Ajaccio,Caen,2,1,H,17.0,5.0,4.0,2.0
2425,F2,2025-01-17,Amiens,Bastia,1,0,H,6.0,17.0,3.0,3.0
2425,F2,2025-01-17,Grenoble,Martigues,1,0,H,11.0,12.0,3.0,4.0
2425,F2,2025-01-17,Guingamp,Rodez,3,0,H,12.0,15.0,5.0,5.0
2425,F2,2025-01-17,Red Star,Pau FC,1,3,A,23.0,18.0,7.0,8.0
2425,I2,2025-01-17,Sampdoria,Cesena,1,2,A,8.0,16.0,2.0,8.0
2425,SP2,2025-01-17,Cartagena,Oviedo,0,1,A,8.0,16.0,3.0,7.0
2425,D2,2025-01-18,Braunschweig,Schalke 04,0,0,D,4.0,18.0,1.0,1.0
2425,D2,2025-01-18,Hamburg,FC Koln,1,0,H,14.0,7.0,5.0,1.0
2425,D2,2025-01-18,Kaiserslautern,Ulm,2,1,H,22.0,15.0,8.0,7.0
2425,D2,2025-01-18,Preußen Münster,Greuther Furth,2,1,H,15.0,14.0,4.0,3.0
2425,E1,2025-01-18,Cardiff,Swansea,3,0,H,11.0,6.0,6.0,2.0
2425,E1,2025-01-18,Coventry,Bristol City,1,0,H,16.0,10.0,4.0,2.0
2425,E1,2025-01-18,Derby,Watford,0,2,A,15.0,15.0,3.0,5.0
2425,E1,2025-01-18,Luton,Preston,0,0,D,9.0,2.0,4.0,0.0
2425,E1,2025-01-18,Millwall,Hull,0,1,A,12.0,7.0,1.0,2.0
2425,E1,2025-01-18,Oxford,Blackburn,1,0,H,17.0,14.0,7.0,4.0
2425,E1,2025-01-18,Plymouth,QPR,0,1,A,4.0,15.0,1.0,7.0
2425,E1,2025-01-18,Portsmouth,Middlesbrough,2,1,H,13.0,12.0,5.0,5.0
2425,E1,2025-01-18,Sheffield United,Norwich,2,0,H,22.0,11.0,6.0,0.0
2425,E1,2025-01-18,West Brom,Stoke,1,1,D,23.0,5.0,4.0,2.0
2425,F2,2025-01-18,Clermont,Laval,1,1,D,10.0,12.0,5.0,2.0
2425,F2,2025-01-18,Dunkerque,Lorient,0,1,A,8.0,13.0,2.0,7.0
2425,F2,2025-01-18,Metz,Paris FC,3,1,H,10.0,11.0,6.0,6.0
2425,I2,2025-01-18,Bari,Brescia,2,2,D,18.0,11.0,7.0,7.0
2425,I2,2025-01-18,Cittadella,Mantova,1,2,A,20.0,11.0,6.0,5.0
2425,I2,2025-01-18,Cremonese,Cosenza,3,1,H,29.0,9.0,11.0,3.0
2425,I2,2025-01-18,Modena,Frosinone,1,1,D,19.0,5.0,3.0,2.0
2425,I2,2025-01-18,Salernitana,Reggiana,2,1,H,21.0,11.0,3.0,3.0
2425,SP2,2025-01-18,Eibar,Albacete,1,1,D,10.0,8.0,4.0,4.0
2425,SP2,2025-01-18,Eldense,Cadiz,1,4,A,16.0,14.0,5.0,5.0
2425,SP2,2025-01-18,Levante,Granada,3,1,H,15.0,10.0,7.0,3.0
2425,SP2,2025-01-18,Sp Gijon,Elche,1,1,D,9.0,5.0,3.0,3.0
2425,D2,2025-01-19,Elversberg,Magdeburg,2,5,A,9.0,21.0,4.0,10.0
2425,D2,2025-01-19,Nurnberg,Karlsruhe,2,1,H,16.0,4.0,8.0,2.0
2425,D2,2025-01-19,Paderborn,Hertha,1,2,A,21.0,10.0,5.0,4.0
2425,E1,2025-01-19,Leeds,Sheffield Weds,3,0,H,16.0,6.0,5.0,3.0
2425,I2,2025-01-19,Carrarese,Spezia,0,4,A,16.0,20.0,3.0,8.0
2425,I2,2025-01-19,Catanzaro,Pisa,0,0,D,15.0,10.0,6.0,1.0
2425,I2,2025-01-19,Palermo,Juve Stabia,1,0,H,10.0,11.0,5.0,4.0
2425,I2,2025-01-19,Sassuolo,Sudtirol,5,3,H,19.0,9.0,6.0,4.0
2425,SP2,2025-01-19,Almeria,Huesca,0,0,D,23.0,3.0,8.0,1.0
2425,SP2,2025-01-19,Burgos,La Coruna,0,1,A,12.0,7.0,3.0,3.0
2425,SP2,2025-01-19,Castellon,Cordoba,1,2,A,14.0,10.0,4.0,4.0
2425,SP2,2025-01-19,Santander,Ferrol,6,0,H,18.0,6.0,10.0,2.0
2425,SP2,2025-01-19,Zaragoza,Tenerife,2,2,D,10.0,11.0,4.0,2.0
2425,F2,2025-01-20,Troyes,Annecy,0,1,A,25.0,7.0,4.0,5.0
2425,SP2,2025-01-20,Mirandes,Malaga,3,2,H,19.0,7.0,8.0,4.0
2425,E1,2025-01-21,Blackburn,Coventry,0,2,A,14.0,9.0,7.0,4.0
2425,E1,2025-01-21,Derby,Sunderland,0,1,A,9.0,8.0,3.0,3.0
2425,E1,2025-01-21,Hull,QPR,1,2,A,12.0,8.0,3.0,4.0
2425,E1,2025-01-21,Middlesbrough,West Brom,2,0,H,14.0,14.0,4.0,1.0
2425,E1,2025-01-21,Millwall,Cardiff,2,2,D,7.0,13.0,3.0,5.0
2425,E1,2025-01-21,Oxford,Luton,3,2,H,12.0,8.0,5.0,3.0
2425,E1,2025-01-21,Swansea,Sheffield United,1,2,A,8.0,14.0,5.0,3.0
2425,E1,2025-01-21,Watford,Preston,1,2,A,10.0,15.0,4.0,8.0
2425,E1,2025-01-22,Leeds,Norwich,2,0,H,14.0,3.0,7.0,0.0
2425,E1,2025-01-22,Plymouth,Burnley,0,5,A,4.0,17.0,1.0,9.0
2425,E1,2025-01-22,Portsmouth,Stoke,3,1,H,17.0,8.0,7.0,2.0
2425,E1,2025-01-22,Sheffield Weds,Bristol City,2,2,D,16.0,13.0,5.0,3.0
2425,D2,2025-01-24,Greuther Furth,Kaiserslautern,2,4,A,11.0,15.0,2.0,7.0
2425,D2,2025-01-24,Magdeburg,Braunschweig,1,1,D,15.0,8.0,4.0,2.0
2425,E1,2025-01-24,Sheffield United,Hull,0,3,A,16.0,8.0,2.0,5.0
2425,F2,2025-01-24,Bastia,Pau FC,1,1,D,17.0,7.0,5.0,4.0
2425,F2,2025-01-24,Caen,Guingamp,0,1,A,11.0,9.0,4.0,1.0
2425,F2,2025-01-24,Laval,Troyes,1,0,H,14.0,17.0,3.0,3.0
2425,F2,2025-01-24,Martigues,Amiens,3,0,H,15.0,10.0,5.0,4.0
2425,F2,2025-01-24,Metz,Grenoble,3,0,H,22.0,10.0,10.0,0.0
2425,F2,2025-01-24,Rodez,Ajaccio,1,2,A,21.0,5.0,5.0,2.0
2425,I2,2025-01-24,Spezia,Sassuolo,2,1,H,18.0,9.0,8.0,3.0
2425,SP2,2025-01-24,Elche,Eibar,2,0,H,17.0,4.0,5.0,2.0
2425,D2,2025-01-25,FC Koln,Elversberg,1,0,H,14.0,6.0,3.0,1.0
2425,D2,2025-01-25,Hertha,Hamburg,2,3,A,12.0,10.0,4.0,5.0
2425,D2,2025-01-25,Karlsruhe,Fortuna Dusseldorf,2,3,A,13.0,14.0,5.0,5.0
2425,D2,2025-01-25,Schalke 04,Nurnberg,3,1,H,12.0,16.0,4.0,6.0
2425,E1,2025-01-25,Bristol City,Blackburn,2,1,H,16.0,10.0,5.0,3.0
2425,E1,2025-01-25,Cardiff,Derby,2,1,H,17.0,9.0,9.0,6.0
2425,E1,2025-01-25,Coventry,Watford,2,1,H,14.0,12.0,2.0,3.0
2425,E1,2025-01-25,Luton,Millwall,0,1,A,12.0,13.0,2.0,6.0
2425,E1,2025-01-25,Norwich,Swansea,5,1,H,18.0,12.0,8.0,3.0
2425,E1,2025-01-25,Preston,Middlesbrough,2,1,H,10.0,16.0,4.0,6.0
2425,E1,2025-01-25,QPR,Sheffield Weds,0,2,A,13.0,15.0,2.0,5.0
2425,E1,2025-01-25,Stoke,Oxford,0,0,D,7.0,13.0,4.0,4.0
2425,E1,2025-01-25,Sunderland,Plymouth,2,2,D,12.0,7.0,5.0,3.0
2425,E1,2025-01-25,West Brom,Portsmouth,5,1,H,18.0,14.0,11.0,4.0
2425,F2,2025-01-25,Lorient,Clermont,3,2,H,15.0,12.0,5.0,5.0
2425,F2,2025-01-25,Paris FC,Red Star,4,1,H,15.0,12.0,6.0,3.0
2425,I2,2025-01-25,Cesena,Bari,1,1,D,10.0,11.0,2.0,4.0
2425,I2,2025-01-25,Cosenza,Cittadella,0,1,A,21.0,6.0,5.0,2.0
2425,I2,2025-01-25,Frosinone,Sudtirol,0,3,A,12.0,11.0,1.0,4.0
2425,I2,2025-01-25,Juve Stabia,Carrarese,2,1,H,4.0,15.0,3.0,2.0
2425,I2,2025-01-25,Mantova,Sampdoria,2,2,D,12.0,13.0,6.0,5.0
2425,SP2,2025-01-25,Cordoba,Santander,1,2,A,17.0,5.0,4.0,5.0
2425,SP2,2025-01-25,Huesca,Cartagena,4,0,H,12.0,7.0,5.0,3.0
2425,SP2,2025-01-25,La Coruna,Levante,1,2,A,26.0,10.0,4.0,4.0
2425,SP2,2025-01-25,Tenerife,Eldense,0,1,A,11.0,5.0,1.0,1.0
2425,D2,2025-01-26,Darmstadt,Paderborn,0,1,A,13.0,11.0,5.0,4.0
2425,D2,2025-01-26,Hannover,Preußen Münster,2,2,D,18.0,11.0,5.0,4.0
2425,D2,2025-01-26,Ulm,Regensburg,5,1,H,17.0,5.0,8.0,1.0
2425,I2,2025-01-26,Brescia,Catanzaro,2,3,A,17.0,8.0,4.0,5.0
2425,I2,2025-01-26,Cremonese,Modena,2,2,D,21.0,9.0,5.0,5.0
2425,I2,2025-01-26,Pisa,Salernitana,1,0,H,14.0,12.0,2.0,2.0
2425,I2,2025-01-26,Reggiana,Palermo,2,1,H,7.0,12.0,3.0,2.0
2425,SP2,2025-01-26,Albacete,Almeria,2,1,H,14.0,14.0,5.0,5.0
2425,SP2,2025-01-26,Granada,Sp Gijon,3,1,H,18.0,7.0,8.0,1.0
2425,SP2,2025-01-26,Malaga,Zaragoza,1,2,A,12.0,11.0,4.0,5.0
2425,SP2,2025-01-26,Oviedo,Castellon,1,0,H,14.0,7.0,3.0,1.0
2425,E1,2025-01-27,Burnley,Leeds,0,0,D,4.0,8.0,0.0,1.0
2425,F2,2025-01-27,Annecy,Dunkerque,0,2,A,6.0,14.0,1.0,6.0
2425,SP2,2025-01-27,Cadiz,Mirandes,3,1,H,8.0,12.0,5.0,5.0
2425,E1,2025-01-28,Portsmouth,Millwall,0,1,A,15.0,7.0,3.0,1.0
2425,SP2,2025-01-29,Tenerife,La Coruna,0,0,D,14.0,10.0,3.0,1.0
2425,D2,2025-01-31,Elversberg,Karlsruhe,2,2,D,13.0,13.0,5.0,5.0
2425,D2,2025-01-31,Nurnberg,Darmstadt,1,0,H,13.0,11.0,5.0,1.0
2425,E1,2025-01-31,Blackburn,Preston,2,1,H,13.0,11.0,2.0,2.0
2425,F2,2025-01-31,Amiens,Annecy,1,0,H,9.0,11.0,3.0,2.0
2425,F2,2025-01-31,Bastia,Metz,1,1,D,22.0,5.0,5.0,2.0
2425,F2,2025-01-31,Clermont,Ajaccio,0,1,A,17.0,6.0,3.0,5.0
2425,F2,2025-01-31,Dunkerque,Martigues,0,1,A,12.0,9.0,3.0,2.0
2425,F2,2025-01-31,Grenoble,Rodez,2,1,H,15.0,12.0,5.0,7.0
2425,F2,2025-01-31,Pau FC,Laval,1,1,D,24.0,9.0,8.0,5.0
2425,I2,2025-01-31,Palermo,Pisa,1,2,A,11.0,8.0,4.0,2.0
2425,SP2,2025-01-31,Eldense,Granada,0,3,A,18.0,12.0,5.0,5.0
2425,D2,2025-02-01,Braunschweig,FC Koln,1,2,A,14.0,14.0,4.0,6.0
2425,D2,2025-02-01,Fortuna Dusseldorf,Ulm,3,2,H,10.0,21.0,3.0,7.0
2425,D2,2025-02-01,Regensburg,Hertha,2,0,H,11.0,13.0,3.0,3.0
2425,D2,2025-02-01,Schalke 04,Magdeburg,2,5,A,18.0,18.0,9.0,11.0
2425,E1,2025-02-01,Derby,Sheffield United,0,1,A,10.0,6.0,2.0,3.0
2425,E1,2025-02-01,Hull,Stoke,1,2,A,22.0,11.0,8.0,5.0
2425,E1,2025-02-01,Leeds,Cardiff,7,0,H,29.0,2.0,12.0,2.0
2425,E1,2025-02-01,Millwall,QPR,2,1,H,7.0,13.0,4.0,5.0
2425,E1,2025-02-01,Oxford,Bristol City,1,1,D,20.0,7.0,4.0,2.0
2425,E1,2025-02-01,Plymouth,West Brom,2,1,H,8.0,11.0,4.0,4.0
2425,E1,2025-02-01,Portsmouth,Burnley,0,0,D,18.0,14.0,3.0,6.0
2425,E1,2025-02-01,Sheffield Weds,Luton,1,1,D,17.0,8.0,4.0,1.0
2425,E1,2025-02-01,Swansea,Coventry,0,2,A,6.0,16.0,1.0,5.0
2425,E1,2025-02-01,Watford,Norwich,0,1,A,9.0,16.0,1.0,5.0
2425,F2,2025-02-01,Guingamp,Paris FC,0,1,A,4.0,12.0,1.0,2.0
2425,F2,2025-02-01,Red Star,Lorient,1,2,A,5.0,14.0,1.0,5.0
2425,F2,2025-02-01,Troyes,Caen,3,0,H,16.0,11.0,5.0,5.0
2425,I2,2025-02-01,Catanzaro,Cesena,4,2,H,8.0,12.0,6.0,2.0
2425,I2,2025-02-01,Cittadella,Spezia,0,2,A,11.0,14.0,2.0,4.0
2425,I2,2025-02-01,Modena,Mantova,3,1,H,8.0,26.0,6.0,8.0
2425,I2,2025-02-01,Sampdoria,Cosenza,1,0,H,10.0,20.0,2.0,4.0
2425,I2,2025-02-01,Sassuolo,Juve Stabia,2,0,H,8.0,8.0,3.0,3.0
2425,SP2,2025-02-01,Almeria,Oviedo,1,1,D,11.0,9.0,4.0,2.0
2425,SP2,2025-02-01,Mirandes,Elche,3,0,H,17.0,12.0,6.0,6.0
2425,SP2,2025-02-01,Santander,Malaga,2,1,H,21.0,9.0,6.0,2.0
2425,SP2,2025-02-01,Sp Gijon,Burgos,2,0,H,9.0,9.0,3.0,1.0
2425,D2,2025-02-02,Hamburg,Hannover,2,2,D,19.0,16.0,4.0,4.0
2425,D2,2025-02-02,Kaiserslautern,Preußen Münster,2,1,H,14.0,18.0,4.0,5.0
2425,D2,2025-02-02,Paderborn,Greuther Furth,1,2,A,16.0,10.0,6.0,6.0
2425,I2,2025-02-02,Bari,Frosinone,2,1,H,9.0,20.0,3.0,7.0
2425,I2,2025-02-02,Carrarese,Brescia,1,2,A,12.0,15.0,6.0,3.0
2425,I2,2025-02-02,Salernitana,Cremonese,1,0,H,12.0,19.0,5.0,5.0
2425,I2,2025-02-02,Sudtirol,Reggiana,2,0,H,9.0,15.0,3.0,5.0
2425,SP2,2025-02-02,Cartagena,Cordoba,0,1,A,8.0,19.0,1.0,5.0
2425,SP2,2025-02-02,Castellon,Huesca,0,1,A,17.0,8.0,2.0,2.0
2425,SP2,2025-02-02,Eibar,La Coruna,0,1,A,22.0,8.0,5.0,2.0
2425,SP2,2025-02-02,Tenerife,Albacete,3,1,H,15.0,7.0,5.0,4.0
2425,SP2,2025-02-02,Zaragoza,Cadiz,0,0,D,9.0,9.0,3.0,1.0
2425,E1,2025-02-03,Middlesbrough,Sunderland,2,3,A,12.0,12.0,4.0,9.0
2425,SP2,2025-02-03,Levante,Ferrol,0,1,A,22.0,6.0,8.0,3.0
2425,E1,2025-02-04,Burnley,Oxford,1,0,H,15.0,7.0,7.0,0.0
2425,E1,2025-02-04,QPR,Blackburn,2,1,H,17.0,10.0,6.0,4.0
2425,E1,2025-02-05,Coventry,Leeds,0,2,A,9.0,20.0,4.0,8.0
2425,D2,2025-02-07,Greuther Furth,Regensburg,2,1,H,19.0,12.0,4.0,2.0
2425,D2,2025-02-07,Preußen Münster,Hamburg,1,2,A,5.0,14.0,2.0,7.0
2425,F2,2025-02-07,Grenoble,Red Star,0,0,D,10.0,10.0,3.0,1.0
2425,F2,2025-02-07,Laval,Annecy,0,1,A,9.0,7.0,2.0,3.0
2425,F2,2025-02-07,Martigues,Troyes,1,2,A,8.0,16.0,4.0,9.0
2425,F2,2025-02-07,Paris FC,Pau FC,3,1,H,8.0,13.0,6.0,4.0
2425,F2,2025-02-07,Rodez,Bastia,0,2,A,9.0,13.0,2.0,6.0
2425,I2,2025-02-07,Brescia,Salernitana,0,0,D,10.0,7.0,2.0,2.0
2425,SP2,2025-02-07,Albacete,Zaragoza,2,1,H,14.0,11.0,3.0,5.0
2425,D2,2025-02-08,Darmstadt,Elversberg,0,3,A,13.0,12.0,2.0,4.0
2425,D2,2025-02-08,Hertha,Kaiserslautern,0,1,A,16.0,13.0,4.0,5.0
2425,D2,2025-02-08,Magdeburg,Nurnberg,3,4,A,22.0,10.0,8.0,5.0
2425,D2,2025-02-08,Ulm,Paderborn,0,2,A,7.0,9.0,3.0,5.0
2425,E1,2025-02-08,Norwich,Derby,1,1,D,8.0,6.0,3.0,2.0
2425,E1,2025-02-08,Sheffield United,Portsmouth,2,1,H,11.0,16.0,3.0,5.0
2425,E1,2025-02-08,Sunderland,Watford,2,2,D,14.0,11.0,7.0,5.0
2425,E1,2025-02-08,West Brom,Sheffield Weds,2,1,H,15.0,15.0,5.0,4.0
2425,F2,2025-02-08,Ajaccio,Guingamp,0,3,A,8.0,13.0,0.0,4.0
2425,F2,2025-02-08,Lorient,Amiens,3,1,H,24.0,3.0,10.0,2.0
2425,F2,2025-02-08,Metz,Clermont,3,1,H,18.0,12.0,7.0,4.0
2425,I2,2025-02-08,Cosenza,Carrarese,1,0,H,8.0,10.0,2.0,2.0
2425,I2,2025-02-08,Frosinone,Catanzaro,1,1,D,16.0,11.0,4.0,2.0
2425,I2,2025-02-08,Mantova,Sassuolo,0,3,A,8.0,10.0,3.0,7.0
2425,I2,2025-02-08,Pisa,Cittadella,0,1,A,11.0,5.0,3.0,3.0
2425,I2,2025-02-08,Sampdoria,Modena,1,0,H,19.0,11.0,3.0,1.0
2425,SP2,2025-02-08,Ferrol,Castellon,1,3,A,12.0,10.0,2.0,5.0
2425,SP2,2025-02-08,Granada,Mirandes,0,0,D,12.0,11.0,4.0,5.0
2425,SP2,2025-02-08,Malaga,Levante,1,1,D,12.0,13.0,3.0,5.0
2425,SP2,2025-02-08,Sp Gijon,Eibar,0,0,D,10.0,12.0,3.0,3.0
2425,D2,2025-02-09,FC Koln,Schalke 04,1,0,H,12.0,11.0,3.0,2.0
2425,D2,2025-02-09,Hannover,Fortuna Dusseldorf,1,1,D,16.0,5.0,3.0,2.0
2425,D2,2025-02-09,Karlsruhe,Braunschweig,0,2,A,28.0,12.0,4.0,6.0
2425,E1,2025-02-09,Bristol City,Swansea,0,1,A,19.0,9.0,3.0,5.0
2425,I2,2025-02-09,Cremonese,Sudtirol,3,1,H,17.0,5.0,5.0,1.0
2425,I2,2025-02-09,Juve Stabia,Bari,3,1,H,14.0,14.0,7.0,3.0
2425,I2,2025-02-09,Reggiana,Cesena,0,1,A,9.0,11.0,1.0,6.0
2425,I2,2025-02-09,Spezia,Palermo,2,2,D,31.0,7.0,6.0,4.0
2425,SP2,2025-02-09,Burgos,Santander,2,1,H,10.0,7.0,2.0,2.0
2425,SP2,2025-02-09,Cadiz,Cartagena,5,2,H,18.0,4.0,7.0,3.0
2425,SP2,2025-02-09,Cordoba,Huesca,1,2,A,16.0,9.0,5.0,2.0
2425,SP2,2025-02-09,Elche,Tenerife,2,0,H,8.0,11.0,3.0,2.0
2425,SP2,2025-02-09,La Coruna,Almeria,3,1,H,11.0,22.0,6.0,8.0
2425,F2,2025-02-10,Caen,Dunkerque,0,2,A,4.0,20.0,0.0,8.0
2425,SP2,2025-02-10,Oviedo,Eldense,0,0,D,10.0,5.0,3.0,0.0
2425,E1,2025-02-11,Coventry,QPR,1,0,H,10.0,12.0,6.0,3.0
2425,E1,2025-02-11,Derby,Oxford,0,0,D,14.0,6.0,4.0,1.0
2425,E1,2025-02-11,Norwich,Preston,0,1,A,11.0,8.0,1.0,1.0
2425,E1,2025-02-11,Portsmouth,Cardiff,2,1,H,19.0,12.0,8.0,6.0
2425,E1,2025-02-11,Watford,Leeds,0,4,A,6.0,20.0,2.0,7.0
2425,E1,2025-02-12,Bristol City,Stoke,2,0,H,10.0,5.0,6.0,0.0
2425,E1,2025-02-12,Burnley,Hull,2,0,H,16.0,9.0,5.0,3.0
2425,E1,2025-02-12,Plymouth,Millwall,5,1,H,13.0,13.0,7.0,6.0
2425,E1,2025-02-12,Sheffield United,Middlesbrough,3,1,H,18.0,10.0,9.0,4.0
2425,E1,2025-02-12,Sunderland,Luton,2,0,H,13.0,4.0,3.0,1.0
2425,E1,2025-02-12,Swansea,Sheffield Weds,0,1,A,4.0,10.0,1.0,5.0
2425,E1,2025-02-12,West Brom,Blackburn,0,2,A,13.0,6.0,3.0,4.0
2425,D2,2025-02-14,Magdeburg,FC Koln,3,0,H,10.0,14.0,5.0,5.0
2425,D2,2025-02-14,Paderborn,Preußen Münster,2,0,H,15.0,10.0,5.0,2.0
2425,E1,2025-02-14,QPR,Derby,4,0,H,12.0,7.0,5.0,1.0
2425,F2,2025-02-14,Ajaccio,Laval,3,0,H,9.0,12.0,4.0,2.0
2425,F2,2025-02-14,Amiens,Grenoble,1,4,A,16.0,13.0,8.0,8.0
2425,F2,2025-02-14,Clermont,Bastia,1,1,D,14.0,11.0,2.0,4.0
2425,F2,2025-02-14,Pau FC,Rodez,0,5,A,16.0,16.0,4.0,9.0
2425,F2,2025-02-14,Red Star,Martigues,1,0,H,18.0,10.0,10.0,3.0
2425,F2,2025-02-14,Troyes,Lorient,0,1,A,11.0,9.0,5.0,5.0
2425,I2,2025-02-14,Catanzaro,Cittadella,1,0,H,12.0,5.0,3.0,1.0
2425,SP2,2025-02-14,Mirandes,Ferrol,4,1,H,21.0,9.0,5.0,1.0
2425,D2,2025-02-15,Braunschweig,Darmstadt,1,0,H,12.0,12.0,9.0,1.0
2425,D2,2025-02-15,Elversberg,Greuther Furth,2,0,H,10.0,9.0,5.0,2.0
2425,D2,2025-02-15,Fortuna Dusseldorf,Hertha,2,1,H,9.0,21.0,4.0,3.0
2425,D2,2025-02-15,Kaiserslautern,Hannover,0,0,D,17.0,24.0,5.0,7.0
2425,E1,2025-02-15,Blackburn,Plymouth,2,0,H,17.0,7.0,7.0,3.0
2425,E1,2025-02-15,Cardiff,Bristol City,1,1,D,13.0,11.0,6.0,4.0
2425,E1,2025-02-15,Hull,Norwich,1,1,D,12.0,15.0,4.0,3.0
2425,E1,2025-02-15,Luton,Sheffield United,0,1,A,14.0,12.0,5.0,4.0
2425,E1,2025-02-15,Middlesbrough,Watford,0,1,A,13.0,14.0,5.0,6.0
2425,E1,2025-02-15,Millwall,West Brom,1,1,D,11.0,7.0,6.0,3.0
2425,E1,2025-02-15,Oxford,Portsmouth,0,2,A,10.0,13.0,1.0,4.0
2425,E1,2025-02-15,Preston,Burnley,0,0,D,5.0,11.0,1.0,2.0
2425,E1,2025-02-15,Sheffield Weds,Coventry,1,2,A,22.0,9.0,8.0,4.0
2425,E1,2025-02-15,Stoke,Swansea,3,1,H,8.0,7.0,5.0,2.0
2425,F2,2025-02-15,Dunkerque,Paris FC,1,0,H,6.0,7.0,2.0,1.0
2425,F2,2025-02-15,Guingamp,Metz,0,3,A,15.0,14.0,6.0,7.0
2425,I2,2025-02-15,Bari,Cremonese,1,1,D,13.0,18.0,2.0,4.0
2425,I2,2025-02-15,Carrarese,Salernitana,3,2,H,16.0,18.0,5.0,5.0
2425,I2,2025-02-15,Modena,Spezia,1,1,D,8.0,20.0,3.0,5.0
2425,I2,2025-02-15,Sassuolo,Brescia,2,0,H,7.0,7.0,3.0,1.0
2425,I2,2025-02-15,Sudtirol,Sampdoria,2,1,H,18.0,11.0,7.0,2.0
2425,SP2,2025-02-15,Cartagena,Malaga,0,1,A,10.0,15.0,3.0,7.0
2425,SP2,2025-02-15,Castellon,Eibar,2,0,H,12.0,10.0,4.0,3.0
2425,SP2,2025-02-15,Santander,Cadiz,2,3,A,11.0,16.0,3.0,9.0
2425,SP2,2025-02-15,Tenerife,Cordoba,2,3,A,12.0,18.0,4.0,6.0
2425,D2,2025-02-16,Nurnberg,Ulm,2,0,H,18.0,7.0,6.0,1.0
2425,D2,2025-02-16,Regensburg,Hamburg,1,1,D,15.0,14.0,4.0,6.0
2425,D2,2025-02-16,Schalke 04,Karlsruhe,2,1,H,20.0,14.0,4.0,4.0
2425,I2,2025-02-16,Cesena,Pisa,1,1,D,3.0,14.0,2.0,2.0
2425,I2,2025-02-16,Frosinone,Reggiana,1,1,D,17.0,10.0,7.0,2.0
2425,I2,2025-02-16,Juve Stabia,Cosenza,3,0,H,7.0,16.0,4.0,4.0
2425,I2,2025-02-16,Palermo,Mantova,2,2,D,14.0,17.0,4.0,4.0
2425,SP2,2025-02-16,Eldense,La Coruna,2,0,H,20.0,9.0,7.0,2.0
2425,SP2,2025-02-16,Huesca,Granada,1,1,D,10.0,7.0,3.0,1.0
2425,SP2,2025-02-16,Levante,Sp Gijon,0,0,D,14.0,5.0,5.0,2.0
2425,SP2,2025-02-16,Oviedo,Albacete,1,0,H,17.0,9.0,5.0,3.0
2425,SP2,2025-02-16,Zaragoza,Burgos,0,1,A,6.0,10.0,2.0,3.0
2425,E1,2025-02-17,Leeds,Sunderland,2,1,H,21.0,6.0,4.0,6.0
2425,F2,2025-02-17,Annecy,Caen,1,0,H,13.0,6.0,6.0,2.0
2425,SP2,2025-02-17,Almeria,Elche,1,1,D,6.0,10.0,3.0,5.0
2425,E1,2025-02-18,Preston,Millwall,1,1,D,16.0,9.0,4.0,3.0
2425,E1,2025-02-19,Luton,Plymouth,1,1,D,17.0,3.0,2.0,1.0
2425,D2,2025-02-21,Hamburg,Kaiserslautern,3,0,H,15.0,13.0,8.0,2.0
2425,D2,2025-02-21,Hertha,Nurnberg,0,0,D,16.0,4.0,3.0,3.0
2425,E1,2025-02-21,Bristol City,Middlesbrough,2,1,H,21.0,11.0,7.0,4.0
2425,E1,2025-02-21,Burnley,Sheffield Weds,4,0,H,7.0,11.0,4.0,2.0
2425,F2,2025-02-21,Bastia,Red Star,1,0,H,15.0,5.0,8.0,1.0
2425,F2,2025-02-21,Dunkerque,Clermont,3,0,H,15.0,7.0,9.0,4.0
2425,F2,2025-02-21,Grenoble,Guingamp,1,1,D,9.0,24.0,7.0,10.0
2425,F2,2025-02-21,Martigues,Annecy,2,0,H,12.0,12.0,4.0,4.0
2425,F2,2025-02-21,Paris FC,Troyes,1,0,H,9.0,11.0,1.0,2.0
2425,F2,2025-02-21,Rodez,Amiens,1,1,D,17.0,5.0,3.0,2.0
2425,I2,2025-02-21,Sampdoria,Sassuolo,0,0,D,4.0,5.0,2.0,2.0
2425,SP2,2025-02-21,Malaga,Tenerife,1,0,H,12.0,6.0,3.0,4.0
2425,D2,2025-02-22,Hannover,Paderborn,1,1,D,7.0,17.0,1.0,6.0
2425,D2,2025-02-22,Karlsruhe,Magdeburg,3,1,H,7.0,14.0,4.0,4.0
2425,D2,2025-02-22,Preußen Münster,Regensburg,2,0,H,14.0,8.0,4.0,2.0
2425,D2,2025-02-22,Ulm,Elversberg,0,0,D,14.0,11.0,1.0,5.0
2425,E1,2025-02-22,Coventry,Preston,2,1,H,17.0,7.0,9.0,3.0
2425,E1,2025-02-22,Derby,Millwall,0,1,A,9.0,11.0,0.0,4.0
2425,E1,2025-02-22,Norwich,Stoke,4,2,H,16.0,7.0,7.0,4.0
2425,E1,2025-02-22,Plymouth,Cardiff,1,1,D,14.0,11.0,1.0,3.0
2425,E1,2025-02-22,Portsmouth,QPR,2,1,H,7.0,9.0,3.0,4.0
2425,E1,2025-02-22,Sunderland,Hull,0,1,A,17.0,8.0,2.0,4.0
2425,E1,2025-02-22,Swansea,Blackburn,3,0,H,14.0,6.0,5.0,2.0
2425,E1,2025-02-22,West Brom,Oxford,2,0,H,22.0,5.0,5.0,0.0
2425,F2,2025-02-22,Caen,Pau FC,2,2,D,12.0,10.0,6.0,3.0
2425,F2,2025-02-22,Lorient,Laval,0,1,A,17.0,7.0,5.0,3.0
2425,F2,2025-02-22,Metz,Ajaccio,0,1,A,18.0,6.0,4.0,2.0
2425,I2,2025-02-22,Cittadella,Modena,0,2,A,13.0,16.0,2.0,5.0
2425,I2,2025-02-22,Cremonese,Cesena,1,2,A,13.0,11.0,6.0,2.0
2425,I2,2025-02-22,Mantova,Bari,0,1,A,7.0,14.0,4.0,4.0
2425,I2,2025-02-22,Pisa,Juve Stabia,3,1,H,12.0,6.0,6.0,4.0
2425,I2,2025-02-22,Reggiana,Carrarese,2,2,D,11.0,10.0,4.0,3.0
2425,SP2,2025-02-22,Burgos,Oviedo,1,2,A,8.0,8.0,4.0,4.0
2425,SP2,2025-02-22,Eibar,Santander,2,2,D,9.0,14.0,5.0,4.0
2425,SP2,2025-02-22,Ferrol,Cordoba,0,1,A,4.0,13.0,0.0,6.0
2425,SP2,2025-02-22,Granada,Zaragoza,2,2,D,8.0,12.0,3.0,4.0
2425,SP2,2025-02-22,Sp Gijon,Almeria,1,1,D,14.0,20.0,5.0,8.0
2425,D2,2025-02-23,Darmstadt,Schalke 04,2,0,H,12.0,5.0,3.0,2.0
2425,D2,2025-02-23,FC Koln,Fortuna Dusseldorf,1,1,D,16.0,10.0,4.0,3.0
2425,D2,2025-02-23,Greuther Furth,Braunschweig,3,0,H,19.0,8.0,7.0,2.0
2425,E1,2025-02-23,Watford,Luton,2,0,H,10.0,10.0,5.0,2.0
2425,I2,2025-02-23,Brescia,Sudtirol,0,0,D,26.0,7.0,9.0,2.0
2425,I2,2025-02-23,Cosenza,Palermo,0,3,A,17.0,11.0,6.0,6.0
2425,I2,2025-02-23,Salernitana,Frosinone,1,1,D,16.0,9.0,5.0,3.0
2425,I2,2025-02-23,Spezia,Catanzaro,0,1,A,20.0,11.0,3.0,4.0
2425,SP2,2025-02-23,Albacete,Eldense,0,1,A,11.0,14.0,4.0,3.0
2425,SP2,2025-02-23,Cadiz,Castellon,0,0,D,11.0,8.0,4.0,0.0
2425,SP2,2025-02-23,Elche,Cartagena,2,1,H,19.0,9.0,10.0,1.0
2425,SP2,2025-02-23,La Coruna,Huesca,0,0,D,15.0,4.0,6.0,2.0
2425,SP2,2025-02-23,Levante,Mirandes,1,0,H,11.0,11.0,1.0,2.0
2425,E1,2025-02-24,Sheffield United,Leeds,1,3,A,10.0,18.0,4.0,8.0
2425,E1,2025-02-25,Cardiff,Hull,1,0,H,8.0,4.0,4.0,1.0
2425,E1,2025-02-25,Stoke,Middlesbrough,1,3,A,12.0,16.0,3.0,6.0
2425,D2,2025-02-28,Fortuna Dusseldorf,Greuther Furth,1,2,A,8.0,11.0,3.0,5.0
2425,D2,2025-02-28,Schalke 04,Preußen Münster,1,0,H,16.0,13.0,6.0,5.0
2425,E1,2025-02-28,Sheffield Weds,Sunderland,1,2,A,9.0,11.0,4.0,4.0
2425,F2,2025-02-28,Annecy,Paris FC,2,3,A,5.0,15.0,3.0,6.0
2425,F2,2025-02-28,Clermont,Caen,0,1,A,6.0,16.0,2.0,5.0
2425,F2,2025-02-28,Laval,Martigues,0,1,A,11.0,8.0,3.0,2.0
2425,F2,2025-02-28,Pau FC,Grenoble,1,0,H,22.0,7.0,4.0,0.0
2425,F2,2025-02-28,Troyes,Bastia,2,0,H,13.0,11.0,5.0,4.0
2425,I2,2025-02-28,Sudtirol,Spezia,1,1,D,14.0,24.0,4.0,3.0
2425,SP2,2025-02-28,Cartagena,Eibar,0,2,A,7.0,12.0,1.0,5.0
2425,D2,2025-03-01,Braunschweig,Ulm,1,1,D,18.0,11.0,2.0,4.0
2425,D2,2025-03-01,Kaiserslautern,Regensburg,3,0,H,18.0,17.0,11.0,5.0
2425,D2,2025-03-01,Karlsruhe,FC Koln,1,0,H,6.0,11.0,1.0,5.0
2425,D2,2025-03-01,Nurnberg,Hannover,1,2,A,9.0,12.0,1.0,5.0
2425,E1,2025-03-01,Blackburn,Norwich,1,1,D,10.0,11.0,1.0,3.0
2425,E1,2025-03-01,Leeds,West Brom,1,1,D,15.0,7.0,2.0,3.0
2425,E1,2025-03-01,Luton,Portsmouth,1,0,H,10.0,7.0,2.0,1.0
2425,E1,2025-03-01,Middlesbrough,Derby,1,0,H,18.0,5.0,6.0,1.0
2425,E1,2025-03-01,Oxford,Coventry,2,3,A,10.0,18.0,4.0,6.0
2425,E1,2025-03-01,QPR,Sheffield United,1,2,A,16.0,8.0,4.0,2.0
2425,E1,2025-03-01,Stoke,Watford,0,0,D,8.0,8.0,2.0,1.0
2425,F2,2025-03-01,Amiens,Metz,1,2,A,13.0,17.0,6.0,6.0
2425,F2,2025-03-01,Lorient,Rodez,3,1,H,23.0,6.0,7.0,3.0
2425,F2,2025-03-01,Red Star,Guingamp,3,1,H,10.0,8.0,9.0,4.0
2425,I2,2025-03-01,Carrarese,Cremonese,2,2,D,6.0,19.0,3.0,5.0
2425,I2,2025-03-01,Cesena,Salernitana,2,0,H,17.0,9.0,4.0,3.0
2425,I2,2025-03-01,Frosinone,Mantova,2,1,H,11.0,19.0,3.0,4.0
2425,I2,2025-03-01,Juve Stabia,Cittadella,0,1,A,12.0,12.0,3.0,4.0
2425,I2,2025-03-01,Sassuolo,Pisa,1,0,H,14.0,8.0,3.0,2.0
2425,SP2,2025-03-01,Almeria,Malaga,2,2,D,19.0,9.0,6.0,3.0
2425,SP2,2025-03-01,Castellon,Burgos,2,1,H,15.0,16.0,4.0,3.0
2425,SP2,2025-03-01,Huesca,Ferrol,3,1,H,9.0,8.0,4.0,1.0
2425,SP2,2025-03-01,Zaragoza,Sp Gijon,1,1,D,17.0,11.0,8.0,6.0
2425,D2,2025-03-02,Elversberg,Hertha,4,0,H,11.0,7.0,5.0,3.0
2425,D2,2025-03-02,Magdeburg,Darmstadt,4,1,H,17.0,14.0,10.0,6.0
2425,D2,2025-03-02,Paderborn,Hamburg,2,0,H,15.0,15.0,5.0,4.0
2425,I2,2025-03-02,Bari,Sampdoria,1,1,D,5.0,20.0,2.0,3.0
2425,I2,2025-03-02,Catanzaro,Reggiana,1,1,D,21.0,11.0,2.0,4.0
2425,I2,2025-03-02,Modena,Cosenza,1,1,D,16.0,13.0,4.0,3.0
2425,I2,2025-03-02,Palermo,Brescia,1,0,H,26.0,8.0,7.0,1.0
2425,SP2,2025-03-02,Albacete,Cadiz,3,0,H,12.0,5.0,4.0,2.0
2425,SP2,2025-03-02,Cordoba,Granada,5,0,H,17.0,15.0,8.0,4.0
2425,SP2,2025-03-02,Eldense,Levante,1,2,A,14.0,15.0,2.0,4.0
2425,SP2,2025-03-02,Oviedo,La Coruna,1,2,A,6.0,10.0,3.0,3.0
2425,SP2,2025-03-02,Santander,Elche,2,0,H,12.0,10.0,4.0,1.0
2425,F2,2025-03-03,Ajaccio,Dunkerque,1,2,A,11.0,9.0,3.0,3.0
2425,SP2,2025-03-03,Mirandes,Tenerife,2,0,H,12.0,11.0,5.0,1.0
2425,E1,2025-03-04,Cardiff,Burnley,1,2,A,9.0,12.0,2.0,5.0
2425,E1,2025-03-04,Hull,Plymouth,2,0,H,11.0,3.0,5.0,0.0
2425,E1,2025-03-04,Millwall,Bristol City,0,2,A,13.0,11.0,1.0,5.0
2425,E1,2025-03-04,Preston,Swansea,0,0,D,20.0,8.0,5.0,1.0
2425,SP2,2025-03-05,Ferrol,Burgos,0,1,A,7.0,9.0,3.0,3.0
2425,D2,2025-03-07,Darmstadt,Karlsruhe,3,0,H,24.0,7.0,12.0,2.0
2425,D2,2025-03-07,Kaiserslautern,Elversberg,1,1,D,12.0,14.0,4.0,6.0
2425,E1,2025-03-07,Norwich,Oxford,1,1,D,15.0,3.0,6.0,2.0
2425,F2,2025-03-07,Bastia,Martigues,1,0,H,18.0,6.0,8.0,3.0
2425,F2,2025-03-07,Caen,Laval,0,1,A,11.0,10.0,4.0,1.0
2425,F2,2025-03-07,Grenoble,Ajaccio,2,2,D,16.0,9.0,7.0,3.0
2425,F2,2025-03-07,Guingamp,Clermont,3,1,H,18.0,4.0,12.0,2.0
2425,F2,2025-03-07,Pau FC,Troyes,0,2,A,9.0,14.0,4.0,8.0
2425,F2,2025-03-07,Red Star,Amiens,2,0,H,18.0,6.0,5.0,0.0
2425,I2,2025-03-07,Cosenza,Reggiana,1,0,H,7.0,11.0,5.0,1.0
2425,SP2,2025-03-07,Eibar,Almeria,1,0,H,10.0,13.0,3.0,3.0
2425,SP2,2025-03-07,La Coruna,Cordoba,1,1,D,14.0,12.0,4.0,4.0
2425,D2,2025-03-08,Greuther Furth,Magdeburg,1,1,D,9.0,12.0,2.0,3.0
2425,D2,2025-03-08,Hamburg,Fortuna Dusseldorf,4,1,H,18.0,9.0,9.0,1.0
2425,D2,2025-03-08,Hertha,Schalke 04,1,2,A,15.0,8.0,5.0,3.0
2425,D2,2025-03-08,Ulm,FC Koln,0,1,A,15.0,13.0,1.0,3.0
2425,E1,2025-03-08,Bristol City,Hull,1,1,D,26.0,5.0,10.0,1.0
2425,E1,2025-03-08,Burnley,Luton,4,0,H,16.0,3.0,3.0,2.0
2425,E1,2025-03-08,Coventry,Stoke,3,2,H,13.0,11.0,3.0,4.0
2425,E1,2025-03-08,Derby,Blackburn,2,1,H,9.0,13.0,2.0,4.0
2425,E1,2025-03-08,Plymouth,Sheffield Weds,0,3,A,4.0,7.0,2.0,3.0
2425,E1,2025-03-08,Sheffield United,Preston,1,0,H,11.0,8.0,4.0,3.0
2425,E1,2025-03-08,Sunderland,Cardiff,2,1,H,19.0,6.0,4.0,2.0
2425,E1,2025-03-08,Swansea,Middlesbrough,1,0,H,13.0,9.0,4.0,1.0
2425,E1,2025-03-08,Watford,Millwall,1,2,A,14.0,11.0,5.0,4.0
2425,E1,2025-03-08,West Brom,QPR,1,0,H,2.0,10.0,1.0,1.0
2425,F2,2025-03-08,Metz,Annecy,5,1,H,10.0,8.0,5.0,2.0
2425,F2,2025-03-08,Paris FC,Lorient,3,2,H,11.0,15.0,5.0,7.0
2425,I2,2025-03-08,Brescia,Cesena,1,1,D,11.0,12.0,4.0,1.0
2425,I2,2025-03-08,Carrarese,Frosinone,0,1,A,17.0,13.0,5.0,2.0
2425,I2,2025-03-08,Cremonese,Catanzaro,4,0,H,24.0,8.0,7.0,1.0
2425,I2,2025-03-08,Mantova,Juve Stabia,1,1,D,6.0,7.0,4.0,5.0
2425,I2,2025-03-08,Salernitana,Modena,1,0,H,14.0,8.0,5.0,1.0
2425,I2,2025-03-08,Sampdoria,Palermo,1,1,D,14.0,23.0,5.0,4.0
2425,SP2,2025-03-08,Elche,Castellon,3,1,H,9.0,14.0,7.0,3.0
2425,SP2,2025-03-08,Mirandes,Oviedo,1,0,H,13.0,9.0,3.0,4.0
2425,SP2,2025-03-08,Sp Gijon,Santander,1,1,D,13.0,13.0,4.0,4.0
2425,SP2,2025-03-08,Zaragoza,Eldense,2,4,A,25.0,10.0,7.0,5.0
2425,D2,2025-03-09,Hannover,Braunschweig,1,1,D,15.0,13.0,3.0,7.0
2425,D2,2025-03-09,Preußen Münster,Nurnberg,0,1,A,22.0,14.0,5.0,6.0
2425,D2,2025-03-09,Regensburg,Paderborn,0,0,D,5.0,13.0,0.0,3.0
2425,E1,2025-03-09,Portsmouth,Leeds,1,0,H,13.0,13.0,3.0,4.0
2425,I2,2025-03-09,Cittadella,Sudtirol,1,5,A,9.0,19.0,3.0,5.0
2425,I2,2025-03-09,Sassuolo,Bari,1,1,D,10.0,10.0,3.0,5.0
2425,I2,2025-03-09,Spezia,Pisa,3,2,H,9.0,9.0,4.0,3.0
2425,SP2,2025-03-09,Granada,Ferrol,3,0,H,11.0,9.0,7.0,3.0
2425,SP2,2025-03-09,Levante,Cartagena,3,0,H,17.0,11.0,8.0,1.0
2425,SP2,2025-03-09,Malaga,Cadiz,0,2,A,6.0,6.0,1.0,2.0
2425,SP2,2025-03-09,Tenerife,Huesca,2,0,H,19.0,7.0,7.0,2.0
2425,F2,2025-03-10,Rodez,Dunkerque,5,1,H,18.0,10.0,9.0,1.0
2425,SP2,2025-03-10,Burgos,Albacete,1,0,H,9.0,16.0,4.0,5.0
2425,E1,2025-03-11,Burnley,West Brom,1,1,D,8.0,7.0,2.0,3.0
2425,E1,2025-03-11,Cardiff,Luton,1,2,A,12.0,9.0,4.0,4.0
2425,E1,2025-03-11,Derby,Coventry,2,0,H,6.0,13.0,2.0,4.0
2425,E1,2025-03-11,Middlesbrough,QPR,2,1,H,16.0,9.0,5.0,5.0
2425,E1,2025-03-11,Norwich,Sheffield Weds,2,3,A,10.0,15.0,3.0,5.0
2425,E1,2025-03-11,Sheffield United,Bristol City,1,1,D,13.0,23.0,5.0,4.0
2425,E1,2025-03-11,Sunderland,Preston,1,1,D,20.0,15.0,2.0,2.0
2425,E1,2025-03-12,Hull,Oxford,2,1,H,14.0,12.0,2.0,3.0
2425,E1,2025-03-12,Leeds,Millwall,2,0,H,18.0,4.0,2.0,0.0
2425,E1,2025-03-12,Portsmouth,Plymouth,1,2,A,16.0,6.0,3.0,3.0
2425,E1,2025-03-12,Stoke,Blackburn,1,0,H,8.0,10.0,3.0,2.0
2425,E1,2025-03-12,Watford,Swansea,1,0,H,9.0,12.0,2.0,3.0
2425,D2,2025-03-14,Magdeburg,Hamburg,0,3,A,16.0,14.0,2.0,6.0
2425,D2,2025-03-14,Schalke 04,Hannover,1,2,A,10.0,12.0,4.0,4.0
2425,E1,2025-03-14,Bristol City,Norwich,2,1,H,13.0,20.0,5.0,6.0
2425,F2,2025-03-14,Ajaccio,Red Star,2,1,H,14.0,9.0,5.0,4.0
2425,F2,2025-03-14,Amiens,Caen,2,1,H,9.0,11.0,3.0,5.0
2425,F2,2025-03-14,Annecy,Rodez,1,1,D,10.0,8.0,3.0,4.0
2425,F2,2025-03-14,Clermont,Grenoble,0,0,D,18.0,13.0,5.0,5.0
2425,F2,2025-03-14,Martigues,Pau FC,2,2,D,10.0,14.0,4.0,7.0
2425,F2,2025-03-14,Troyes,Guingamp,0,1,A,15.0,7.0,3.0,4.0
2425,I2,2025-03-14,Palermo,Cremonese,2,3,A,10.0,19.0,3.0,7.0
2425,SP2,2025-03-14,Oviedo,Elche,1,1,D,13.0,15.0,1.0,5.0
2425,D2,2025-03-15,Elversberg,Preußen Münster,0,1,A,17.0,6.0,4.0,1.0
2425,D2,2025-03-15,FC Koln,Darmstadt,2,1,H,20.0,9.0,6.0,5.0
2425,D2,2025-03-15,Fortuna Dusseldorf,Regensburg,1,0,H,17.0,10.0,8.0,0.0
2425,D2,2025-03-15,Paderborn,Kaiserslautern,5,3,H,12.0,14.0,7.0,5.0
2425,E1,2025-03-15,Blackburn,Cardiff,1,2,A,8.0,10.0,2.0,4.0
2425,E1,2025-03-15,Coventry,Sunderland,3,0,H,21.0,6.0,5.0,1.0
2425,E1,2025-03-15,Luton,Middlesbrough,0,0,D,19.0,7.0,5.0,0.0
2425,E1,2025-03-15,Millwall,Stoke,1,0,H,11.0,5.0,4.0,1.0
2425,E1,2025-03-15,Oxford,Watford,1,0,H,8.0,16.0,3.0,4.0
2425,E1,2025-03-15,Plymouth,Derby,2,3,A,11.0,9.0,3.0,5.0
2425,E1,2025-03-15,Preston,Portsmouth,2,1,H,14.0,9.0,6.0,2.0
2425,E1,2025-03-15,QPR,Leeds,2,2,D,8.0,10.0,4.0,3.0
2425,E1,2025-03-15,Swansea,Burnley,0,2,A,5.0,12.0,1.0,5.0
2425,E1,2025-03-15,West Brom,Hull,1,1,D,16.0,7.0,3.0,4.0
2425,F2,2025-03-15,Dunkerque,Metz,2,3,A,12.0,10.0,5.0,6.0
2425,F2,2025-03-15,Laval,Paris FC,3,0,H,14.0,16.0,8.0,5.0
2425,F2,2025-03-15,Lorient,Bastia,4,0,H,10.0,9.0,6.0,4.0
2425,I2,2025-03-15,Bari,Salernitana,0,0,D,11.0,12.0,3.0,3.0
2425,I2,2025-03-15,Cesena,Spezia,0,0,D,11.0,18.0,0.0,5.0
2425,I2,2025-03-15,Cittadella,Sassuolo,1,2,A,14.0,18.0,3.0,6.0
2425,I2,2025-03-15,Frosinone,Brescia,2,1,H,13.0,18.0,4.0,5.0
2425,I2,2025-03-15,Juve Stabia,Modena,2,1,H,14.0,9.0,3.0,1.0
2425,SP2,2025-03-15,Albacete,Malaga,2,0,H,11.0,21.0,3.0,4.0
2425,SP2,2025-03-15,Almeria,Zaragoza,4,1,H,17.0,5.0,4.0,0.0
2425,SP2,2025-03-15,Cartagena,Burgos,0,1,A,9.0,6.0,2.0,2.0
2425,SP2,2025-03-15,Cordoba,Sp Gijon,1,1,D,18.0,7.0,4.0,5.0
2425,SP2,2025-03-15,Ferrol,Eibar,0,0,D,8.0,12.0,1.0,4.0
2425,D2,2025-03-16,Braunschweig,Hertha,1,5,A,14.0,14.0,3.0,12.0
2425,D2,2025-03-16,Karlsruhe,Ulm,0,0,D,17.0,14.0,5.0,3.0
2425,D2,2025-03-16,Nurnberg,Greuther Furth,3,0,H,6.0,7.0,5.0,1.0
2425,E1,2025-03-16,Sheffield Weds,Sheffield United,0,1,A,14.0,9.0,3.0,2.0
2425,I2,2025-03-16,Catanzaro,Cosenza,4,0,H,9.0,10.0,6.0,3.0
2425,I2,2025-03-16,Pisa,Mantova,3,1,H,21.0,7.0,9.0,1.0
2425,I2,2025-03-16,Reggiana,Sampdoria,2,2,D,13.0,14.0,6.0,4.0
2425,I2,2025-03-16,Sudtirol,Carrarese,2,2,D,12.0,9.0,5.0,3.0
2425,SP2,2025-03-16,Cadiz,Granada,1,0,H,15.0,7.0,4.0,0.0
2425,SP2,2025-03-16,Eldense,Mirandes,2,2,D,5.0,4.0,1.0,1.0
2425,SP2,2025-03-16,Huesca,Levante,1,2,A,7.0,9.0,5.0,2.0
2425,SP2,2025-03-16,Santander,Tenerife,2,1,H,8.0,15.0,4.0,4.0
2425,SP2,2025-03-17,Castellon,La Coruna,2,2,D,18.0,6.0,5.0,5.0
2425,SP2,2025-03-21,Burgos,Almeria,3,1,H,7.0,11.0,5.0,4.0
2425,SP2,2025-03-22,Elche,Eldense,2,0,H,14.0,6.0,6.0,1.0
2425,SP2,2025-03-22,Granada,Oviedo,1,0,H,12.0,10.0,5.0,3.0
2425,SP2,2025-03-22,Malaga,Ferrol,2,0,H,8.0,13.0,6.0,1.0
2425,SP2,2025-03-22,Mirandes,Santander,2,1,H,16.0,7.0,7.0,6.0
2425,SP2,2025-03-23,Eibar,Huesca,2,1,H,17.0,5.0,7.0,3.0
2425,SP2,2025-03-23,La Coruna,Cartagena,2,2,D,10.0,12.0,3.0,4.0
2425,SP2,2025-03-23,Levante,Castellon,3,2,H,12.0,13.0,3.0,3.0
2425,SP2,2025-03-23,Sp Gijon,Albacete,0,2,A,14.0,16.0,2.0,6.0
2425,SP2,2025-03-23,Tenerife,Cadiz,2,1,H,11.0,16.0,6.0,6.0
2425,SP2,2025-03-24,Zaragoza,Cordoba,1,1,D,13.0,7.0,3.0,2.0
2425,D2,2025-03-28,Hamburg,Elversberg,0,0,D,15.0,14.0,3.0,3.0
2425,D2,2025-03-28,Ulm,Darmstadt,2,1,H,12.0,19.0,4.0,7.0
2425,E1,2025-03-28,Sheffield United,Coventry,3,1,H,16.0,11.0,6.0,4.0
2425,F2,2025-03-28,Bastia,Dunkerque,2,0,H,14.0,11.0,8.0,1.0
2425,F2,2025-03-28,Clermont,Amiens,1,1,D,11.0,17.0,3.0,6.0
2425,F2,2025-03-28,Martigues,Ajaccio,2,0,H,10.0,18.0,4.0,4.0
2425,F2,2025-03-28,Metz,Troyes,2,1,H,8.0,10.0,3.0,3.0
2425,F2,2025-03-28,Pau FC,Annecy,1,0,H,5.0,7.0,4.0,3.0
2425,F2,2025-03-28,Red Star,Rodez,1,1,D,10.0,12.0,3.0,5.0
2425,I2,2025-03-28,Spezia,Brescia,0,1,A,25.0,13.0,6.0,7.0
2425,SP2,2025-03-28,Tenerife,Granada,2,1,H,14.0,8.0,3.0,3.0
2425,D2,2025-03-29,Hannover,Magdeburg,0,0,D,14.0,13.0,3.0,4.0
2425,D2,2025-03-29,Hertha,Karlsruhe,3,1,H,14.0,12.0,4.0,2.0
2425,D2,2025-03-29,Kaiserslautern,Fortuna Dusseldorf,3,1,H,13.0,8.0,7.0,4.0
2425,D2,2025-03-29,Paderborn,FC Koln,1,2,A,23.0,18.0,8.0,7.0
2425,E1,2025-03-29,Burnley,Bristol City,1,0,H,14.0,4.0,3.0,1.0
2425,E1,2025-03-29,Cardiff,Sheffield Weds,1,1,D,14.0,9.0,5.0,2.0
2425,E1,2025-03-29,Hull,Luton,0,1,A,14.0,8.0,3.0,2.0
2425,E1,2025-03-29,Leeds,Swansea,2,2,D,15.0,9.0,7.0,6.0
2425,E1,2025-03-29,Middlesbrough,Oxford,2,1,H,24.0,9.0,4.0,3.0
2425,E1,2025-03-29,Norwich,West Brom,1,0,H,9.0,16.0,3.0,7.0
2425,E1,2025-03-29,Portsmouth,Blackburn,1,0,H,3.0,9.0,2.0,3.0
2425,E1,2025-03-29,Stoke,QPR,3,1,H,11.0,9.0,6.0,3.0
2425,E1,2025-03-29,Sunderland,Millwall,1,0,H,13.0,5.0,6.0,2.0
2425,E1,2025-03-29,Watford,Plymouth,0,0,D,17.0,7.0,1.0,1.0
2425,F2,2025-03-29,Grenoble,Lorient,1,2,A,4.0,20.0,2.0,5.0
2425,F2,2025-03-29,Guingamp,Laval,2,0,H,21.0,6.0,9.0,3.0
2425,I2,2025-03-29,Cosenza,Pisa,0,3,A,1.0,14.0,0.0,5.0
2425,I2,2025-03-29,Cremonese,Cittadella,2,2,D,16.0,3.0,5.0,2.0
2425,I2,2025-03-29,Mantova,Sudtirol,2,0,H,15.0,16.0,5.0,1.0
2425,I2,2025-03-29,Modena,Catanzaro,2,1,H,11.0,12.0,6.0,2.0
2425,I2,2025-03-29,Sampdoria,Frosinone,0,3,A,12.0,23.0,3.0,7.0
2425,I2,2025-03-29,Sassuolo,Reggiana,5,1,H,14.0,10.0,6.0,3.0
2425,SP2,2025-03-29,Almeria,Levante,1,0,H,14.0,9.0,3.0,2.0
2425,SP2,2025-03-29,Cartagena,Castellon,2,2,D,5.0,22.0,3.0,10.0
2425,SP2,2025-03-29,Eldense,Burgos,0,0,D,18.0,5.0,7.0,1.0
2425,SP2,2025-03-29,Ferrol,La Coruna,0,1,A,10.0,6.0,2.0,3.0
2425,SP2,2025-03-29,Santander,Zaragoza,2,0,H,22.0,5.0,5.0,1.0
2425,D2,2025-03-30,Greuther Furth,Schalke 04,3,3,D,13.0,12.0,8.0,5.0
2425,D2,2025-03-30,Preußen Münster,Braunschweig,1,1,D,14.0,9.0,2.0,2.0
2425,D2,2025-03-30,Regensburg,Nurnberg,2,1,H,8.0,13.0,3.0,4.0
2425,I2,2025-03-30,Carrarese,Bari,2,1,H,11.0,21.0,5.0,6.0
2425,I2,2025-03-30,Cesena,Juve Stabia,1,2,A,11.0,8.0,5.0,1.0
2425,I2,2025-03-30,Salernitana,Palermo,1,2,A,14.0,11.0,2.0,4.0
2425,SP2,2025-03-30,Albacete,Mirandes,3,2,H,10.0,12.0,5.0,3.0
2425,SP2,2025-03-30,Cordoba,Elche,1,2,A,17.0,8.0,7.0,4.0
2425,SP2,2025-03-30,Huesca,Sp Gijon,3,2,H,24.0,11.0,7.0,3.0
2425,SP2,2025-03-30,Oviedo,Malaga,2,1,H,15.0,9.0,6.0,3.0
2425,F2,2025-03-31,Paris FC,Caen,4,2,H,16.0,16.0,7.0,4.0
2425,SP2,2025-03-31,Cadiz,Eibar,0,0,D,9.0,10.0,1.0,2.0
2425,E1,2025-04-02,Derby,Preston,2,0,H,7.0,5.0,2.0,1.0
2425,D2,2025-04-04,Braunschweig,Paderborn,3,2,H,10.0,20.0,5.0,6.0
2425,D2,2025-04-04,Karlsruhe,Hannover,1,0,H,13.0,17.0,4.0,1.0
2425,E1,2025-04-04,Blackburn,Middlesbrough,0,2,A,7.0,12.0,2.0,3.0
2425,F2,2025-04-04,Ajaccio,Amiens,2,1,H,15.0,9.0,4.0,1.0
2425,F2,2025-04-04,Annecy,Bastia,1,1,D,8.0,11.0,4.0,3.0
2425,F2,2025-04-04,Laval,Grenoble,1,2,A,10.0,12.0,5.0,3.0
2425,F2,2025-04-04,Paris FC,Clermont,2,0,H,13.0,4.0,5.0,0.0
2425,F2,2025-04-04,Rodez,Martigues,1,0,H,11.0,8.0,6.0,0.0
2425,I2,2025-04-04,Reggiana,Cremonese,1,2,A,12.0,16.0,1.0,7.0
2425,SP2,2025-04-04,Castellon,Albacete,2,2,D,30.0,7.0,6.0,5.0
2425,D2,2025-04-05,Darmstadt,Greuther Furth,1,0,H,14.0,5.0,4.0,1.0
2425,D2,2025-04-05,FC Koln,Hertha,0,1,A,15.0,17.0,4.0,5.0
2425,D2,2025-04-05,Fortuna Dusseldorf,Preußen Münster,1,0,H,11.0,24.0,4.0,4.0
2425,D2,2025-04-05,Nurnberg,Hamburg,0,3,A,9.0,24.0,3.0,8.0
2425,E1,2025-04-05,Bristol City,Watford,2,1,H,7.0,8.0,4.0,3.0
2425,E1,2025-04-05,Coventry,Burnley,1,2,A,14.0,13.0,4.0,6.0
2425,E1,2025-04-05,Luton,Leeds,1,1,D,8.0,8.0,3.0,5.0
2425,E1,2025-04-05,Millwall,Portsmouth,2,1,H,14.0,6.0,3.0,3.0
2425,E1,2025-04-05,Oxford,Sheffield United,1,0,H,9.0,15.0,3.0,4.0
2425,E1,2025-04-05,Plymouth,Norwich,2,1,H,8.0,9.0,4.0,4.0
2425,E1,2025-04-05,Preston,Stoke,1,1,D,6.0,15.0,2.0,5.0
2425,E1,2025-04-05,QPR,Cardiff,0,0,D,11.0,13.0,4.0,2.0
2425,E1,2025-04-05,Sheffield Weds,Hull,0,1,A,15.0,8.0,4.0,2.0
2425,E1,2025-04-05,Swansea,Derby,1,0,H,3.0,12.0,1.0,2.0
2425,E1,2025-04-05,West Brom,Sunderland,0,1,A,21.0,7.0,3.0,3.0
2425,F2,2025-04-05,Caen,Metz,2,2,D,10.0,12.0,5.0,3.0
2425,F2,2025-04-05,Lorient,Pau FC,5,0,H,5.0,0.0,5.0,0.0
2425,F2,2025-04-05,Troyes,Red Star,2,2,D,9.0,11.0,4.0,4.0
2425,I2,2025-04-05,Brescia,Mantova,1,2,A,14.0,18.0,6.0,8.0
2425,I2,2025-04-05,Cittadella,Carrarese,0,0,D,7.0,7.0,1.0,1.0
2425,I2,2025-04-05,Frosinone,Cosenza,2,2,D,20.0,6.0,5.0,3.0
2425,I2,2025-04-05,Juve Stabia,Salernitana,1,0,H,10.0,7.0,2.0,1.0
2425,I2,2025-04-05,Pisa,Modena,1,2,A,15.0,9.0,5.0,4.0
2425,I2,2025-04-05,Sudtirol,Cesena,1,1,D,6.0,7.0,1.0,2.0
2425,SP2,2025-04-05,Cartagena,Eldense,0,1,A,9.0,18.0,3.0,3.0
2425,SP2,2025-04-05,Eibar,Oviedo,1,1,D,14.0,9.0,5.0,3.0
2425,SP2,2025-04-05,Granada,Almeria,3,1,H,17.0,21.0,8.0,8.0
2425,SP2,2025-04-05,Sp Gijon,Tenerife,1,3,A,11.0,13.0,2.0,5.0
2425,D2,2025-04-06,Elversberg,Regensburg,6,0,H,14.0,11.0,7.0,4.0
2425,D2,2025-04-06,Magdeburg,Kaiserslautern,2,0,H,7.0,17.0,4.0,2.0
2425,D2,2025-04-06,Schalke 04,Ulm,2,1,H,17.0,13.0,4.0,5.0
2425,I2,2025-04-06,Catanzaro,Bari,3,3,D,13.0,9.0,6.0,4.0
2425,I2,2025-04-06,Palermo,Sassuolo,5,3,H,13.0,20.0,5.0,7.0
2425,I2,2025-04-06,Spezia,Sampdoria,2,0,H,16.0,10.0,6.0,3.0
2425,SP2,2025-04-06,Burgos,Huesca,2,1,H,8.0,6.0,2.0,2.0
2425,SP2,2025-04-06,La Coruna,Cadiz,1,0,H,18.0,16.0,7.0,6.0
2425,SP2,2025-04-06,Levante,Santander,3,1,H,11.0,11.0,5.0,4.0
2425,SP2,2025-04-06,Malaga,Cordoba,0,1,A,12.0,13.0,2.0,4.0
2425,SP2,2025-04-06,Zaragoza,Mirandes,1,0,H,8.0,7.0,2.0,1.0
2425,F2,2025-04-07,Dunkerque,Guingamp,3,1,H,12.0,8.0,6.0,4.0
2425,SP2,2025-04-07,Elche,Ferrol,1,0,H,10.0,7.0,3.0,2.0
2425,E1,2025-04-08,Blackburn,Sheffield Weds,2,2,D,11.0,9.0,5.0,3.0
2425,E1,2025-04-08,Bristol City,West Brom,2,1,H,12.0,13.0,7.0,5.0
2425,E1,2025-04-08,Derby,Burnley,0,0,D,9.0,8.0,1.0,2.0
2425,E1,2025-04-08,Middlesbrough,Leeds,0,1,A,17.0,5.0,2.0,3.0
2425,E1,2025-04-08,Norwich,Sunderland,0,0,D,11.0,7.0,4.0,3.0
2425,E1,2025-04-08,Preston,Cardiff,2,2,D,14.0,14.0,4.0,6.0
2425,E1,2025-04-08,Sheffield United,Millwall,0,1,A,25.0,7.0,5.0,2.0
2425,E1,2025-04-08,Stoke,Luton,1,1,D,10.0,15.0,4.0,3.0
2425,E1,2025-04-08,Watford,Hull,1,0,H,9.0,16.0,2.0,5.0
2425,E1,2025-04-09,Coventry,Portsmouth,1,0,H,16.0,10.0,3.0,1.0
2425,E1,2025-04-09,Oxford,QPR,1,3,A,12.0,11.0,5.0,6.0
2425,E1,2025-04-09,Swansea,Plymouth,3,0,H,18.0,6.0,8.0,3.0
2425,D2,2025-04-11,Greuther Furth,FC Koln,1,1,D,16.0,14.0,7.0,5.0
2425,D2,2025-04-11,Hamburg,Braunschweig,2,4,A,11.0,16.0,5.0,5.0
2425,E1,2025-04-11,Burnley,Norwich,2,1,H,8.0,12.0,2.0,2.0
2425,F2,2025-04-11,Amiens,Dunkerque,1,0,H,4.0,18.0,2.0,1.0
2425,F2,2025-04-11,Martigues,Metz,1,4,A,14.0,14.0,4.0,8.0
2425,F2,2025-04-11,Pau FC,Clermont,2,2,D,22.0,7.0,11.0,3.0
2425,F2,2025-04-11,Red Star,Annecy,0,1,A,9.0,5.0,1.0,3.0
2425,F2,2025-04-11,Rodez,Caen,2,2,D,14.0,10.0,6.0,6.0
2425,F2,2025-04-11,Troyes,Ajaccio,0,0,D,12.0,6.0,5.0,1.0
2425,I2,2025-04-11,Bari,Palermo,2,1,H,13.0,7.0,6.0,3.0
2425,SP2,2025-04-11,Cordoba,Levante,2,2,D,25.0,14.0,5.0,4.0
2425,D2,2025-04-12,Hannover,Elversberg,1,3,A,11.0,22.0,3.0,5.0
2425,D2,2025-04-12,Hertha,Darmstadt,1,1,D,8.0,12.0,1.0,4.0
2425,D2,2025-04-12,Kaiserslautern,Nurnberg,1,2,A,25.0,5.0,12.0,3.0
2425,D2,2025-04-12,Ulm,Magdeburg,1,0,H,7.0,14.0,4.0,3.0
2425,E1,2025-04-12,Cardiff,Stoke,0,1,A,16.0,12.0,3.0,5.0
2425,E1,2025-04-12,Leeds,Preston,2,1,H,20.0,3.0,5.0,2.0
2425,E1,2025-04-12,Luton,Blackburn,0,1,A,18.0,4.0,3.0,2.0
2425,E1,2025-04-12,Millwall,Middlesbrough,1,0,H,13.0,11.0,4.0,4.0
2425,E1,2025-04-12,Plymouth,Sheffield United,2,1,H,8.0,8.0,3.0,3.0
2425,E1,2025-04-12,Portsmouth,Derby,2,2,D,15.0,10.0,5.0,4.0
2425,E1,2025-04-12,QPR,Bristol City,1,1,D,13.0,5.0,4.0,1.0
2425,E1,2025-04-12,Sheffield Weds,Oxford,0,1,A,15.0,13.0,2.0,5.0
2425,E1,2025-04-12,Sunderland,Swansea,0,1,A,12.0,9.0,3.0,2.0
2425,E1,2025-04-12,West Brom,Watford,2,1,H,10.0,15.0,5.0,3.0
2425,F2,2025-04-12,Grenoble,Paris FC,1,2,A,7.0,18.0,3.0,7.0
2425,F2,2025-04-12,Guingamp,Lorient,1,2,A,11.0,13.0,4.0,6.0
2425,I2,2025-04-12,Carrarese,Catanzaro,2,2,D,13.0,10.0,4.0,4.0
2425,I2,2025-04-12,Cosenza,Brescia,1,1,D,21.0,11.0,4.0,1.0
2425,I2,2025-04-12,Modena,Sassuolo,1,3,A,13.0,11.0,7.0,4.0
2425,I2,2025-04-12,Reggiana,Pisa,0,2,A,8.0,13.0,1.0,3.0
2425,I2,2025-04-12,Salernitana,Sudtirol,2,1,H,13.0,8.0,5.0,4.0
2425,I2,2025-04-12,Sampdoria,Cittadella,1,0,H,10.0,5.0,3.0,0.0
2425,SP2,2025-04-12,Cadiz,Elche,0,1,A,15.0,11.0,6.0,4.0
2425,SP2,2025-04-12,Oviedo,Ferrol,3,0,H,10.0,7.0,4.0,1.0
2425,SP2,2025-04-12,Tenerife,Burgos,0,0,D,16.0,5.0,1.0,2.0
2425,SP2,2025-04-12,Zaragoza,Eibar,2,2,D,17.0,6.0,4.0,2.0
2425,D2,2025-04-13,Paderborn,Fortuna Dusseldorf,1,2,A,23.0,8.0,7.0,4.0
2425,D2,2025-04-13,Preußen Münster,Karlsruhe,1,1,D,11.0,12.0,5.0,6.0
2425,D2,2025-04-13,Regensburg,Schalke 04,2,0,H,10.0,12.0,6.0,1.0
2425,I2,2025-04-13,Cesena,Frosinone,1,1,D,8.0,10.0,2.0,2.0
2425,I2,2025-04-13,Cremonese,Juve Stabia,1,1,D,13.0,3.0,3.0,2.0
2425,I2,2025-04-13,Mantova,Spezia,2,2,D,31.0,8.0,7.0,3.0
2425,SP2,2025-04-13,Albacete,Granada,0,2,A,20.0,13.0,5.0,4.0
2425,SP2,2025-04-13,Almeria,Cartagena,2,1,H,28.0,6.0,7.0,3.0
2425,SP2,2025-04-13,Eldense,Sp Gijon,1,2,A,15.0,15.0,4.0,4.0
2425,SP2,2025-04-13,Mirandes,La Coruna,2,2,D,15.0,11.0,4.0,5.0
2425,SP2,2025-04-13,Santander,Castellon,1,1,D,8.0,12.0,4.0,6.0
2425,E1,2025-04-14,Hull,Coventry,1,1,D,9.0,14.0,3.0,8.0
2425,F2,2025-04-14,Bastia,Laval,5,2,H,14.0,8.0,6.0,4.0
2425,SP2,2025-04-14,Huesca,Malaga,1,0,H,11.0,8.0,3.0,1.0
2425,E1,2025-04-18,Blackburn,Millwall,4,1,H,17.0,12.0,6.0,6.0
2425,E1,2025-04-18,Bristol City,Sunderland,2,1,H,27.0,4.0,7.0,2.0
2425,E1,2025-04-18,Coventry,West Brom,2,0,H,10.0,7.0,4.0,0.0
2425,E1,2025-04-18,Derby,Luton,0,1,A,14.0,8.0,5.0,1.0
2425,E1,2025-04-18,Middlesbrough,Plymouth,2,1,H,22.0,19.0,8.0,5.0
2425,E1,2025-04-18,Norwich,Portsmouth,3,5,A,11.0,22.0,6.0,10.0
2425,E1,2025-04-18,Oxford,Leeds,0,1,A,9.0,11.0,2.0,4.0
2425,E1,2025-04-18,Preston,QPR,1,2,A,9.0,14.0,2.0,5.0
2425,E1,2025-04-18,Sheffield United,Cardiff,2,0,H,15.0,11.0,5.0,3.0
2425,E1,2025-04-18,Stoke,Sheffield Weds,2,0,H,10.0,9.0,3.0,1.0
2425,E1,2025-04-18,Swansea,Hull,1,0,H,20.0,11.0,3.0,3.0
2425,E1,2025-04-18,Watford,Burnley,1,2,A,11.0,16.0,5.0,7.0
2425,F2,2025-04-18,Ajaccio,Pau FC,1,1,D,15.0,13.0,6.0,3.0
2425,F2,2025-04-18,Amiens,Guingamp,3,2,H,11.0,17.0,4.0,6.0
2425,F2,2025-04-18,Caen,Martigues,0,3,A,19.0,10.0,3.0,6.0
2425,F2,2025-04-18,Clermont,Troyes,0,2,A,16.0,14.0,5.0,4.0
2425,F2,2025-04-18,Dunkerque,Grenoble,2,0,H,14.0,4.0,9.0,1.0
2425,F2,2025-04-18,Laval,Rodez,2,1,H,8.0,14.0,3.0,4.0
2425,SP2,2025-04-18,Castellon,Almeria,4,1,H,13.0,9.0,6.0,3.0
2425,SP2,2025-04-18,Sp Gijon,Mirandes,3,1,H,13.0,17.0,7.0,5.0
2425,D2,2025-04-19,Braunschweig,Kaiserslautern,2,0,H,19.0,13.0,5.0,2.0
2425,D2,2025-04-19,Elversberg,Fortuna Dusseldorf,1,1,D,25.0,5.0,6.0,2.0
2425,D2,2025-04-19,Nurnberg,Paderborn,2,3,A,3.0,16.0,2.0,6.0
2425,D2,2025-04-19,Schalke 04,Hamburg,2,2,D,12.0,26.0,3.0,12.0
2425,F2,2025-04-19,Metz,Red Star,2,2,D,14.0,6.0,7.0,3.0
2425,F2,2025-04-19,Paris FC,Bastia,1,0,H,11.0,9.0,4.0,4.0
2425,SP2,2025-04-19,Burgos,Cadiz,2,2,D,12.0,9.0,3.0,2.0
2425,SP2,2025-04-19,Ferrol,Eldense,1,0,H,14.0,13.0,6.0,2.0
2425,SP2,2025-04-19,Huesca,Santander,1,3,A,6.0,16.0,2.0,9.0
2425,SP2,2025-04-19,Levante,Zaragoza,5,2,H,15.0,17.0,7.0,4.0
2425,D2,2025-04-20,Darmstadt,Hannover,3,1,H,12.0,13.0,7.0,5.0
2425,D2,2025-04-20,FC Koln,Preußen Münster,3,1,H,19.0,9.0,7.0,4.0
2425,D2,2025-04-20,Karlsruhe,Greuther Furth,1,0,H,8.0,13.0,4.0,2.0
2425,D2,2025-04-20,Magdeburg,Regensburg,3,0,H,12.0,15.0,6.0,5.0
2425,D2,2025-04-20,Ulm,Hertha,2,3,A,10.0,13.0,3.0,4.0
2425,SP2,2025-04-20,Cartagena,Granada,2,3,A,10.0,17.0,7.0,8.0
2425,SP2,2025-04-20,Cordoba,Oviedo,0,0,D,18.0,8.0,4.0,1.0
2425,SP2,2025-04-20,Elche,Albacete,2,2,D,17.0,10.0,7.0,6.0
2425,SP2,2025-04-20,La Coruna,Tenerife,0,0,D,9.0,13.0,0.0,4.0
2425,E1,2025-04-21,Burnley,Sheffield United,2,1,H,10.0,15.0,4.0,4.0
2425,E1,2025-04-21,Cardiff,Oxford,1,1,D,12.0,2.0,3.0,1.0
2425,E1,2025-04-21,Hull,Preston,2,1,H,16.0,16.0,6.0,2.0
2425,E1,2025-04-21,Leeds,Stoke,6,0,H,18.0,5.0,11.0,1.0
2425,E1,2025-04-21,Luton,Bristol City,3,1,H,16.0,11.0,7.0,4.0
2425,E1,2025-04-21,Millwall,Norwich,3,1,H,16.0,4.0,5.0,1.0
2425,E1,2025-04-21,Plymouth,Coventry,3,1,H,10.0,11.0,5.0,3.0
2425,E1,2025-04-21,Portsmouth,Watford,1,0,H,19.0,10.0,10.0,3.0
2425,E1,2025-04-21,QPR,Swansea,1,2,A,6.0,10.0,2.0,2.0
2425,E1,2025-04-21,Sheffield Weds,Middlesbrough,2,1,H,25.0,17.0,11.0,6.0
2425,E1,2025-04-21,Sunderland,Blackburn,0,1,A,16.0,2.0,2.0,1.0
2425,E1,2025-04-21,West Brom,Derby,1,3,A,13.0,5.0,2.0,4.0
2425,F2,2025-04-21,Annecy,Lorient,0,0,D,6.0,12.0,2.0,2.0
2425,SP2,2025-04-21,Eibar,Malaga,2,2,D,14.0,13.0,5.0,6.0
2425,D2,2025-04-25,Greuther Furth,Ulm,0,1,A,15.0,14.0,5.0,3.0
2425,D2,2025-04-25,Hertha,Magdeburg,1,1,D,11.0,19.0,5.0,6.0
2425,E1,2025-04-25,Stoke,Sheffield United,0,2,A,10.0,13.0,3.0,5.0
2425,F2,2025-04-25,Annecy,Ajaccio,2,0,H,11.0,5.0,4.0,1.0
2425,F2,2025-04-25,Bastia,Grenoble,2,3,A,23.0,12.0,8.0,6.0
2425,F2,2025-04-25,Guingamp,Martigues,2,1,H,14.0,14.0,2.0,6.0
2425,F2,2025-04-25,Laval,Amiens,1,0,H,18.0,10.0,2.0,3.0
2425,F2,2025-04-25,Red Star,Clermont,1,1,D,7.0,9.0,1.0,2.0
2425,F2,2025-04-25,Troyes,Dunkerque,1,0,H,5.0,12.0,2.0,4.0
2425,I2,2025-04-25,Bari,Modena,1,2,A,17.0,14.0,5.0,5.0
2425,I2,2025-04-25,Brescia,Pisa,1,2,A,7.0,6.0,2.0,3.0
2425,I2,2025-04-25,Carrarese,Sampdoria,1,0,H,9.0,15.0,2.0,3.0
2425,I2,2025-04-25,Cesena,Sassuolo,0,2,A,12.0,14.0,1.0,9.0
2425,I2,2025-04-25,Cremonese,Mantova,4,2,H,17.0,11.0,9.0,3.0
2425,I2,2025-04-25,Frosinone,Spezia,2,2,D,8.0,21.0,3.0,7.0
2425,I2,2025-04-25,Reggiana,Cittadella,2,1,H,10.0,14.0,3.0,3.0
2425,I2,2025-04-25,Salernitana,Cosenza,3,1,H,16.0,10.0,8.0,3.0
2425,SP2,2025-04-25,Cadiz,Sp Gijon,1,0,H,9.0,10.0,1.0,3.0
2425,D2,2025-04-26,Fortuna Dusseldorf,Nurnberg,3,3,D,23.0,8.0,10.0,4.0
2425,D2,2025-04-26,Paderborn,Elversberg,1,1,D,8.0,15.0,2.0,4.0
2425,D2,2025-04-26,Preußen Münster,Darmstadt,1,1,D,13.0,11.0,3.0,4.0
2425,D2,2025-04-26,Regensburg,Braunschweig,1,1,D,7.0,8.0,4.0,4.0
2425,E1,2025-04-26,Blackburn,Watford,2,1,H,10.0,9.0,4.0,2.0
2425,E1,2025-04-26,Cardiff,West Brom,0,0,D,18.0,17.0,5.0,5.0
2425,E1,2025-04-26,Hull,Derby,0,1,A,15.0,6.0,2.0,2.0
2425,E1,2025-04-26,Luton,Coventry,1,0,H,23.0,3.0,8.0,0.0
2425,E1,2025-04-26,Middlesbrough,Norwich,0,0,D,16.0,10.0,5.0,4.0
2425,E1,2025-04-26,Millwall,Swansea,1,0,H,16.0,12.0,4.0,4.0
2425,E1,2025-04-26,Oxford,Sunderland,2,0,H,17.0,10.0,4.0,0.0
2425,E1,2025-04-26,Preston,Plymouth,1,2,A,20.0,5.0,7.0,3.0
2425,E1,2025-04-26,QPR,Burnley,0,5,A,9.0,16.0,2.0,10.0
2425,E1,2025-04-26,Sheffield Weds,Portsmouth,1,1,D,18.0,2.0,5.0,1.0
2425,F2,2025-04-26,Lorient,Caen,4,0,H,22.0,9.0,6.0,2.0
2425,F2,2025-04-26,Pau FC,Metz,2,1,H,18.0,17.0,5.0,5.0
2425,F2,2025-04-26,Rodez,Paris FC,1,1,D,19.0,9.0,3.0,2.0
2425,SP2,2025-04-26,Albacete,Cartagena,3,1,H,20.0,6.0,9.0,1.0
2425,SP2,2025-04-26,Eldense,Cordoba,1,1,D,8.0,8.0,4.0,2.0
2425,SP2,2025-04-26,Granada,Elche,1,1,D,13.0,8.0,2.0,3.0
2425,SP2,2025-04-26,Mirandes,Burgos,2,1,H,15.0,9.0,8.0,2.0
2425,SP2,2025-04-26,Oviedo,Levante,1,0,H,11.0,8.0,2.0,2.0
2425,D2,2025-04-27,Hamburg,Karlsruhe,1,2,A,13.0,11.0,5.0,4.0
2425,D2,2025-04-27,Hannover,FC Koln,1,0,H,17.0,10.0,6.0,1.0
2425,D2,2025-04-27,Kaiserslautern,Schalke 04,2,1,H,19.0,11.0,9.0,4.0
2425,I2,2025-04-27,Catanzaro,Palermo,1,3,A,15.0,9.0,5.0,6.0
2425,I2,2025-04-27,Sudtirol,Juve Stabia,2,0,H,10.0,15.0,3.0,3.0
2425,SP2,2025-04-27,Malaga,Castellon,1,0,H,6.0,8.0,3.0,2.0
2425,SP2,2025-04-27,Santander,La Coruna,2,1,H,7.0,15.0,3.0,2.0
2425,SP2,2025-04-27,Tenerife,Eibar,1,1,D,10.0,6.0,3.0,3.0
2425,SP2,2025-04-27,Zaragoza,Huesca,1,1,D,22.0,8.0,5.0,3.0
2425,E1,2025-04-28,Leeds,Bristol City,4,0,H,23.0,3.0,12.0,1.0
2425,SP2,2025-04-29,Almeria,Ferrol,2,1,H,12.0,17.0,4.0,6.0
2425,I2,2025-05-01,Cittadella,Brescia,0,1,A,16.0,10.0,2.0,3.0
2425,I2,2025-05-01,Cosenza,Bari,1,0,H,14.0,10.0,6.0,3.0
2425,I2,2025-05-01,Juve Stabia,Catanzaro,2,0,H,14.0,10.0,6.0,4.0
2425,I2,2025-05-01,Mantova,Cesena,3,0,H,21.0,10.0,8.0,5.0
2425,I2,2025-05-01,Modena,Reggiana,2,3,A,8.0,14.0,1.0,5.0
2425,I2,2025-05-01,Palermo,Sudtirol,1,2,A,17.0,15.0,5.0,6.0
2425,I2,2025-05-01,Pisa,Frosinone,1,0,H,13.0,8.0,3.0,0.0
2425,I2,2025-05-01,Sampdoria,Cremonese,0,0,D,9.0,8.0,3.0,2.0
2425,I2,2025-05-01,Sassuolo,Carrarese,2,0,H,15.0,12.0,8.0,4.0
2425,I2,2025-05-01,Spezia,Salernitana,2,0,H,19.0,8.0,7.0,1.0
2425,D2,2025-05-02,Magdeburg,Preußen Münster,0,5,A,10.0,14.0,3.0,8.0
2425,D2,2025-05-02,Schalke 04,Paderborn,0,2,A,13.0,18.0,4.0,8.0
2425,F2,2025-05-02,Ajaccio,Lorient,2,1,H,5.0,19.0,3.0,5.0
2425,F2,2025-05-02,Amiens,Pau FC,4,2,H,8.0,18.0,7.0,7.0
2425,F2,2025-05-02,Caen,Red Star,1,1,D,14.0,9.0,4.0,3.0
2425,F2,2025-05-02,Clermont,Annecy,3,2,H,5.0,10.0,3.0,1.0
2425,F2,2025-05-02,Dunkerque,Laval,0,0,D,12.0,13.0,4.0,4.0
2425,F2,2025-05-02,Grenoble,Troyes,3,1,H,15.0,17.0,4.0,4.0
2425,F2,2025-05-02,Guingamp,Bastia,2,2,D,20.0,13.0,10.0,4.0
2425,F2,2025-05-02,Martigues,Paris FC,1,1,D,12.0,16.0,4.0,7.0
2425,F2,2025-05-02,Metz,Rodez,3,3,D,16.0,16.0,8.0,7.0
2425,SP2,2025-05-02,Cordoba,Cadiz,4,2,H,27.0,5.0,11.0,2.0
2425,D2,2025-05-03,Braunschweig,Fortuna Dusseldorf,2,2,D,13.0,10.0,5.0,5.0
2425,D2,2025-05-03,Darmstadt,Hamburg,0,4,A,21.0,10.0,2.0,6.0
2425,D2,2025-05-03,FC Koln,Regensburg,1,1,D,22.0,5.0,5.0,4.0
2425,D2,2025-05-03,Ulm,Hannover,1,2,A,21.0,9.0,5.0,2.0
2425,E1,2025-05-03,Bristol City,Preston,2,2,D,18.0,18.0,2.0,5.0
2425,E1,2025-05-03,Burnley,Millwall,3,1,H,19.0,12.0,9.0,4.0
2425,E1,2025-05-03,Coventry,Middlesbrough,2,0,H,17.0,21.0,4.0,6.0
2425,E1,2025-05-03,Derby,Stoke,0,0,D,12.0,4.0,4.0,1.0
2425,E1,2025-05-03,Norwich,Cardiff,4,2,H,22.0,19.0,8.0,6.0
2425,E1,2025-05-03,Plymouth,Leeds,1,2,A,6.0,25.0,0.0,4.0
2425,E1,2025-05-03,Portsmouth,Hull,1,1,D,11.0,11.0,2.0,4.0
2425,E1,2025-05-03,Sheffield United,Blackburn,1,1,D,18.0,7.0,5.0,2.0
2425,E1,2025-05-03,Sunderland,QPR,0,1,A,11.0,5.0,5.0,1.0
2425,E1,2025-05-03,Swansea,Oxford,3,3,D,12.0,10.0,5.0,7.0
2425,E1,2025-05-03,Watford,Sheffield Weds,1,1,D,18.0,7.0,5.0,2.0
2425,E1,2025-05-03,West Brom,Luton,5,3,H,19.0,12.0,5.0,4.0
2425,SP2,2025-05-03,Burgos,Elche,0,1,A,8.0,7.0,3.0,3.0
2425,SP2,2025-05-03,Eibar,Mirandes,0,1,A,8.0,12.0,1.0,3.0
2425,SP2,2025-05-03,Huesca,Oviedo,1,2,A,9.0,12.0,3.0,5.0
2425,SP2,2025-05-03,Malaga,Granada,1,0,H,16.0,7.0,6.0,0.0
2425,D2,2025-05-04,Hertha,Greuther Furth,1,0,H,11.0,13.0,3.0,1.0
2425,D2,2025-05-04,Karlsruhe,Kaiserslautern,2,2,D,18.0,15.0,8.0,8.0
2425,D2,2025-05-04,Nurnberg,Elversberg,1,3,A,12.0,10.0,2.0,5.0
2425,I2,2025-05-04,Bari,Pisa,1,0,H,8.0,15.0,2.0,4.0
2425,I2,2025-05-04,Brescia,Juve Stabia,0,0,D,17.0,6.0,5.0,1.0
2425,I2,2025-05-04,Carrarese,Modena,2,1,H,7.0,17.0,3.0,4.0
2425,I2,2025-05-04,Catanzaro,Sampdoria,2,2,D,12.0,6.0,3.0,4.0
2425,I2,2025-05-04,Cesena,Palermo,2,1,H,12.0,19.0,5.0,6.0
2425,I2,2025-05-04,Cremonese,Sassuolo,1,1,D,19.0,4.0,7.0,2.0
2425,I2,2025-05-04,Frosinone,Cittadella,1,1,D,22.0,10.0,5.0,2.0
2425,I2,2025-05-04,Reggiana,Spezia,2,1,H,8.0,11.0,5.0,2.0
2425,I2,2025-05-04,Salernitana,Mantova,2,0,H,13.0,7.0,3.0,2.0
2425,I2,2025-05-04,Sudtirol,Cosenza,2,1,H,15.0,13.0,6.0,3.0
2425,SP2,2025-05-04,Almeria,Eldense,5,0,H,24.0,11.0,10.0,2.0
2425,SP2,2025-05-04,Cartagena,Santander,1,0,H,5.0,23.0,2.0,6.0
2425,SP2,2025-05-04,Ferrol,Zaragoza,1,2,A,16.0,11.0,4.0,7.0
2425,SP2,2025-05-04,La Coruna,Albacete,5,1,H,20.0,13.0,9.0,4.0
2425,SP2,2025-05-04,Levante,Tenerife,1,1,D,13.0,8.0,2.0,2.0
2425,SP2,2025-05-05,Castellon,Sp Gijon,4,3,H,18.0,18.0,7.0,7.0
2425,D2,2025-05-09,Nurnberg,FC Koln,1,2,A,5.0,23.0,1.0,4.0
2425,D2,2025-05-09,Preußen Münster,Hertha,2,0,H,12.0,8.0,3.0,1.0
2425,I2,2025-05-09,Cittadella,Bari,3,1,H,19.0,12.0,7.0,2.0
2425,I2,2025-05-09,Cosenza,Cesena,0,1,A,12.0,6.0,2.0,1.0
2425,I2,2025-05-09,Juve Stabia,Reggiana,1,2,A,21.0,8.0,8.0,3.0
2425,I2,2025-05-09,Mantova,Carrarese,2,1,H,18.0,12.0,5.0,2.0
2425,I2,2025-05-09,Modena,Brescia,2,2,D,12.0,15.0,3.0,4.0
2425,I2,2025-05-09,Palermo,Frosinone,2,0,H,9.0,14.0,3.0,1.0
2425,I2,2025-05-09,Pisa,Sudtirol,3,3,D,15.0,9.0,10.0,5.0
2425,I2,2025-05-09,Sampdoria,Salernitana,1,0,H,10.0,11.0,2.0,0.0
2425,I2,2025-05-09,Sassuolo,Catanzaro,0,2,A,18.0,8.0,7.0,2.0
2425,I2,2025-05-09,Spezia,Cremonese,2,3,A,17.0,9.0,4.0,5.0
2425,SP2,2025-05-09,Cadiz,Almeria,2,1,H,20.0,8.0,3.0,4.0
2425,D2,2025-05-10,Elversberg,Braunschweig,3,0,H,20.0,7.0,8.0,0.0
2425,D2,2025-05-10,Fortuna Dusseldorf,Schalke 04,2,0,H,12.0,8.0,8.0,2.0
2425,D2,2025-05-10,Hamburg,Ulm,6,1,H,15.0,17.0,10.0,4.0
2425,D2,2025-05-10,Paderborn,Magdeburg,2,1,H,21.0,9.0,4.0,3.0
2425,F2,2025-05-10,Annecy,Grenoble,3,1,H,7.0,7.0,3.0,1.0
2425,F2,2025-05-10,Bastia,Caen,2,1,H,27.0,4.0,11.0,2.0
2425,F2,2025-05-10,Laval,Metz,2,3,A,19.0,11.0,8.0,5.0
2425,F2,2025-05-10,Lorient,Martigues,5,1,H,23.0,6.0,10.0,4.0
2425,F2,2025-05-10,Paris FC,Ajaccio,2,0,H,19.0,10.0,6.0,1.0
2425,F2,2025-05-10,Pau FC,Guingamp,1,3,A,8.0,14.0,2.0,8.0
2425,F2,2025-05-10,Red Star,Dunkerque,1,1,D,10.0,10.0,5.0,2.0
2425,F2,2025-05-10,Rodez,Clermont,1,1,D,11.0,8.0,2.0,2.0
2425,F2,2025-05-10,Troyes,Amiens,1,0,H,21.0,16.0,7.0,2.0
2425,SP2,2025-05-10,Burgos,Cordoba,3,2,H,15.0,11.0,10.0,5.0
2425,SP2,2025-05-10,Elche,Levante,1,3,A,24.0,6.0,6.0,5.0
2425,SP2,2025-05-10,Mirandes,Castellon,3,2,H,16.0,14.0,5.0,9.0
2425,SP2,2025-05-10,Sp Gijon,La Coruna,2,1,H,16.0,9.0,4.0,1.0
2425,SP2,2025-05-10,Zaragoza,Cartagena,3,2,H,37.0,4.0,8.0,3.0
2425,D2,2025-05-11,Hannover,Greuther Furth,1,1,D,17.0,14.0,7.0,3.0
2425,D2,2025-05-11,Kaiserslautern,Darmstadt,2,1,H,17.0,14.0,6.0,4.0
2425,D2,2025-05-11,Regensburg,Karlsruhe,2,2,D,20.0,19.0,3.0,6.0
2425,SP2,2025-05-11,Albacete,Huesca,3,2,H,17.0,21.0,5.0,5.0
2425,SP2,2025-05-11,Eldense,Malaga,1,0,H,17.0,5.0,5.0,1.0
2425,SP2,2025-05-11,Santander,Oviedo,1,1,D,15.0,7.0,3.0,3.0
2425,SP2,2025-05-11,Tenerife,Ferrol,0,0,D,11.0,3.0,2.0,0.0
2425,SP2,2025-05-12,Granada,Eibar,0,2,A,16.0,17.0,3.0,7.0
2425,I2,2025-05-13,Brescia,Reggiana,2,1,H,15.0,13.0,4.0,7.0
2425,I2,2025-05-13,Cittadella,Salernitana,0,2,A,15.0,17.0,1.0,3.0
2425,I2,2025-05-13,Juve Stabia,Sampdoria,0,0,D,12.0,13.0,0.0,5.0
2425,I2,2025-05-13,Mantova,Catanzaro,0,0,D,20.0,6.0,4.0,0.0
2425,I2,2025-05-13,Modena,Cesena,0,1,A,10.0,5.0,2.0,2.0
2425,I2,2025-05-13,Palermo,Carrarese,1,1,D,26.0,10.0,10.0,3.0
2425,I2,2025-05-13,Pisa,Cremonese,2,1,H,15.0,11.0,2.0,4.0
2425,I2,2025-05-13,Sassuolo,Frosinone,0,1,A,14.0,15.0,5.0,5.0
2425,I2,2025-05-13,Spezia,Cosenza,3,1,H,12.0,22.0,6.0,5.0
2425,I2,2025-05-13,Sudtirol,Bari,0,0,D,15.0,31.0,3.0,7.0
2425,SP2,2025-05-16,Levante,Albacete,1,0,H,17.0,8.0,7.0,4.0
2425,SP2,2025-05-17,Cartagena,Tenerife,1,0,H,9.0,14.0,2.0,1.0
2425,SP2,2025-05-17,Eibar,Burgos,1,0,H,9.0,5.0,5.0,2.0
2425,SP2,2025-05-17,Huesca,Elche,2,1,H,16.0,9.0,7.0,3.0
2425,SP2,2025-05-17,La Coruna,Granada,2,3,A,10.0,13.0,3.0,7.0
2425,SP2,2025-05-17,Malaga,Sp Gijon,2,1,H,17.0,10.0,6.0,4.0
2425,D2,2025-05-18,Braunschweig,Nurnberg,1,4,A,12.0,17.0,2.0,9.0
2425,D2,2025-05-18,Darmstadt,Regensburg,3,1,H,15.0,17.0,5.0,4.0
2425,D2,2025-05-18,FC Koln,Kaiserslautern,4,0,H,20.0,8.0,10.0,4.0
2425,D2,2025-05-18,Greuther Furth,Hamburg,3,2,H,12.0,15.0,4.0,5.0
2425,D2,2025-05-18,Hertha,Hannover,1,1,D,18.0,12.0,6.0,5.0
2425,D2,2025-05-18,Karlsruhe,Paderborn,3,0,H,9.0,17.0,6.0,2.0
2425,D2,2025-05-18,Magdeburg,Fortuna Dusseldorf,4,2,H,14.0,9.0,7.0,4.0
2425,D2,2025-05-18,Schalke 04,Elversberg,1,2,A,14.0,7.0,2.0,2.0
2425,D2,2025-05-18,Ulm,Preußen Münster,2,2,D,7.0,12.0,3.0,7.0
2425,SP2,2025-05-18,Almeria,Santander,2,0,H,18.0,10.0,6.0,2.0
2425,SP2,2025-05-18,Castellon,Eldense,1,1,D,20.0,13.0,8.0,7.0
2425,SP2,2025-05-18,Ferrol,Cadiz,1,0,H,11.0,9.0,3.0,1.0
2425,SP2,2025-05-18,Oviedo,Zaragoza,1,0,H,14.0,4.0,2.0,1.0
2425,SP2,2025-05-19,Cordoba,Mirandes,1,2,A,14.0,12.0,5.0,5.0
2425,SP2,2025-05-24,Albacete,Ferrol,2,0,H,12.0,12.0,3.0,4.0
2425,SP2,2025-05-25,Burgos,Levante,2,3,A,8.0,15.0,4.0,7.0
2425,SP2,2025-05-25,Cadiz,Huesca,4,0,H,15.0,8.0,5.0,1.0
2425,SP2,2025-05-25,Eibar,Cordoba,4,1,H,22.0,11.0,9.0,5.0
2425,SP2,2025-05-25,Elche,Malaga,2,0,H,17.0,7.0,5.0,2.0
2425,SP2,2025-05-25,Eldense,Santander,3,3,D,16.0,14.0,5.0,9.0
2425,SP2,2025-05-25,Granada,Castellon,2,1,H,26.0,4.0,8.0,2.0
2425,SP2,2025-05-25,Mirandes,Almeria,0,0,D,15.0,12.0,2.0,1.0
2425,SP2,2025-05-25,Sp Gijon,Cartagena,3,2,H,25.0,9.0,8.0,6.0
2425,SP2,2025-05-25,Tenerife,Oviedo,0,1,A,4.0,4.0,2.0,2.0
2425,SP2,2025-05-25,Zaragoza,La Coruna,1,0,H,11.0,9.0,3.0,1.0
2425,SP2,2025-05-30,Castellon,Zaragoza,4,1,H,23.0,12.0,11.0,5.0
2425,SP2,2025-05-31,Ferrol,Sp Gijon,0,2,A,9.0,12.0,4.0,7.0
2425,SP2,2025-05-31,Malaga,Burgos,2,2,D,17.0,9.0,6.0,6.0
2425,SP2,2025-06-01,Almeria,Tenerife,2,0,H,15.0,10.0,8.0,4.0
2425,SP2,2025-06-01,Cartagena,Mirandes,1,3,A,9.0,24.0,3.0,8.0
2425,SP2,2025-06-01,Cordoba,Albacete,1,1,D,37.0,7.0,9.0,1.0
2425,SP2,2025-06-01,Huesca,Eldense,3,2,H,12.0,11.0,4.0,3.0
2425,SP2,2025-06-01,La Coruna,Elche,0,4,A,4.0,8.0,0.0,6.0
2425,SP2,2025-06-01,Levante,Eibar,1,0,H,12.0,16.0,6.0,3.0
2425,SP2,2025-06-01,Oviedo,Cadiz,2,1,H,14.0,10.0,7.0,5.0
2425,SP2,2025-06-01,Santander,Granada,2,1,H,17.0,4.0,10.0,3.0
2526,D2,2025-08-01,Schalke 04,Hertha,2,1,H,14.0,9.0,6.0,3.0
2526,D2,2025-08-02,Bielefeld,Fortuna Dusseldorf,5,1,H,15.0,11.0,9.0,3.0
2526,D2,2025-08-02,Darmstadt,Bochum,4,1,H,20.0,10.0,7.0,3.0
2526,D2,2025-08-02,Elversberg,Nurnberg,1,0,H,12.0,11.0,4.0,4.0
2526,D2,2025-08-02,Karlsruhe,Preußen Münster,3,2,H,13.0,11.0,4.0,3.0
2526,D2,2025-08-02,Paderborn,Holstein Kiel,2,1,H,9.0,6.0,3.0,2.0
2526,D2,2025-08-03,Greuther Furth,Dresden,3,2,H,10.0,21.0,5.0,4.0
2526,D2,2025-08-03,Hannover,Kaiserslautern,1,0,H,14.0,9.0,5.0,0.0
2526,D2,2025-08-03,Magdeburg,Braunschweig,0,1,A,19.0,9.0,3.0,4.0
2526,D2,2025-08-08,Nurnberg,Darmstadt,0,1,A,12.0,14.0,3.0,5.0
2526,D2,2025-08-08,Preußen Münster,Paderborn,1,1,D,7.0,16.0,3.0,8.0
2526,E1,2025-08-08,Birmingham,Ipswich,1,1,D,11.0,7.0,3.0,1.0
2526,D2,2025-08-09,Braunschweig,Greuther Furth,3,2,H,9.0,20.0,4.0,4.0
2526,D2,2025-08-09,Dresden,Magdeburg,1,2,A,23.0,9.0,2.0,6.0
2526,D2,2025-08-09,Fortuna Dusseldorf,Hannover,0,2,A,9.0,10.0,1.0,3.0
2526,D2,2025-08-09,Kaiserslautern,Schalke 04,1,0,H,11.0,9.0,2.0,4.0
2526,E1,2025-08-09,Charlton,Watford,1,0,H,12.0,10.0,5.0,1.0
2526,E1,2025-08-09,Coventry,Hull,0,0,D,18.0,7.0,3.0,3.0
2526,E1,2025-08-09,Middlesbrough,Swansea,1,0,H,6.0,3.0,3.0,1.0
2526,E1,2025-08-09,Norwich,Millwall,1,2,A,15.0,15.0,3.0,3.0
2526,E1,2025-08-09,Oxford,Portsmouth,0,1,A,18.0,9.0,4.0,4.0
2526,E1,2025-08-09,QPR,Preston,1,1,D,13.0,11.0,3.0,3.0
2526,E1,2025-08-09,Sheffield United,Bristol City,1,4,A,20.0,9.0,6.0,5.0
2526,E1,2025-08-09,Southampton,Wrexham,2,1,H,27.0,10.0,10.0,2.0
2526,E1,2025-08-09,Stoke,Derby,3,1,H,12.0,3.0,7.0,2.0
2526,E1,2025-08-09,West Brom,Blackburn,1,0,H,13.0,10.0,5.0,1.0
2526,F2,2025-08-09,Dunkerque,Clermont,2,2,D,15.0,6.0,4.0,4.0
2526,F2,2025-08-09,Guingamp,Le Mans,3,3,D,14.0,10.0,7.0,3.0
2526,F2,2025-08-09,Laval,St Etienne,3,3,D,10.0,10.0,4.0,6.0
2526,F2,2025-08-09,Montpellier,Red Star,1,1,D,6.0,7.0,2.0,3.0
2526,F2,2025-08-09,Pau FC,Annecy,2,0,H,9.0,4.0,3.0,1.0
2526,F2,2025-08-09,Rodez,Nancy,0,0,D,11.0,12.0,5.0,2.0
2526,F2,2025-08-09,Troyes,Grenoble,2,1,H,21.0,5.0,9.0,5.0
2526,D2,2025-08-10,Bochum,Elversberg,2,0,H,16.0,3.0,6.0,1.0
2526,D2,2025-08-10,Hertha,Karlsruhe,0,0,D,15.0,19.0,4.0,2.0
2526,D2,2025-08-10,Holstein Kiel,Bielefeld,0,2,A,15.0,12.0,7.0,4.0
2526,E1,2025-08-10,Leicester,Sheffield Weds,2,1,H,27.0,7.0,13.0,3.0
2526,F2,2025-08-11,Amiens,Reims,2,2,D,10.0,10.0,2.0,4.0
2526,F2,2025-08-15,Bastia,Pau FC,1,1,D,13.0,9.0,5.0,3.0
2526,F2,2025-08-15,Clermont,Troyes,0,0,D,4.0,11.0,1.0,2.0
2526,F2,2025-08-15,Grenoble,Laval,1,1,D,14.0,7.0,2.0,3.0
2526,F2,2025-08-15,Nancy,Boulogne,1,0,H,8.0,10.0,3.0,3.0
2526,F2,2025-08-15,Red Star,Amiens,1,3,A,26.0,10.0,7.0,5.0
2526,SP2,2025-08-15,Burgos,Cultural Leonesa,5,1,H,15.0,8.0,7.0,1.0
2526,SP2,2025-08-15,Valladolid,Ceuta,3,0,H,16.0,5.0,9.0,0.0
2526,E1,2025-08-16,Blackburn,Birmingham,1,2,A,5.0,8.0,2.0,4.0
2526,E1,2025-08-16,Bristol City,Charlton,0,0,D,14.0,8.0,1.0,2.0
2526,E1,2025-08-16,Derby,Coventry,3,5,A,13.0,20.0,4.0,10.0
2526,E1,2025-08-16,Millwall,Middlesbrough,0,3,A,11.0,12.0,1.0,5.0
2526,E1,2025-08-16,Portsmouth,Norwich,1,2,A,19.0,11.0,3.0,5.0
2526,E1,2025-08-16,Preston,Leicester,2,1,H,14.0,14.0,4.0,2.0
2526,E1,2025-08-16,Sheffield Weds,Stoke,0,3,A,15.0,12.0,5.0,6.0
2526,E1,2025-08-16,Swansea,Sheffield United,1,0,H,13.0,8.0,4.0,0.0
2526,E1,2025-08-16,Watford,QPR,2,1,H,17.0,13.0,4.0,3.0
2526,E1,2025-08-16,Wrexham,West Brom,2,3,A,15.0,17.0,3.0,5.0
2526,F2,2025-08-16,Annecy,Dunkerque,2,2,D,8.0,5.0,3.0,2.0
2526,F2,2025-08-16,Reims,Guingamp,1,0,H,16.0,8.0,6.0,3.0
2526,F2,2025-08-16,St Etienne,Rodez,4,0,H,19.0,5.0,7.0,1.0
2526,SP2,2025-08-16,Granada,La Coruna,1,3,A,14.0,15.0,2.0,7.0
2526,SP2,2025-08-16,Malaga,Eibar,1,1,D,11.0,7.0,4.0,3.0
2526,SP2,2025-08-16,Santander,Castellon,3,1,H,10.0,17.0,5.0,8.0
2526,E1,2025-08-17,Hull,Oxford,3,2,H,19.0,11.0,7.0,6.0
2526,E1,2025-08-17,Ipswich,Southampton,1,1,D,14.0,11.0,1.0,3.0
2526,SP2,2025-08-17,Cadiz,Mirandes,1,0,H,24.0,1.0,3.0,0.0
2526,SP2,2025-08-17,Huesca,Leganes,1,1,D,14.0,7.0,3.0,3.0
2526,SP2,2025-08-17,Las Palmas,Andorra,1,1,D,10.0,7.0,2.0,2.0
2526,SP2,2025-08-17,Sociedad B,Zaragoza,1,0,H,3.0,18.0,2.0,5.0
2526,F2,2025-08-18,Le Mans,Montpellier,1,2,A,11.0,12.0,3.0,3.0
2526,SP2,2025-08-18,Almeria,Albacete,4,4,D,31.0,17.0,11.0,5.0
2526,SP2,2025-08-18,Sp Gijon,Cordoba,2,1,H,9.0,15.0,4.0,5.0
2526,D2,2025-08-22,Elversberg,Kaiserslautern,2,1,H,11.0,11.0,5.0,4.0
2526,D2,2025-08-22,Preußen Münster,Nurnberg,2,1,H,12.0,8.0,6.0,3.0
2526,E1,2025-08-22,Derby,Bristol City,1,1,D,5.0,11.0,2.0,3.0
2526,F2,2025-08-22,Amiens,Annecy,0,1,A,10.0,9.0,3.0,2.0
2526,F2,2025-08-22,Clermont,Grenoble,2,1,H,14.0,13.0,6.0,2.0
2526,F2,2025-08-22,Dunkerque,Nancy,1,3,A,12.0,18.0,7.0,4.0
2526,F2,2025-08-22,Le Mans,Bastia,1,0,H,13.0,13.0,3.0,3.0
2526,F2,2025-08-22,Rodez,Laval,1,1,D,21.0,8.0,6.0,4.0
2526,I2,2025-08-22,Pescara,Cesena,1,3,A,12.0,19.0,4.0,9.0
2526,SP2,2025-08-22,Castellon,Valladolid,0,1,A,11.0,10.0,4.0,4.0
2526,SP2,2025-08-22,Eibar,Granada,3,0,H,16.0,3.0,6.0,0.0
2526,SP2,2025-08-22,Leganes,Cadiz,1,1,D,9.0,10.0,4.0,3.0
2526,D2,2025-08-23,Hannover,Magdeburg,3,1,H,23.0,14.0,8.0,6.0
2526,D2,2025-08-23,Karlsruhe,Braunschweig,2,0,H,9.0,9.0,5.0,2.0
2526,D2,2025-08-23,Paderborn,Fortuna Dusseldorf,1,2,A,17.0,14.0,4.0,6.0
2526,D2,2025-08-23,Schalke 04,Bochum,2,1,H,15.0,14.0,8.0,3.0
2526,E1,2025-08-23,Birmingham,Oxford,1,0,H,16.0,6.0,1.0,1.0
2526,E1,2025-08-23,Charlton,Leicester,0,1,A,20.0,6.0,7.0,2.0
2526,E1,2025-08-23,Coventry,QPR,7,1,H,19.0,10.0,8.0,1.0
2526,E1,2025-08-23,Hull,Blackburn,0,3,A,8.0,14.0,2.0,6.0
2526,E1,2025-08-23,Norwich,Middlesbrough,1,2,A,14.0,11.0,3.0,4.0
2526,E1,2025-08-23,Preston,Ipswich,1,0,H,2.0,15.0,1.0,2.0
2526,E1,2025-08-23,Sheffield United,Millwall,0,1,A,14.0,17.0,4.0,6.0
2526,E1,2025-08-23,Southampton,Stoke,1,2,A,18.0,12.0,2.0,4.0
2526,E1,2025-08-23,Swansea,Watford,1,1,D,11.0,9.0,2.0,4.0
2526,E1,2025-08-23,West Brom,Portsmouth,1,1,D,13.0,8.0,3.0,4.0
2526,E1,2025-08-23,Wrexham,Sheffield Weds,2,2,D,11.0,21.0,4.0,7.0
2526,F2,2025-08-23,Boulogne,St Etienne,0,1,A,4.0,11.0,0.0,3.0
2526,F2,2025-08-23,Guingamp,Red Star,0,4,A,12.0,13.0,6.0,8.0
2526,F2,2025-08-23,Troyes,Montpellier,1,0,H,14.0,7.0,4.0,0.0
2526,I2,2025-08-23,Empoli,Padova,3,1,H,15.0,9.0,5.0,4.0
2526,I2,2025-08-23,Monza,Mantova,1,0,H,16.0,8.0,2.0,2.0
2526,I2,2025-08-23,Palermo,Reggiana,2,1,H,25.0,10.0,14.0,3.0
2526,I2,2025-08-23,Virtus Entella,Juve Stabia,1,1,D,10.0,10.0,2.0,2.0
2526,SP2,2025-08-23,Ceuta,Sp Gijon,0,1,A,12.0,7.0,7.0,4.0
2526,SP2,2025-08-23,Mirandes,Huesca,0,1,A,5.0,6.0,2.0,2.0
2526,SP2,2025-08-23,Zaragoza,Andorra,1,3,A,13.0,17.0,6.0,10.0
2526,D2,2025-08-24,Bielefeld,Dresden,1,2,A,12.0,21.0,2.0,7.0
2526,D2,2025-08-24,Darmstadt,Hertha,0,0,D,14.0,15.0,4.0,1.0
2526,D2,2025-08-24,Greuther Furth,Holstein Kiel,0,2,A,15.0,17.0,2.0,4.0
2526,I2,2025-08-24,Catanzaro,Sudtirol,1,1,D,7.0,12.0,2.0,4.0
2526,I2,2025-08-24,Frosinone,Avellino,2,0,H,15.0,14.0,4.0,3.0
2526,I2,2025-08-24,Spezia,Carrarese,0,2,A,7.0,10.0,2.0,6.0
2526,I2,2025-08-24,Venezia,Bari,2,1,H,20.0,11.0,8.0,3.0
2526,SP2,2025-08-24,Cultural Leonesa,Almeria,0,1,A,10.0,13.0,6.0,3.0
2526,SP2,2025-08-24,La Coruna,Burgos,0,0,D,10.0,11.0,2.0,1.0
2526,SP2,2025-08-24,Malaga,Sociedad B,1,0,H,21.0,10.0,5.0,4.0
2526,F2,2025-08-25,Pau FC,Reims,2,0,H,7.0,7.0,5.0,1.0
2526,I2,2025-08-25,Sampdoria,Modena,0,2,A,11.0,10.0,3.0,4.0
2526,SP2,2025-08-25,Albacete,Santander,2,3,A,8.0,13.0,2.0,6.0
2526,SP2,2025-08-25,Cordoba,Las Palmas,1,3,A,13.0,13.0,5.0,5.0
2526,D2,2025-08-29,Hertha,Elversberg,0,2,A,7.0,16.0,2.0,6.0
2526,D2,2025-08-29,Nurnberg,Paderborn,0,0,D,14.0,15.0,3.0,3.0
2526,E1,2025-08-29,Leicester,Birmingham,2,0,H,5.0,11.0,2.0,1.0
2526,F2,2025-08-29,Dunkerque,Troyes,2,0,H,6.0,11.0,4.0,3.0
2526,F2,2025-08-29,Laval,Clermont,0,0,D,10.0,11.0,6.0,0.0
2526,F2,2025-08-29,Montpellier,Amiens,1,1,D,20.0,6.0,4.0,2.0
2526,F2,2025-08-29,Nancy,Pau FC,2,2,D,15.0,15.0,6.0,4.0
2526,F2,2025-08-29,Red Star,Annecy,1,0,H,5.0,5.0,1.0,0.0
2526,F2,2025-08-29,Rodez,Boulogne,1,0,H,12.0,21.0,4.0,7.0
2526,I2,2025-08-29,Reggiana,Empoli,3,1,H,16.0,3.0,6.0,2.0
2526,SP2,2025-08-29,Sociedad B,Almeria,2,2,D,9.0,16.0,3.0,5.0
2526,SP2,2025-08-29,Sp Gijon,Cultural Leonesa,1,0,H,17.0,9.0,6.0,2.0
2526,D2,2025-08-30,Bochum,Preußen Münster,1,2,A,16.0,5.0,4.0,2.0
2526,D2,2025-08-30,Braunschweig,Bielefeld,1,1,D,8.0,13.0,3.0,6.0
2526,D2,2025-08-30,Fortuna Dusseldorf,Karlsruhe,0,0,D,16.0,9.0,2.0,2.0
2526,D2,2025-08-30,Holstein Kiel,Hannover,1,2,A,9.0,12.0,3.0,4.0
2526,E1,2025-08-30,Blackburn,Norwich,0,2,A,12.0,15.0,3.0,4.0
2526,E1,2025-08-30,Bristol City,Hull,4,2,H,29.0,20.0,5.0,9.0
2526,E1,2025-08-30,Ipswich,Derby,2,2,D,18.0,10.0,5.0,2.0
2526,E1,2025-08-30,Middlesbrough,Sheffield United,1,0,H,15.0,8.0,6.0,0.0
2526,E1,2025-08-30,Millwall,Wrexham,0,2,A,21.0,6.0,2.0,3.0
2526,E1,2025-08-30,Oxford,Coventry,2,2,D,14.0,15.0,3.0,6.0
2526,E1,2025-08-30,Portsmouth,Preston,1,0,H,10.0,13.0,2.0,2.0
2526,E1,2025-08-30,QPR,Charlton,3,1,H,13.0,13.0,6.0,3.0
2526,E1,2025-08-30,Sheffield Weds,Swansea,0,2,A,9.0,17.0,1.0,8.0
2526,E1,2025-08-30,Stoke,West Brom,0,1,A,13.0,12.0,3.0,3.0
2526,E1,2025-08-30,Watford,Southampton,2,2,D,10.0,12.0,4.0,7.0
2526,F2,2025-08-30,Bastia,Guingamp,1,3,A,10.0,12.0,2.0,6.0
2526,F2,2025-08-30,Reims,Le Mans,1,0,H,12.0,5.0,3.0,0.0
2526,F2,2025-08-30,St Etienne,Grenoble,1,1,D,20.0,7.0,6.0,2.0
2526,I2,2025-08-30,Cesena,Virtus Entella,1,1,D,12.0,9.0,2.0,1.0
2526,I2,2025-08-30,Juve Stabia,Venezia,0,0,D,17.0,3.0,4.0,1.0
2526,I2,2025-08-30,Mantova,Pescara,2,1,H,15.0,10.0,7.0,1.0
2526,I2,2025-08-30,Palermo,Frosinone,0,0,D,13.0,10.0,2.0,4.0
2526,I2,2025-08-30,Spezia,Catanzaro,0,0,D,7.0,5.0,1.0,1.0
2526,SP2,2025-08-30,Castellon,Zaragoza,1,1,D,14.0,12.0,5.0,2.0
2526,SP2,2025-08-30,Santander,Ceuta,4,1,H,17.0,11.0,9.0,1.0
2526,SP2,2025-08-30,Valladolid,Cordoba,0,0,D,12.0,5.0,6.0,1.0
2526,D2,2025-08-31,Dresden,Schalke 04,0,1,A,6.0,16.0,3.0,5.0
2526,D2,2025-08-31,Kaiserslautern,Darmstadt,3,1,H,17.0,17.0,8.0,5.0
2526,D2,2025-08-31,Magdeburg,Greuther Furth,4,5,A,19.0,13.0,7.0,7.0
2526,I2,2025-08-31,Bari,Monza,1,1,D,20.0,13.0,4.0,2.0
2526,I2,2025-08-31,Carrarese,Padova,0,0,D,16.0,11.0,2.0,1.0
2526,I2,2025-08-31,Modena,Avellino,1,1,D,22.0,3.0,5.0,1.0
2526,I2,2025-08-31,Sudtirol,Sampdoria,3,1,H,11.0,18.0,3.0,5.0
2526,SP2,2025-08-31,Andorra,Burgos,2,1,H,14.0,12.0,5.0,4.0
2526,SP2,2025-08-31,Cadiz,Albacete,2,1,H,6.0,12.0,2.0,4.0
2526,SP2,2025-08-31,Granada,Mirandes,1,2,A,15.0,11.0,4.0,4.0
2526,SP2,2025-08-31,Las Palmas,Malaga,0,1,A,14.0,9.0,6.0,1.0
2526,SP2,2025-09-01,Huesca,Eibar,2,1,H,11.0,13.0,4.0,3.0
2526,SP2,2025-09-01,Leganes,La Coruna,2,2,D,18.0,13.0,7.0,6.0
2526,SP2,2025-09-05,Albacete,Mirandes,1,4,A,18.0,13.0,5.0,6.0
2526,SP2,2025-09-05,Cordoba,Castellon,2,1,H,10.0,6.0,5.0,2.0
2526,SP2,2025-09-06,La Coruna,Sp Gijon,1,0,H,14.0,7.0,6.0,3.0
2526,SP2,2025-09-06,Malaga,Granada,2,2,D,8.0,18.0,3.0,7.0
2526,SP2,2025-09-06,Zaragoza,Valladolid,1,1,D,8.0,10.0,2.0,4.0
2526,SP2,2025-09-07,Almeria,Santander,2,3,A,15.0,11.0,5.0,7.0
2526,SP2,2025-09-07,Burgos,Las Palmas,0,0,D,6.0,15.0,2.0,7.0
2526,SP2,2025-09-07,Ceuta,Huesca,2,1,H,14.0,6.0,4.0,1.0
2526,SP2,2025-09-07,Cultural Leonesa,Leganes,0,0,D,8.0,11.0,1.0,5.0
2526,SP2,2025-09-07,Sociedad B,Cadiz,3,3,D,17.0,9.0,5.0,2.0
2526,SP2,2025-09-08,Eibar,Andorra,2,0,H,16.0,11.0,6.0,5.0
2526,D2,2025-09-12,Bielefeld,Magdeburg,2,0,H,13.0,17.0,5.0,3.0
2526,D2,2025-09-12,Paderborn,Bochum,1,0,H,20.0,15.0,5.0,4.0
2526,E1,2025-09-12,Ipswich,Sheffield United,5,0,H,21.0,10.0,11.0,2.0
2526,F2,2025-09-12,Amiens,Bastia,0,0,D,4.0,7.0,1.0,1.0
2526,F2,2025-09-12,Boulogne,Laval,1,2,A,11.0,7.0,3.0,4.0
2526,F2,2025-09-12,Le Mans,Rodez,0,1,A,20.0,12.0,3.0,5.0
2526,F2,2025-09-12,Pau FC,Red Star,0,3,A,13.0,16.0,3.0,6.0
2526,F2,2025-09-12,Troyes,Nancy,3,0,H,22.0,7.0,11.0,3.0
2526,I2,2025-09-12,Avellino,Monza,2,1,H,11.0,9.0,1.0,2.0
2526,SP2,2025-09-12,Las Palmas,Sociedad B,2,1,H,16.0,3.0,5.0,1.0
2526,D2,2025-09-13,Darmstadt,Braunschweig,2,1,H,10.0,13.0,4.0,5.0
2526,D2,2025-09-13,Hannover,Hertha,0,3,A,21.0,9.0,3.0,3.0
2526,D2,2025-09-13,Karlsruhe,Nurnberg,2,1,H,10.0,24.0,7.0,10.0
2526,D2,2025-09-13,Schalke 04,Holstein Kiel,0,1,A,12.0,10.0,4.0,5.0
2526,E1,2025-09-13,Charlton,Millwall,1,1,D,14.0,15.0,3.0,3.0
2526,E1,2025-09-13,Coventry,Norwich,1,1,D,28.0,4.0,4.0,1.0
2526,E1,2025-09-13,Oxford,Leicester,2,2,D,19.0,8.0,2.0,5.0
2526,E1,2025-09-13,Preston,Middlesbrough,2,2,D,7.0,14.0,2.0,3.0
2526,E1,2025-09-13,Sheffield Weds,Bristol City,0,3,A,6.0,9.0,0.0,4.0
2526,E1,2025-09-13,Stoke,Birmingham,1,0,H,8.0,7.0,3.0,0.0
2526,E1,2025-09-13,Swansea,Hull,2,2,D,9.0,15.0,2.0,6.0
2526,E1,2025-09-13,Watford,Blackburn,0,1,A,14.0,14.0,1.0,5.0
2526,E1,2025-09-13,West Brom,Derby,0,1,A,18.0,4.0,3.0,1.0
2526,E1,2025-09-13,Wrexham,QPR,1,3,A,21.0,15.0,8.0,6.0
2526,F2,2025-09-13,Annecy,Reims,1,1,D,6.0,15.0,2.0,7.0
2526,F2,2025-09-13,Clermont,St Etienne,1,2,A,12.0,16.0,2.0,6.0
2526,F2,2025-09-13,Grenoble,Dunkerque,1,0,H,12.0,13.0,2.0,5.0
2526,I2,2025-09-13,Catanzaro,Carrarese,1,1,D,18.0,11.0,3.0,2.0
2526,I2,2025-09-13,Juve Stabia,Reggiana,0,0,D,17.0,4.0,6.0,1.0
2526,I2,2025-09-13,Modena,Bari,3,0,H,16.0,6.0,9.0,2.0
2526,I2,2025-09-13,Padova,Frosinone,0,1,A,10.0,14.0,5.0,4.0
2526,I2,2025-09-13,Pescara,Venezia,2,2,D,16.0,12.0,5.0,5.0
2526,I2,2025-09-13,Sampdoria,Cesena,1,2,A,11.0,8.0,1.0,3.0
2526,SP2,2025-09-13,Cadiz,Eibar,1,0,H,12.0,17.0,4.0,4.0
2526,SP2,2025-09-13,Huesca,Malaga,1,0,H,12.0,7.0,3.0,3.0
2526,SP2,2025-09-13,Mirandes,La Coruna,1,5,A,9.0,20.0,6.0,9.0
2526,SP2,2025-09-13,Valladolid,Almeria,3,1,H,11.0,14.0,8.0,3.0
2526,D2,2025-09-14,Elversberg,Dresden,2,2,D,23.0,11.0,7.0,4.0
2526,D2,2025-09-14,Greuther Furth,Kaiserslautern,0,3,A,8.0,14.0,3.0,6.0
2526,D2,2025-09-14,Preußen Münster,Fortuna Dusseldorf,1,2,A,21.0,10.0,6.0,2.0
2526,E1,2025-09-14,Southampton,Portsmouth,0,0,D,9.0,10.0,1.0,1.0
2526,I2,2025-09-14,Empoli,Spezia,1,1,D,12.0,13.0,4.0,6.0
2526,I2,2025-09-14,Sudtirol,Palermo,0,2,A,16.0,12.0,2.0,4.0
2526,I2,2025-09-14,Virtus Entella,Mantova,1,0,H,15.0,15.0,9.0,4.0
2526,SP2,2025-09-14,Andorra,Cordoba,3,1,H,14.0,19.0,8.0,5.0
2526,SP2,2025-09-14,Castellon,Ceuta,3,3,D,15.0,10.0,7.0,5.0
2526,SP2,2025-09-14,Granada,Leganes,0,2,A,13.0,5.0,4.0,3.0
2526,SP2,2025-09-14,Santander,Cultural Leonesa,2,4,A,20.0,11.0,8.0,5.0
2526,SP2,2025-09-14,Sp Gijon,Burgos,2,3,A,29.0,10.0,9.0,5.0
2526,F2,2025-09-15,Guingamp,Montpellier,1,0,H,11.0,14.0,4.0,1.0
2526,SP2,2025-09-15,Zaragoza,Albacete,0,0,D,11.0,6.0,1.0,1.0
2526,F2,2025-09-16,Boulogne,Bastia,1,0,H,6.0,11.0,2.0,6.0
2526,D2,2025-09-19,Bielefeld,Greuther Furth,1,3,A,15.0,11.0,5.0,7.0
2526,D2,2025-09-19,Kaiserslautern,Preußen Münster,4,1,H,15.0,14.0,6.0,6.0
2526,E1,2025-09-19,Middlesbrough,West Brom,2,1,H,9.0,15.0,4.0,3.0
2526,F2,2025-09-19,Boulogne,Pau FC,0,3,A,5.0,10.0,2.0,3.0
2526,F2,2025-09-19,Dunkerque,Le Mans,2,2,D,14.0,8.0,5.0,5.0
2526,F2,2025-09-19,Grenoble,Annecy,1,3,A,5.0,12.0,3.0,7.0
2526,F2,2025-09-19,Laval,Amiens,0,3,A,17.0,14.0,3.0,6.0
2526,F2,2025-09-19,Nancy,Red Star,0,1,A,4.0,15.0,0.0,6.0
2526,F2,2025-09-19,Rodez,Clermont,0,1,A,20.0,7.0,3.0,3.0
2526,I2,2025-09-19,Frosinone,Sudtirol,2,2,D,21.0,14.0,5.0,5.0
2526,I2,2025-09-19,Palermo,Bari,2,0,H,24.0,8.0,9.0,0.0
2526,SP2,2025-09-19,La Coruna,Huesca,4,0,H,16.0,6.0,6.0,0.0
2526,D2,2025-09-20,Braunschweig,Elversberg,1,4,A,10.0,22.0,2.0,8.0
2526,D2,2025-09-20,Hertha,Paderborn,0,2,A,9.0,17.0,3.0,6.0
2526,D2,2025-09-20,Magdeburg,Schalke 04,0,2,A,8.0,10.0,2.0,2.0
2526,D2,2025-09-20,Nurnberg,Bochum,2,1,H,20.0,13.0,8.0,1.0
2526,E1,2025-09-20,Birmingham,Swansea,1,0,H,23.0,9.0,7.0,2.0
2526,E1,2025-09-20,Derby,Preston,0,1,A,7.0,10.0,2.0,6.0
2526,E1,2025-09-20,Hull,Southampton,3,1,H,11.0,14.0,4.0,4.0
2526,E1,2025-09-20,Leicester,Coventry,0,0,D,17.0,11.0,9.0,3.0
2526,E1,2025-09-20,Norwich,Wrexham,2,3,A,14.0,11.0,5.0,8.0
2526,E1,2025-09-20,Portsmouth,Sheffield Weds,0,2,A,25.0,13.0,5.0,8.0
2526,E1,2025-09-20,QPR,Stoke,1,0,H,14.0,7.0,7.0,1.0
2526,E1,2025-09-20,Sheffield United,Charlton,0,1,A,13.0,13.0,1.0,4.0
2526,F2,2025-09-20,Montpellier,Bastia,2,0,H,8.0,13.0,4.0,4.0
2526,F2,2025-09-20,St Etienne,Reims,3,2,H,16.0,17.0,10.0,7.0
2526,F2,2025-09-20,Troyes,Guingamp,5,2,H,18.0,8.0,11.0,4.0
2526,I2,2025-09-20,Mantova,Modena,1,3,A,12.0,22.0,5.0,5.0
2526,I2,2025-09-20,Monza,Sampdoria,1,0,H,7.0,11.0,2.0,3.0
2526,I2,2025-09-20,Reggiana,Catanzaro,2,2,D,12.0,18.0,4.0,4.0
2526,I2,2025-09-20,Spezia,Juve Stabia,1,3,A,8.0,11.0,4.0,5.0
2526,I2,2025-09-20,Venezia,Cesena,1,2,A,17.0,13.0,3.0,6.0
2526,SP2,2025-09-20,Almeria,Sp Gijon,2,1,H,24.0,9.0,9.0,5.0
2526,SP2,2025-09-20,Andorra,Mirandes,1,1,D,18.0,7.0,6.0,2.0
2526,SP2,2025-09-20,Cultural Leonesa,Castellon,1,3,A,10.0,13.0,2.0,8.0
2526,SP2,2025-09-20,Leganes,Las Palmas,0,1,A,8.0,3.0,3.0,1.0
2526,D2,2025-09-21,Dresden,Hannover,2,2,D,8.0,17.0,4.0,6.0
2526,D2,2025-09-21,Fortuna Dusseldorf,Darmstadt,0,3,A,11.0,18.0,1.0,10.0
2526,D2,2025-09-21,Holstein Kiel,Karlsruhe,3,0,H,11.0,13.0,4.0,4.0
2526,E1,2025-09-21,Bristol City,Oxford,1,3,A,12.0,18.0,2.0,6.0
2526,I2,2025-09-21,Carrarese,Avellino,3,4,A,20.0,5.0,6.0,3.0
2526,I2,2025-09-21,Padova,Virtus Entella,2,1,H,10.0,11.0,5.0,3.0
2526,I2,2025-09-21,Pescara,Empoli,4,0,H,18.0,8.0,10.0,4.0
2526,SP2,2025-09-21,Albacete,Valladolid,2,0,H,19.0,15.0,8.0,5.0
2526,SP2,2025-09-21,Ceuta,Zaragoza,1,0,H,7.0,12.0,3.0,3.0
2526,SP2,2025-09-21,Cordoba,Santander,2,2,D,24.0,9.0,5.0,6.0
2526,SP2,2025-09-21,Eibar,Sociedad B,2,1,H,12.0,16.0,5.0,4.0
2526,SP2,2025-09-21,Malaga,Cadiz,0,1,A,17.0,7.0,5.0,3.0
2526,E1,2025-09-22,Millwall,Watford,1,0,H,9.0,11.0,2.0,4.0
2526,SP2,2025-09-22,Burgos,Granada,1,1,D,16.0,7.0,3.0,2.0
2526,F2,2025-09-23,Amiens,St Etienne,0,1,A,10.0,23.0,2.0,4.0
2526,F2,2025-09-23,Annecy,Nancy,1,2,A,11.0,12.0,2.0,6.0
2526,F2,2025-09-23,Bastia,Rodez,2,3,A,20.0,10.0,9.0,3.0
2526,F2,2025-09-23,Guingamp,Dunkerque,2,1,H,10.0,13.0,3.0,4.0
2526,F2,2025-09-23,Le Mans,Grenoble,1,0,H,7.0,11.0,2.0,1.0
2526,F2,2025-09-23,Montpellier,Boulogne,1,3,A,6.0,24.0,2.0,10.0
2526,F2,2025-09-23,Pau FC,Laval,1,0,H,17.0,5.0,4.0,2.0
2526,F2,2025-09-23,Red Star,Troyes,1,3,A,12.0,15.0,4.0,8.0
2526,F2,2025-09-23,Reims,Clermont,4,1,H,18.0,7.0,5.0,3.0
2526,D2,2025-09-26,Darmstadt,Dresden,2,0,H,11.0,12.0,4.0,0.0
2526,D2,2025-09-26,Schalke 04,Greuther Furth,1,0,H,24.0,7.0,7.0,2.0
2526,E1,2025-09-26,West Brom,Leicester,1,1,D,11.0,13.0,5.0,1.0
2526,F2,2025-09-26,Clermont,Le Mans,1,1,D,8.0,24.0,2.0,7.0
2526,F2,2025-09-26,Grenoble,Bastia,0,0,D,10.0,5.0,3.0,1.0
2526,F2,2025-09-26,Nancy,Reims,0,1,A,19.0,8.0,2.0,2.0
2526,F2,2025-09-26,Rodez,Pau FC,1,2,A,10.0,22.0,2.0,6.0
2526,F2,2025-09-26,Troyes,Annecy,3,1,H,9.0,12.0,3.0,6.0
2526,I2,2025-09-26,Catanzaro,Juve Stabia,2,2,D,19.0,4.0,4.0,2.0
2526,SP2,2025-09-26,Mirandes,Zaragoza,0,1,A,14.0,10.0,2.0,2.0
2526,D2,2025-09-27,Bochum,Fortuna Dusseldorf,0,1,A,23.0,7.0,4.0,3.0
2526,D2,2025-09-27,Elversberg,Holstein Kiel,1,0,H,19.0,12.0,4.0,3.0
2526,D2,2025-09-27,Karlsruhe,Magdeburg,1,0,H,16.0,21.0,6.0,6.0
2526,D2,2025-09-27,Paderborn,Kaiserslautern,2,0,H,25.0,9.0,11.0,3.0
2526,E1,2025-09-27,Charlton,Blackburn,3,0,H,16.0,9.0,7.0,2.0
2526,E1,2025-09-27,Coventry,Birmingham,3,0,H,14.0,5.0,5.0,0.0
2526,E1,2025-09-27,Ipswich,Portsmouth,2,1,H,14.0,8.0,5.0,4.0
2526,E1,2025-09-27,Oxford,Sheffield United,0,1,A,14.0,6.0,3.0,2.0
2526,E1,2025-09-27,Preston,Bristol City,0,0,D,7.0,19.0,2.0,7.0
2526,E1,2025-09-27,Sheffield Weds,QPR,1,1,D,14.0,14.0,5.0,4.0
2526,E1,2025-09-27,Southampton,Middlesbrough,1,1,D,14.0,7.0,2.0,1.0
2526,E1,2025-09-27,Stoke,Norwich,1,1,D,23.0,6.0,6.0,3.0
2526,E1,2025-09-27,Swansea,Millwall,1,1,D,13.0,11.0,2.0,3.0
2526,E1,2025-09-27,Watford,Hull,2,1,H,21.0,11.0,8.0,4.0
2526,E1,2025-09-27,Wrexham,Derby,1,1,D,10.0,5.0,5.0,3.0
2526,F2,2025-09-27,Dunkerque,Amiens,6,2,H,18.0,6.0,12.0,2.0
2526,F2,2025-09-27,Laval,Montpellier,0,1,A,18.0,11.0,7.0,4.0
2526,F2,2025-09-27,St Etienne,Guingamp,2,3,A,13.0,12.0,2.0,7.0
2526,I2,2025-09-27,Avellino,Virtus Entella,2,0,H,12.0,10.0,5.0,2.0
2526,I2,2025-09-27,Bari,Sampdoria,1,1,D,13.0,14.0,3.0,3.0
2526,I2,2025-09-27,Cesena,Palermo,1,1,D,13.0,10.0,2.0,2.0
2526,I2,2025-09-27,Mantova,Frosinone,1,5,A,28.0,22.0,9.0,9.0
2526,I2,2025-09-27,Monza,Padova,0,1,A,13.0,13.0,4.0,4.0
2526,I2,2025-09-27,Sudtirol,Reggiana,3,1,H,29.0,12.0,9.0,2.0
2526,I2,2025-09-27,Venezia,Spezia,2,0,H,11.0,5.0,3.0,2.0
2526,SP2,2025-09-27,Eibar,La Coruna,1,1,D,23.0,9.0,10.0,3.0
2526,SP2,2025-09-27,Las Palmas,Almeria,0,1,A,9.0,13.0,3.0,2.0
2526,SP2,2025-09-27,Santander,Andorra,1,2,A,18.0,14.0,6.0,4.0
2526,D2,2025-09-28,Hannover,Bielefeld,3,1,H,13.0,11.0,4.0,1.0
2526,D2,2025-09-28,Nurnberg,Hertha,0,3,A,12.0,14.0,4.0,4.0
2526,D2,2025-09-28,Preußen Münster,Braunschweig,3,1,H,11.0,12.0,4.0,5.0
2526,I2,2025-09-28,Empoli,Carrarese,2,2,D,13.0,9.0,4.0,5.0
2526,I2,2025-09-28,Modena,Pescara,2,1,H,15.0,6.0,3.0,2.0
2526,SP2,2025-09-28,Burgos,Malaga,2,1,H,7.0,6.0,3.0,2.0
2526,SP2,2025-09-28,Cadiz,Ceuta,0,0,D,9.0,11.0,3.0,3.0
2526,SP2,2025-09-28,Huesca,Granada,0,1,A,15.0,9.0,2.0,3.0
2526,SP2,2025-09-28,Sociedad B,Cordoba,1,1,D,10.0,13.0,5.0,3.0
2526,SP2,2025-09-28,Sp Gijon,Albacete,3,4,A,11.0,11.0,6.0,7.0
2526,SP2,2025-09-28,Valladolid,Cultural Leonesa,0,1,A,18.0,9.0,1.0,4.0
2526,F2,2025-09-29,Boulogne,Red Star,1,2,A,16.0,8.0,6.0,5.0
2526,SP2,2025-09-29,Leganes,Castellon,0,1,A,7.0,10.0,0.0,1.0
2526,E1,2025-09-30,Birmingham,Sheffield Weds,2,2,D,20.0,5.0,5.0,3.0
2526,E1,2025-09-30,Blackburn,Swansea,1,2,A,14.0,7.0,3.0,4.0
2526,E1,2025-09-30,Bristol City,Ipswich,1,1,D,13.0,15.0,3.0,3.0
2526,E1,2025-09-30,Derby,Charlton,1,1,D,18.0,11.0,3.0,3.0
2526,E1,2025-09-30,Hull,Preston,2,2,D,10.0,13.0,5.0,5.0
2526,E1,2025-09-30,Leicester,Wrexham,1,1,D,16.0,9.0,1.0,1.0
2526,E1,2025-09-30,Middlesbrough,Stoke,0,0,D,12.0,18.0,4.0,5.0
2526,E1,2025-09-30,Sheffield United,Southampton,1,2,A,8.0,12.0,3.0,5.0
2526,I2,2025-09-30,Frosinone,Cesena,3,1,H,17.0,11.0,7.0,2.0
2526,I2,2025-09-30,Juve Stabia,Mantova,2,1,H,10.0,15.0,4.0,6.0
2526,I2,2025-09-30,Padova,Avellino,2,2,D,11.0,12.0,3.0,5.0
2526,I2,2025-09-30,Palermo,Venezia,0,0,D,3.0,11.0,1.0,3.0
2526,I2,2025-09-30,Reggiana,Spezia,1,1,D,14.0,3.0,4.0,2.0
2526,I2,2025-09-30,Virtus Entella,Bari,2,2,D,18.0,9.0,4.0,4.0
2526,E1,2025-10-01,Millwall,Coventry,0,4,A,13.0,13.0,3.0,5.0
2526,E1,2025-10-01,Norwich,West Brom,0,1,A,16.0,5.0,5.0,1.0
2526,E1,2025-10-01,Portsmouth,Watford,2,2,D,15.0,12.0,5.0,6.0
2526,E1,2025-10-01,QPR,Oxford,0,0,D,13.0,9.0,1.0,0.0
2526,I2,2025-10-01,Carrarese,Modena,0,0,D,14.0,10.0,3.0,0.0
2526,I2,2025-10-01,Empoli,Monza,1,1,D,12.0,16.0,5.0,3.0
2526,I2,2025-10-01,Pescara,Sudtirol,1,1,D,9.0,13.0,2.0,6.0
2526,I2,2025-10-01,Sampdoria,Catanzaro,0,0,D,11.0,16.0,3.0,7.0
2526,D2,2025-10-03,Braunschweig,Paderborn,1,2,A,7.0,16.0,2.0,3.0
2526,D2,2025-10-03,Fortuna Dusseldorf,Nurnberg,2,3,A,12.0,17.0,7.0,7.0
2526,E1,2025-10-03,Wrexham,Birmingham,1,1,D,12.0,8.0,4.0,3.0
2526,F2,2025-10-03,Amiens,Boulogne,0,1,A,4.0,19.0,1.0,6.0
2526,F2,2025-10-03,Annecy,Laval,0,0,D,8.0,3.0,2.0,1.0
2526,F2,2025-10-03,Bastia,Dunkerque,0,0,D,15.0,6.0,2.0,1.0
2526,F2,2025-10-03,Guingamp,Nancy,2,2,D,15.0,7.0,5.0,3.0
2526,F2,2025-10-03,Le Mans,Troyes,2,2,D,13.0,8.0,6.0,3.0
2526,F2,2025-10-03,Pau FC,Clermont,3,1,H,7.0,10.0,4.0,2.0
2526,SP2,2025-10-03,Ceuta,Eibar,1,0,H,12.0,5.0,3.0,1.0
2526,D2,2025-10-04,Dresden,Karlsruhe,3,3,D,13.0,22.0,4.0,6.0
2526,D2,2025-10-04,Hertha,Preußen Münster,2,1,H,17.0,17.0,7.0,6.0
2526,D2,2025-10-04,Holstein Kiel,Darmstadt,1,1,D,22.0,8.0,7.0,1.0
2526,D2,2025-10-04,Kaiserslautern,Bochum,3,2,H,22.0,10.0,10.0,2.0
2526,E1,2025-10-04,Blackburn,Stoke,1,1,D,17.0,11.0,5.0,6.0
2526,E1,2025-10-04,Bristol City,QPR,1,2,A,11.0,8.0,1.0,2.0
2526,E1,2025-10-04,Derby,Southampton,1,1,D,9.0,13.0,5.0,6.0
2526,E1,2025-10-04,Hull,Sheffield United,1,0,H,5.0,13.0,2.0,4.0
2526,E1,2025-10-04,Millwall,West Brom,3,0,H,11.0,10.0,4.0,1.0
2526,E1,2025-10-04,Portsmouth,Middlesbrough,1,0,H,8.0,12.0,1.0,1.0
2526,E1,2025-10-04,Preston,Charlton,2,0,H,15.0,8.0,3.0,0.0
2526,E1,2025-10-04,Sheffield Weds,Coventry,0,5,A,9.0,21.0,0.0,10.0
2526,E1,2025-10-04,Swansea,Leicester,1,3,A,13.0,17.0,7.0,7.0
2526,E1,2025-10-04,Watford,Oxford,2,1,H,27.0,15.0,10.0,5.0
2526,F2,2025-10-04,Montpellier,St Etienne,0,2,A,18.0,8.0,4.0,4.0
2526,F2,2025-10-04,Red Star,Rodez,1,1,D,16.0,7.0,4.0,3.0
2526,F2,2025-10-04,Reims,Grenoble,2,4,A,21.0,6.0,8.0,4.0
2526,I2,2025-10-04,Avellino,Mantova,0,0,D,12.0,19.0,6.0,11.0
2526,I2,2025-10-04,Bari,Padova,2,1,H,15.0,17.0,5.0,7.0
2526,I2,2025-10-04,Cesena,Reggiana,1,2,A,16.0,6.0,3.0,2.0
2526,I2,2025-10-04,Monza,Catanzaro,2,1,H,13.0,10.0,3.0,4.0
2526,I2,2025-10-04,Spezia,Palermo,1,2,A,12.0,10.0,6.0,3.0
2526,I2,2025-10-04,Venezia,Frosinone,3,0,H,17.0,17.0,8.0,5.0
2526,SP2,2025-10-04,Andorra,Leganes,1,2,A,8.0,11.0,4.0,5.0
2526,SP2,2025-10-04,Granada,Sociedad B,5,2,H,13.0,14.0,5.0,8.0
2526,SP2,2025-10-04,Huesca,Burgos,2,1,H,9.0,4.0,4.0,2.0
2526,SP2,2025-10-04,La Coruna,Almeria,1,1,D,15.0,10.0,4.0,3.0
2526,D2,2025-10-05,Bielefeld,Schalke 04,1,2,A,11.0,11.0,4.0,4.0
2526,D2,2025-10-05,Greuther Furth,Hannover,2,2,D,12.0,10.0,5.0,6.0
2526,D2,2025-10-05,Magdeburg,Elversberg,0,4,A,15.0,20.0,5.0,8.0
2526,E1,2025-10-05,Ipswich,Norwich,3,1,H,19.0,12.0,9.0,4.0
2526,I2,2025-10-05,Carrarese,Juve Stabia,3,0,H,10.0,15.0,6.0,2.0
2526,I2,2025-10-05,Modena,Virtus Entella,2,0,H,18.0,15.0,7.0,3.0
2526,I2,2025-10-05,Sampdoria,Pescara,4,1,H,28.0,6.0,12.0,1.0
2526,I2,2025-10-05,Sudtirol,Empoli,1,2,A,13.0,21.0,5.0,6.0
2526,SP2,2025-10-05,Castellon,Sp Gijon,3,1,H,12.0,5.0,5.0,4.0
2526,SP2,2025-10-05,Las Palmas,Cadiz,1,0,H,14.0,8.0,1.0,3.0
2526,SP2,2025-10-05,Santander,Malaga,3,0,H,16.0,10.0,8.0,5.0
2526,SP2,2025-10-05,Valladolid,Mirandes,1,1,D,22.0,10.0,5.0,2.0
2526,SP2,2025-10-05,Zaragoza,Cordoba,0,1,A,10.0,11.0,4.0,2.0
2526,SP2,2025-10-06,Cultural Leonesa,Albacete,0,0,D,6.0,9.0,1.0,3.0
2526,SP2,2025-10-10,Granada,Las Palmas,0,0,D,11.0,9.0,1.0,1.0
2526,SP2,2025-10-11,Almeria,Zaragoza,4,2,H,22.0,14.0,14.0,5.0
2526,SP2,2025-10-11,Mirandes,Leganes,0,0,D,13.0,17.0,4.0,7.0
2526,SP2,2025-10-11,Sociedad B,Andorra,3,0,H,9.0,10.0,5.0,3.0
2526,SP2,2025-10-12,Albacete,Ceuta,0,0,D,13.0,3.0,4.0,1.0
2526,SP2,2025-10-12,Burgos,Valladolid,0,1,A,7.0,11.0,1.0,3.0
2526,SP2,2025-10-12,Cadiz,Huesca,1,0,H,11.0,9.0,2.0,1.0
2526,SP2,2025-10-12,Eibar,Castellon,0,0,D,7.0,16.0,0.0,5.0
2526,SP2,2025-10-12,Malaga,La Coruna,3,0,H,15.0,10.0,6.0,5.0
2526,SP2,2025-10-12,Sp Gijon,Santander,2,1,H,9.0,13.0,4.0,3.0
2526,SP2,2025-10-13,Cordoba,Cultural Leonesa,1,0,H,19.0,15.0,5.0,5.0
2526,D2,2025-10-17,Fortuna Dusseldorf,Braunschweig,1,2,A,14.0,14.0,5.0,5.0
2526,D2,2025-10-17,Hannover,Schalke 04,0,3,A,13.0,16.0,3.0,5.0
2526,E1,2025-10-17,Middlesbrough,Ipswich,2,1,H,15.0,17.0,5.0,5.0
2526,F2,2025-10-17,Boulogne,Guingamp,2,2,D,8.0,8.0,3.0,3.0
2526,F2,2025-10-17,Clermont,Annecy,0,1,A,10.0,9.0,2.0,4.0
2526,F2,2025-10-17,Grenoble,Pau FC,1,1,D,12.0,24.0,5.0,6.0
2526,F2,2025-10-17,Rodez,Reims,2,2,D,13.0,13.0,3.0,5.0
2526,F2,2025-10-17,Troyes,Bastia,1,0,H,10.0,17.0,4.0,3.0
2526,I2,2025-10-17,Virtus Entella,Sampdoria,3,1,H,17.0,14.0,6.0,4.0
2526,SP2,2025-10-17,Andorra,Granada,0,0,D,13.0,13.0,3.0,4.0
2526,D2,2025-10-18,Bochum,Hertha,3,2,H,10.0,13.0,3.0,6.0
2526,D2,2025-10-18,Karlsruhe,Kaiserslautern,2,3,A,18.0,12.0,10.0,4.0
2526,D2,2025-10-18,Paderborn,Bielefeld,4,3,H,20.0,16.0,9.0,4.0
2526,D2,2025-10-18,Preußen Münster,Dresden,2,2,D,12.0,14.0,3.0,6.0
2526,E1,2025-10-18,Birmingham,Hull,2,3,A,29.0,14.0,8.0,7.0
2526,E1,2025-10-18,Charlton,Sheffield Weds,2,1,H,12.0,12.0,5.0,4.0
2526,E1,2025-10-18,Coventry,Blackburn,2,0,H,14.0,17.0,5.0,3.0
2526,E1,2025-10-18,Leicester,Portsmouth,1,1,D,19.0,8.0,6.0,3.0
2526,E1,2025-10-18,Norwich,Bristol City,0,1,A,11.0,21.0,4.0,6.0
2526,E1,2025-10-18,Oxford,Derby,1,0,H,19.0,6.0,7.0,1.0
2526,E1,2025-10-18,QPR,Millwall,1,2,A,20.0,5.0,3.0,5.0
2526,E1,2025-10-18,Sheffield United,Watford,1,0,H,18.0,13.0,6.0,1.0
2526,E1,2025-10-18,Southampton,Swansea,0,0,D,21.0,6.0,8.0,1.0
2526,E1,2025-10-18,Stoke,Wrexham,1,0,H,12.0,5.0,3.0,3.0
2526,E1,2025-10-18,West Brom,Preston,2,1,H,16.0,17.0,6.0,5.0
2526,F2,2025-10-18,Dunkerque,Montpellier,0,1,A,10.0,8.0,3.0,3.0
2526,F2,2025-10-18,Laval,Red Star,0,1,A,9.0,10.0,1.0,3.0
2526,F2,2025-10-18,St Etienne,Le Mans,2,3,A,12.0,14.0,4.0,7.0
2526,I2,2025-10-18,Frosinone,Monza,0,1,A,15.0,20.0,2.0,9.0
2526,I2,2025-10-18,Juve Stabia,Avellino,2,0,H,11.0,11.0,3.0,2.0
2526,I2,2025-10-18,Mantova,Sudtirol,1,1,D,25.0,7.0,8.0,1.0
2526,I2,2025-10-18,Pescara,Carrarese,2,2,D,16.0,11.0,8.0,3.0
2526,I2,2025-10-18,Reggiana,Bari,3,1,H,14.0,11.0,8.0,2.0
2526,I2,2025-10-18,Spezia,Cesena,1,2,A,13.0,12.0,4.0,5.0
2526,SP2,2025-10-18,Ceuta,Mirandes,2,0,H,12.0,7.0,5.0,1.0
2526,SP2,2025-10-18,Zaragoza,Cultural Leonesa,0,5,A,9.0,20.0,2.0,13.0
2526,D2,2025-10-19,Darmstadt,Magdeburg,0,0,D,11.0,13.0,6.0,2.0
2526,D2,2025-10-19,Elversberg,Greuther Furth,6,0,H,18.0,10.0,8.0,5.0
2526,D2,2025-10-19,Nurnberg,Holstein Kiel,1,1,D,16.0,12.0,6.0,4.0
2526,I2,2025-10-19,Catanzaro,Padova,0,1,A,19.0,10.0,3.0,5.0
2526,I2,2025-10-19,Empoli,Venezia,1,1,D,9.0,16.0,7.0,4.0
2526,I2,2025-10-19,Palermo,Modena,1,1,D,10.0,17.0,2.0,5.0
2526,SP2,2025-10-19,Castellon,Albacete,0,1,A,22.0,11.0,5.0,8.0
2526,SP2,2025-10-19,Cordoba,Almeria,1,1,D,14.0,13.0,5.0,4.0
2526,SP2,2025-10-19,Las Palmas,Eibar,3,1,H,11.0,9.0,9.0,2.0
2526,SP2,2025-10-19,Leganes,Malaga,2,0,H,15.0,14.0,8.0,5.0
2526,SP2,2025-10-19,Santander,La Coruna,2,1,H,21.0,11.0,6.0,5.0
2526,SP2,2025-10-19,Valladolid,Sp Gijon,2,3,A,17.0,7.0,5.0,5.0
2526,F2,2025-10-20,Nancy,Amiens,0,1,A,23.0,5.0,3.0,3.0
2526,SP2,2025-10-20,Cadiz,Burgos,1,3,A,9.0,13.0,3.0,4.0
2526,E1,2025-10-21,Blackburn,Sheffield United,1,3,A,12.0,11.0,3.0,5.0
2526,E1,2025-10-21,Bristol City,Southampton,3,1,H,13.0,14.0,4.0,7.0
2526,E1,2025-10-21,Derby,Norwich,1,0,H,8.0,17.0,3.0,3.0
2526,E1,2025-10-21,Hull,Leicester,2,1,H,9.0,18.0,6.0,4.0
2526,E1,2025-10-21,Ipswich,Charlton,0,3,A,31.0,15.0,5.0,8.0
2526,E1,2025-10-21,Millwall,Stoke,2,0,H,15.0,10.0,7.0,3.0
2526,E1,2025-10-21,Portsmouth,Coventry,1,2,A,15.0,19.0,5.0,7.0
2526,E1,2025-10-21,Preston,Birmingham,0,1,A,17.0,9.0,6.0,2.0
2526,E1,2025-10-22,Sheffield Weds,Middlesbrough,0,1,A,11.0,19.0,3.0,7.0
2526,E1,2025-10-22,Swansea,QPR,0,1,A,11.0,15.0,2.0,4.0
2526,E1,2025-10-22,Watford,West Brom,2,1,H,19.0,9.0,5.0,4.0
2526,E1,2025-10-22,Wrexham,Oxford,1,0,H,11.0,6.0,6.0,2.0
2526,D2,2025-10-24,Greuther Furth,Karlsruhe,1,4,A,16.0,13.0,5.0,8.0
2526,D2,2025-10-24,Schalke 04,Darmstadt,1,0,H,10.0,7.0,2.0,1.0
2526,E1,2025-10-24,Preston,Sheffield United,3,2,H,15.0,12.0,3.0,3.0
2526,F2,2025-10-24,Guingamp,Clermont,0,1,A,21.0,4.0,3.0,1.0
2526,F2,2025-10-24,Le Mans,Boulogne,1,0,H,15.0,4.0,6.0,1.0
2526,F2,2025-10-24,Pau FC,Dunkerque,0,3,A,15.0,11.0,0.0,4.0
2526,F2,2025-10-24,Red Star,Grenoble,1,0,H,15.0,11.0,5.0,5.0
2526,F2,2025-10-24,Reims,Troyes,0,0,D,12.0,14.0,4.0,5.0
2526,I2,2025-10-24,Modena,Empoli,2,1,H,11.0,6.0,4.0,1.0
2526,SP2,2025-10-24,Huesca,Las Palmas,1,1,D,13.0,12.0,3.0,1.0
2526,D2,2025-10-25,Bielefeld,Elversberg,2,0,H,10.0,16.0,2.0,2.0
2526,D2,2025-10-25,Dresden,Paderborn,1,2,A,8.0,12.0,3.0,4.0
2526,D2,2025-10-25,Hertha,Fortuna Dusseldorf,1,0,H,11.0,18.0,4.0,4.0
2526,D2,2025-10-25,Holstein Kiel,Bochum,1,1,D,19.0,12.0,8.0,2.0
2526,E1,2025-10-25,Blackburn,Southampton,2,1,H,18.0,12.0,6.0,5.0
2526,E1,2025-10-25,Bristol City,Birmingham,1,0,H,5.0,13.0,1.0,1.0
2526,E1,2025-10-25,Coventry,Watford,3,1,H,12.0,13.0,3.0,8.0
2526,E1,2025-10-25,Derby,QPR,1,0,H,12.0,6.0,4.0,1.0
2526,E1,2025-10-25,Hull,Charlton,1,1,D,15.0,11.0,4.0,5.0
2526,E1,2025-10-25,Ipswich,West Brom,1,0,H,15.0,10.0,4.0,1.0
2526,E1,2025-10-25,Middlesbrough,Wrexham,1,1,D,14.0,6.0,4.0,2.0
2526,E1,2025-10-25,Millwall,Leicester,1,0,H,9.0,12.0,4.0,3.0
2526,E1,2025-10-25,Portsmouth,Stoke,0,1,A,14.0,11.0,3.0,2.0
2526,E1,2025-10-25,Sheffield Weds,Oxford,1,2,A,17.0,11.0,5.0,4.0
2526,E1,2025-10-25,Swansea,Norwich,2,1,H,9.0,7.0,3.0,3.0
2526,F2,2025-10-25,Amiens,Rodez,2,1,H,7.0,14.0,4.0,7.0
2526,F2,2025-10-25,Annecy,St Etienne,4,0,H,13.0,6.0,8.0,2.0
2526,F2,2025-10-25,Montpellier,Nancy,4,1,H,19.0,7.0,9.0,3.0
2526,I2,2025-10-25,Avellino,Spezia,0,4,A,7.0,23.0,3.0,7.0
2526,I2,2025-10-25,Carrarese,Venezia,3,2,H,14.0,25.0,5.0,8.0
2526,I2,2025-10-25,Catanzaro,Palermo,1,0,H,10.0,14.0,3.0,5.0
2526,I2,2025-10-25,Monza,Reggiana,3,1,H,18.0,3.0,9.0,2.0
2526,I2,2025-10-25,Sampdoria,Frosinone,1,1,D,13.0,16.0,3.0,5.0
2526,I2,2025-10-25,Sudtirol,Cesena,0,1,A,14.0,5.0,2.0,1.0
2526,I2,2025-10-25,Virtus Entella,Pescara,1,1,D,21.0,11.0,3.0,3.0
2526,SP2,2025-10-25,Albacete,Cordoba,1,3,A,21.0,13.0,4.0,9.0
2526,SP2,2025-10-25,Burgos,Sociedad B,1,0,H,14.0,5.0,3.0,1.0
2526,SP2,2025-10-25,Cultural Leonesa,Ceuta,0,1,A,15.0,5.0,2.0,1.0
2526,SP2,2025-10-25,Eibar,Leganes,0,0,D,12.0,9.0,3.0,3.0
2526,SP2,2025-10-25,Granada,Cadiz,0,0,D,18.0,11.0,1.0,1.0
2526,SP2,2025-10-25,Mirandes,Santander,1,3,A,14.0,16.0,3.0,7.0
2526,D2,2025-10-26,Braunschweig,Hannover,0,3,A,8.0,24.0,3.0,12.0
2526,D2,2025-10-26,Kaiserslautern,Nurnberg,1,1,D,14.0,11.0,7.0,4.0
2526,D2,2025-10-26,Magdeburg,Preußen Münster,2,0,H,12.0,10.0,5.0,4.0
2526,I2,2025-10-26,Bari,Mantova,1,0,H,6.0,14.0,4.0,3.0
2526,I2,2025-10-26,Padova,Juve Stabia,2,2,D,10.0,17.0,3.0,6.0
2526,SP2,2025-10-26,Almeria,Castellon,1,0,H,15.0,9.0,4.0,4.0
2526,SP2,2025-10-26,La Coruna,Valladolid,1,1,D,10.0,15.0,4.0,5.0
2526,SP2,2025-10-26,Malaga,Andorra,4,1,H,16.0,23.0,7.0,5.0
2526,SP2,2025-10-26,Sp Gijon,Zaragoza,1,0,H,4.0,22.0,3.0,3.0
2526,F2,2025-10-28,Boulogne,Reims,2,6,A,10.0,15.0,2.0,7.0
2526,F2,2025-10-28,Clermont,Montpellier,1,1,D,13.0,16.0,6.0,4.0
2526,F2,2025-10-28,Dunkerque,Red Star,3,0,H,9.0,7.0,4.0,2.0
2526,F2,2025-10-28,Grenoble,Guingamp,0,0,D,4.0,6.0,1.0,1.0
2526,F2,2025-10-28,Laval,Le Mans,1,1,D,9.0,6.0,7.0,3.0
2526,F2,2025-10-28,Nancy,Bastia,2,0,H,9.0,6.0,5.0,2.0
2526,F2,2025-10-28,Rodez,Annecy,2,1,H,5.0,8.0,4.0,3.0
2526,F2,2025-10-28,St Etienne,Pau FC,6,0,H,16.0,11.0,8.0,4.0
2526,F2,2025-10-28,Troyes,Amiens,3,1,H,17.0,4.0,4.0,2.0
2526,I2,2025-10-28,Cesena,Carrarese,2,1,H,12.0,9.0,3.0,3.0
2526,I2,2025-10-28,Empoli,Sampdoria,1,1,D,7.0,14.0,1.0,2.0
2526,I2,2025-10-28,Frosinone,Virtus Entella,4,0,H,21.0,11.0,9.0,1.0
2526,I2,2025-10-28,Palermo,Monza,0,3,A,17.0,12.0,2.0,5.0
2526,I2,2025-10-28,Pescara,Avellino,1,1,D,28.0,20.0,7.0,5.0
2526,I2,2025-10-28,Reggiana,Modena,1,0,H,8.0,22.0,2.0,1.0
2526,I2,2025-10-29,Mantova,Catanzaro,1,3,A,16.0,19.0,5.0,7.0
2526,I2,2025-10-29,Spezia,Padova,1,1,D,9.0,4.0,5.0,2.0
2526,I2,2025-10-29,Venezia,Sudtirol,3,0,H,17.0,4.0,4.0,2.0
2526,D2,2025-10-31,Elversberg,Hannover,2,2,D,13.0,10.0,7.0,2.0
2526,D2,2025-10-31,Preußen Münster,Holstein Kiel,2,1,H,12.0,17.0,5.0,4.0
2526,E1,2025-10-31,Wrexham,Coventry,3,2,H,13.0,18.0,7.0,5.0
2526,F2,2025-10-31,Annecy,Boulogne,1,1,D,8.0,11.0,2.0,5.0
2526,F2,2025-10-31,Bastia,Clermont,1,0,H,13.0,9.0,4.0,1.0
2526,F2,2025-10-31,Guingamp,Laval,2,0,H,11.0,13.0,4.0,2.0
2526,F2,2025-10-31,Le Mans,Nancy,1,0,H,9.0,7.0,2.0,1.0
2526,F2,2025-10-31,Montpellier,Rodez,2,0,H,26.0,9.0,5.0,3.0
2526,SP2,2025-10-31,Santander,Sociedad B,1,0,H,13.0,12.0,1.0,4.0
2526,D2,2025-11-01,Darmstadt,Bielefeld,2,2,D,19.0,10.0,8.0,3.0
2526,D2,2025-11-01,Hertha,Dresden,2,0,H,11.0,13.0,6.0,4.0
2526,D2,2025-11-01,Karlsruhe,Schalke 04,2,1,H,8.0,11.0,3.0,4.0
2526,D2,2025-11-01,Nurnberg,Braunschweig,2,1,H,5.0,12.0,2.0,4.0
2526,E1,2025-11-01,Birmingham,Portsmouth,4,0,H,19.0,5.0,7.0,0.0
2526,E1,2025-11-01,Charlton,Swansea,1,1,D,11.0,11.0,4.0,2.0
2526,E1,2025-11-01,Leicester,Blackburn,0,2,A,12.0,9.0,1.0,5.0
2526,E1,2025-11-01,Norwich,Hull,0,2,A,15.0,9.0,3.0,4.0
2526,E1,2025-11-01,Oxford,Millwall,2,2,D,14.0,11.0,6.0,4.0
2526,E1,2025-11-01,QPR,Ipswich,1,4,A,12.0,12.0,5.0,7.0
2526,E1,2025-11-01,Sheffield United,Derby,1,3,A,15.0,12.0,5.0,4.0
2526,E1,2025-11-01,Southampton,Preston,0,2,A,10.0,12.0,2.0,3.0
2526,E1,2025-11-01,Stoke,Bristol City,5,1,H,13.0,16.0,8.0,5.0
2526,E1,2025-11-01,Watford,Middlesbrough,3,0,H,9.0,14.0,4.0,4.0
2526,E1,2025-11-01,West Brom,Sheffield Weds,0,0,D,13.0,5.0,6.0,2.0
2526,F2,2025-11-01,Amiens,Grenoble,2,3,A,15.0,18.0,8.0,9.0
2526,F2,2025-11-01,Red Star,St Etienne,2,1,H,11.0,15.0,3.0,6.0
2526,F2,2025-11-01,Reims,Dunkerque,1,2,A,10.0,5.0,4.0,4.0
2526,I2,2025-11-01,Avellino,Reggiana,4,3,H,13.0,15.0,5.0,4.0
2526,I2,2025-11-01,Carrarese,Frosinone,0,2,A,16.0,15.0,4.0,4.0
2526,I2,2025-11-01,Padova,Sudtirol,1,1,D,11.0,14.0,2.0,5.0
2526,I2,2025-11-01,Palermo,Pescara,5,0,H,17.0,10.0,10.0,3.0
2526,I2,2025-11-01,Virtus Entella,Empoli,1,0,H,22.0,5.0,7.0,2.0
2526,SP2,2025-11-01,Albacete,Huesca,2,1,H,14.0,20.0,6.0,4.0
2526,SP2,2025-11-01,Almeria,Eibar,3,1,H,11.0,12.0,5.0,5.0
2526,SP2,2025-11-01,Cultural Leonesa,Mirandes,3,2,H,18.0,11.0,7.0,6.0
2526,SP2,2025-11-01,Leganes,Burgos,1,2,A,13.0,6.0,3.0,2.0
2526,D2,2025-11-02,Bochum,Magdeburg,2,0,H,24.0,15.0,9.0,6.0
2526,D2,2025-11-02,Fortuna Dusseldorf,Kaiserslautern,1,1,D,11.0,16.0,2.0,8.0
2526,D2,2025-11-02,Paderborn,Greuther Furth,2,1,H,14.0,19.0,6.0,7.0
2526,I2,2025-11-02,Bari,Cesena,1,0,H,9.0,9.0,3.0,3.0
2526,I2,2025-11-02,Catanzaro,Venezia,2,1,H,7.0,21.0,5.0,2.0
2526,I2,2025-11-02,Modena,Juve Stabia,3,0,H,9.0,7.0,6.0,4.0
2526,I2,2025-11-02,Monza,Spezia,1,0,H,16.0,4.0,4.0,0.0
2526,I2,2025-11-02,Sampdoria,Mantova,0,1,A,14.0,8.0,2.0,2.0
2526,SP2,2025-11-02,Andorra,Cadiz,0,0,D,15.0,5.0,4.0,1.0
2526,SP2,2025-11-02,Castellon,Malaga,2,1,H,19.0,9.0,6.0,1.0
2526,SP2,2025-11-02,Cordoba,Ceuta,2,0,H,12.0,12.0,4.0,2.0
2526,SP2,2025-11-02,Sp Gijon,Las Palmas,0,0,D,5.0,8.0,1.0,2.0
2526,SP2,2025-11-02,Zaragoza,La Coruna,0,2,A,13.0,14.0,3.0,6.0
2526,F2,2025-11-03,Pau FC,Troyes,1,1,D,18.0,9.0,6.0,4.0
2526,SP2,2025-11-03,Valladolid,Granada,2,1,H,17.0,8.0,6.0,3.0
2526,E1,2025-11-04,Birmingham,Millwall,4,0,H,12.0,4.0,6.0,2.0
2526,E1,2025-11-04,Bristol City,Blackburn,0,1,A,12.0,16.0,0.0,5.0
2526,E1,2025-11-04,Charlton,West Brom,1,0,H,11.0,13.0,3.0,1.0
2526,E1,2025-11-04,Coventry,Sheffield United,3,1,H,17.0,11.0,8.0,4.0
2526,E1,2025-11-04,Derby,Hull,2,1,H,9.0,8.0,3.0,2.0
2526,E1,2025-11-04,Ipswich,Watford,1,1,D,16.0,4.0,4.0,2.0
2526,E1,2025-11-04,Leicester,Middlesbrough,1,1,D,6.0,17.0,2.0,4.0
2526,E1,2025-11-04,Oxford,Stoke,0,3,A,16.0,14.0,1.0,6.0
2526,E1,2025-11-05,Portsmouth,Wrexham,0,0,D,19.0,8.0,7.0,3.0
2526,E1,2025-11-05,Preston,Swansea,2,1,H,4.0,18.0,3.0,5.0
2526,E1,2025-11-05,QPR,Southampton,1,2,A,20.0,9.0,5.0,2.0
2526,E1,2025-11-05,Sheffield Weds,Norwich,1,1,D,15.0,13.0,6.0,3.0
2526,SP2,2025-11-05,Sociedad B,Huesca,2,0,H,13.0,10.0,5.0,1.0
2526,D2,2025-11-07,Dresden,Nurnberg,1,2,A,9.0,9.0,1.0,4.0
2526,D2,2025-11-07,Greuther Furth,Preußen Münster,1,0,H,7.0,12.0,2.0,3.0
2526,E1,2025-11-07,Watford,Bristol City,1,1,D,16.0,10.0,10.0,4.0
2526,F2,2025-11-07,Bastia,Reims,1,3,A,17.0,9.0,2.0,5.0
2526,F2,2025-11-07,Clermont,Amiens,2,1,H,17.0,9.0,5.0,4.0
2526,F2,2025-11-07,Dunkerque,Boulogne,1,1,D,12.0,11.0,4.0,4.0
2526,F2,2025-11-07,Grenoble,Rodez,2,1,H,14.0,14.0,6.0,4.0
2526,F2,2025-11-07,Montpellier,Annecy,1,0,H,14.0,8.0,5.0,4.0
2526,F2,2025-11-07,Nancy,Laval,0,2,A,14.0,9.0,3.0,3.0
2526,I2,2025-11-07,Spezia,Bari,1,1,D,10.0,19.0,5.0,1.0
2526,SP2,2025-11-07,Mirandes,Sp Gijon,2,1,H,20.0,7.0,9.0,2.0
2526,D2,2025-11-08,Bielefeld,Karlsruhe,4,0,H,19.0,8.0,6.0,2.0
2526,D2,2025-11-08,Hannover,Darmstadt,2,3,A,20.0,16.0,10.0,8.0
2526,D2,2025-11-08,Kaiserslautern,Hertha,0,1,A,16.0,9.0,9.0,3.0
2526,D2,2025-11-08,Schalke 04,Elversberg,1,0,H,7.0,6.0,2.0,0.0
2526,E1,2025-11-08,Blackburn,Derby,1,2,A,8.0,6.0,3.0,4.0
2526,E1,2025-11-08,Hull,Portsmouth,3,2,H,13.0,13.0,4.0,5.0
2526,E1,2025-11-08,Middlesbrough,Birmingham,2,1,H,8.0,13.0,4.0,5.0
2526,E1,2025-11-08,Millwall,Preston,1,1,D,14.0,8.0,4.0,6.0
2526,E1,2025-11-08,Norwich,Leicester,1,2,A,8.0,14.0,3.0,7.0
2526,E1,2025-11-08,Sheffield United,QPR,0,0,D,20.0,13.0,3.0,4.0
2526,E1,2025-11-08,Southampton,Sheffield Weds,3,1,H,12.0,11.0,7.0,3.0
2526,E1,2025-11-08,Stoke,Coventry,0,1,A,10.0,17.0,2.0,3.0
2526,E1,2025-11-08,Swansea,Ipswich,1,4,A,9.0,11.0,4.0,4.0
2526,E1,2025-11-08,West Brom,Oxford,2,1,H,26.0,9.0,6.0,4.0
2526,E1,2025-11-08,Wrexham,Charlton,1,0,H,18.0,11.0,6.0,4.0
2526,F2,2025-11-08,Guingamp,Pau FC,2,2,D,9.0,9.0,4.0,5.0
2526,F2,2025-11-08,Le Mans,Red Star,0,0,D,9.0,8.0,3.0,2.0
2526,F2,2025-11-08,Troyes,St Etienne,2,3,A,21.0,7.0,8.0,5.0
2526,I2,2025-11-08,Empoli,Catanzaro,1,0,H,11.0,6.0,3.0,1.0
2526,I2,2025-11-08,Frosinone,Modena,2,2,D,8.0,21.0,4.0,6.0
2526,I2,2025-11-08,Juve Stabia,Palermo,1,0,H,14.0,9.0,4.0,1.0
2526,I2,2025-11-08,Mantova,Padova,1,0,H,16.0,7.0,4.0,1.0
2526,I2,2025-11-08,Reggiana,Virtus Entella,0,0,D,7.0,17.0,2.0,3.0
2526,I2,2025-11-08,Sudtirol,Carrarese,1,1,D,7.0,24.0,2.0,7.0
2526,I2,2025-11-08,Venezia,Sampdoria,3,1,H,18.0,8.0,7.0,4.0
2526,SP2,2025-11-08,Eibar,Albacete,3,2,H,22.0,17.0,8.0,9.0
2526,SP2,2025-11-08,Huesca,Andorra,2,2,D,10.0,20.0,5.0,3.0
2526,SP2,2025-11-08,La Coruna,Cultural Leonesa,3,0,H,9.0,11.0,3.0,5.0
2526,SP2,2025-11-08,Malaga,Cordoba,2,2,D,11.0,15.0,7.0,6.0
2526,SP2,2025-11-08,Sociedad B,Leganes,2,1,H,12.0,9.0,2.0,3.0
2526,D2,2025-11-09,Braunschweig,Bochum,0,2,A,23.0,13.0,6.0,4.0
2526,D2,2025-11-09,Holstein Kiel,Fortuna Dusseldorf,1,0,H,13.0,17.0,4.0,6.0
2526,D2,2025-11-09,Magdeburg,Paderborn,0,1,A,17.0,12.0,3.0,6.0
2526,I2,2025-11-09,Cesena,Avellino,3,0,H,11.0,13.0,3.0,3.0
2526,I2,2025-11-09,Pescara,Monza,0,2,A,7.0,19.0,1.0,5.0
2526,SP2,2025-11-09,Cadiz,Valladolid,0,0,D,7.0,11.0,2.0,1.0
2526,SP2,2025-11-09,Granada,Zaragoza,3,1,H,16.0,11.0,7.0,3.0
2526,SP2,2025-11-09,Las Palmas,Santander,3,1,H,16.0,9.0,7.0,2.0
2526,SP2,2025-11-10,Burgos,Castellon,0,0,D,9.0,11.0,3.0,2.0
2526,SP2,2025-11-14,Valladolid,Las Palmas,0,1,A,22.0,11.0,4.0,4.0
2526,SP2,2025-11-15,Albacete,Andorra,1,0,H,17.0,17.0,6.0,6.0
2526,SP2,2025-11-15,Castellon,Sociedad B,5,4,H,23.0,19.0,8.0,9.0
2526,SP2,2025-11-15,Santander,Granada,2,2,D,13.0,13.0,5.0,5.0
2526,SP2,2025-11-16,Almeria,Cadiz,3,0,H,16.0,7.0,9.0,3.0
2526,SP2,2025-11-16,Ceuta,Leganes,1,2,A,14.0,12.0,1.0,5.0
2526,SP2,2025-11-16,Cordoba,La Coruna,1,3,A,22.0,9.0,6.0,3.0
2526,SP2,2025-11-16,Mirandes,Burgos,0,2,A,12.0,6.0,2.0,4.0
2526,SP2,2025-11-16,Sp Gijon,Eibar,1,1,D,13.0,6.0,6.0,3.0
2526,SP2,2025-11-16,Zaragoza,Huesca,1,0,H,6.0,8.0,2.0,2.0
2526,SP2,2025-11-17,Cultural Leonesa,Malaga,1,0,H,6.0,16.0,1.0,3.0
2526,D2,2025-11-21,Bochum,Dresden,1,2,A,23.0,10.0,4.0,4.0
2526,D2,2025-11-21,Hertha,Braunschweig,1,0,H,15.0,15.0,5.0,3.0
2526,E1,2025-11-21,Preston,Blackburn,1,2,A,15.0,12.0,4.0,6.0
2526,F2,2025-11-21,Annecy,Bastia,1,0,H,18.0,3.0,3.0,3.0
2526,F2,2025-11-21,Boulogne,Grenoble,3,1,H,20.0,13.0,8.0,7.0
2526,F2,2025-11-21,Laval,Troyes,0,1,A,12.0,15.0,3.0,5.0
2526,F2,2025-11-21,Pau FC,Le Mans,1,2,A,12.0,4.0,2.0,2.0
2526,F2,2025-11-21,Rodez,Dunkerque,1,1,D,11.0,6.0,3.0,3.0
2526,I2,2025-11-21,Catanzaro,Pescara,3,3,D,19.0,8.0,8.0,4.0
2526,SP2,2025-11-21,Las Palmas,Albacete,2,1,H,10.0,10.0,3.0,3.0
2526,D2,2025-11-22,Darmstadt,Greuther Furth,4,2,H,18.0,14.0,9.0,8.0
2526,D2,2025-11-22,Fortuna Dusseldorf,Magdeburg,2,1,H,11.0,25.0,5.0,9.0
2526,D2,2025-11-22,Paderborn,Hannover,0,2,A,16.0,15.0,4.0,9.0
2526,D2,2025-11-22,Preußen Münster,Schalke 04,0,0,D,5.0,14.0,2.0,6.0
2526,E1,2025-11-22,Birmingham,Norwich,4,1,H,16.0,15.0,6.0,7.0
2526,E1,2025-11-22,Bristol City,Swansea,3,0,H,15.0,17.0,8.0,5.0
2526,E1,2025-11-22,Charlton,Southampton,1,5,A,12.0,23.0,2.0,8.0
2526,E1,2025-11-22,Coventry,West Brom,3,2,H,24.0,7.0,11.0,5.0
2526,E1,2025-11-22,Derby,Watford,2,3,A,9.0,14.0,2.0,4.0
2526,E1,2025-11-22,Ipswich,Wrexham,0,0,D,19.0,2.0,8.0,0.0
2526,E1,2025-11-22,Leicester,Stoke,2,1,H,6.0,11.0,2.0,5.0
2526,E1,2025-11-22,Oxford,Middlesbrough,1,1,D,9.0,19.0,2.0,3.0
2526,E1,2025-11-22,Portsmouth,Millwall,3,1,H,15.0,7.0,7.0,2.0
2526,E1,2025-11-22,QPR,Hull,3,2,H,26.0,8.0,8.0,4.0
2526,F2,2025-11-22,Amiens,Guingamp,1,2,A,14.0,17.0,4.0,3.0
2526,F2,2025-11-22,Red Star,Clermont,2,2,D,14.0,7.0,3.0,3.0
2526,F2,2025-11-22,St Etienne,Nancy,2,1,H,9.0,11.0,2.0,3.0
2526,I2,2025-11-22,Avellino,Empoli,0,3,A,9.0,13.0,3.0,4.0
2526,I2,2025-11-22,Bari,Frosinone,2,3,A,10.0,28.0,4.0,8.0
2526,I2,2025-11-22,Carrarese,Reggiana,0,0,D,11.0,16.0,1.0,5.0
2526,I2,2025-11-22,Padova,Venezia,0,2,A,12.0,16.0,7.0,7.0
2526,I2,2025-11-22,Virtus Entella,Palermo,1,1,D,18.0,17.0,2.0,2.0
2526,SP2,2025-11-22,Andorra,Castellon,1,3,A,10.0,16.0,4.0,6.0
2526,SP2,2025-11-22,Eibar,Zaragoza,1,2,A,23.0,3.0,8.0,2.0
2526,SP2,2025-11-22,Granada,Cordoba,1,1,D,18.0,11.0,7.0,5.0
2526,SP2,2025-11-22,Leganes,Almeria,0,3,A,22.0,7.0,10.0,4.0
2526,D2,2025-11-23,Kaiserslautern,Holstein Kiel,4,1,H,28.0,8.0,9.0,2.0
2526,D2,2025-11-23,Karlsruhe,Elversberg,2,3,A,11.0,26.0,4.0,8.0
2526,D2,2025-11-23,Nurnberg,Bielefeld,2,0,H,11.0,16.0,6.0,1.0
2526,E1,2025-11-23,Sheffield Weds,Sheffield United,0,3,A,5.0,11.0,0.0,7.0
2526,I2,2025-11-23,Mantova,Spezia,4,1,H,23.0,9.0,11.0,5.0
2526,I2,2025-11-23,Modena,Sudtirol,0,0,D,23.0,7.0,5.0,3.0
2526,I2,2025-11-23,Monza,Cesena,1,0,H,14.0,15.0,1.0,4.0
2526,SP2,2025-11-23,Burgos,Santander,0,2,A,9.0,15.0,1.0,4.0
2526,SP2,2025-11-23,Cadiz,Cultural Leonesa,1,2,A,16.0,14.0,7.0,7.0
2526,SP2,2025-11-23,Huesca,Sp Gijon,2,0,H,13.0,12.0,5.0,2.0
2526,SP2,2025-11-23,La Coruna,Ceuta,2,1,H,16.0,13.0,7.0,4.0
2526,SP2,2025-11-23,Malaga,Mirandes,3,2,H,18.0,14.0,11.0,6.0
2526,F2,2025-11-24,Reims,Montpellier,2,0,H,15.0,12.0,5.0,4.0
2526,I2,2025-11-24,Sampdoria,Juve Stabia,1,0,H,16.0,10.0,2.0,3.0
2526,SP2,2025-11-24,Sociedad B,Valladolid,1,0,H,13.0,20.0,4.0,3.0
2526,E1,2025-11-25,Hull,Ipswich,0,2,A,11.0,16.0,2.0,6.0
2526,E1,2025-11-25,Middlesbrough,Coventry,2,4,A,11.0,20.0,2.0,8.0
2526,E1,2025-11-25,Norwich,Oxford,1,1,D,15.0,12.0,6.0,4.0
2526,E1,2025-11-25,Southampton,Leicester,3,0,H,18.0,7.0,8.0,2.0
2526,E1,2025-11-25,Stoke,Charlton,3,0,H,15.0,4.0,4.0,2.0
2526,E1,2025-11-25,Swansea,Derby,1,2,A,9.0,13.0,4.0,5.0
2526,E1,2025-11-25,Watford,Preston,1,1,D,24.0,9.0,5.0,3.0
2526,F2,2025-11-25,Bastia,Laval,0,2,A,9.0,12.0,2.0,7.0
2526,E1,2025-11-26,Blackburn,QPR,0,1,A,9.0,10.0,1.0,3.0
2526,E1,2025-11-26,Millwall,Sheffield Weds,1,0,H,24.0,11.0,8.0,3.0
2526,E1,2025-11-26,Sheffield United,Portsmouth,3,0,H,15.0,4.0,5.0,2.0
2526,E1,2025-11-26,West Brom,Birmingham,1,1,D,13.0,14.0,4.0,4.0
2526,E1,2025-11-26,Wrexham,Bristol City,2,0,H,12.0,13.0,4.0,3.0
2526,SP2,2025-11-26,Ceuta,Almeria,3,2,H,10.0,15.0,7.0,6.0
2526,D2,2025-11-28,Hannover,Karlsruhe,3,0,H,18.0,9.0,7.0,2.0
2526,D2,2025-11-28,Schalke 04,Paderborn,2,1,H,14.0,8.0,5.0,1.0
2526,E1,2025-11-28,Oxford,Ipswich,2,1,H,13.0,17.0,8.0,7.0
2526,I2,2025-11-28,Cesena,Modena,1,0,H,14.0,18.0,2.0,6.0
2526,SP2,2025-11-28,Sp Gijon,Andorra,1,1,D,23.0,10.0,10.0,2.0
2526,D2,2025-11-29,Braunschweig,Kaiserslautern,2,0,H,16.0,10.0,6.0,5.0
2526,D2,2025-11-29,Greuther Furth,Bochum,0,3,A,10.0,14.0,1.0,6.0
2526,D2,2025-11-29,Holstein Kiel,Hertha,0,1,A,9.0,10.0,0.0,2.0
2526,D2,2025-11-29,Magdeburg,Nurnberg,3,0,H,19.0,7.0,8.0,1.0
2526,E1,2025-11-29,Coventry,Charlton,3,1,H,26.0,9.0,8.0,4.0
2526,E1,2025-11-29,Leicester,Sheffield United,2,3,A,15.0,13.0,3.0,3.0
2526,E1,2025-11-29,Middlesbrough,Derby,2,1,H,21.0,6.0,4.0,1.0
2526,E1,2025-11-29,Millwall,Southampton,3,2,H,21.0,11.0,7.0,8.0
2526,E1,2025-11-29,Norwich,QPR,3,1,H,17.0,12.0,6.0,5.0
2526,E1,2025-11-29,Portsmouth,Bristol City,0,1,A,13.0,15.0,2.0,5.0
2526,E1,2025-11-29,Sheffield Weds,Preston,2,3,A,12.0,7.0,5.0,5.0
2526,E1,2025-11-29,Stoke,Hull,1,2,A,12.0,11.0,7.0,6.0
2526,E1,2025-11-29,West Brom,Swansea,3,2,H,26.0,3.0,10.0,2.0
2526,E1,2025-11-29,Wrexham,Blackburn,1,1,D,16.0,12.0,2.0,3.0
2526,I2,2025-11-29,Catanzaro,Virtus Entella,3,2,H,17.0,13.0,7.0,3.0
2526,I2,2025-11-29,Empoli,Bari,5,0,H,16.0,7.0,8.0,0.0
2526,I2,2025-11-29,Palermo,Carrarese,5,0,H,21.0,7.0,9.0,2.0
2526,I2,2025-11-29,Pescara,Padova,0,1,A,25.0,12.0,5.0,5.0
2526,I2,2025-11-29,Reggiana,Frosinone,0,1,A,14.0,11.0,6.0,4.0
2526,I2,2025-11-29,Sudtirol,Avellino,0,1,A,20.0,6.0,3.0,1.0
2526,I2,2025-11-29,Venezia,Mantova,3,0,H,27.0,3.0,8.0,1.0
2526,SP2,2025-11-29,Albacete,La Coruna,0,2,A,14.0,8.0,3.0,3.0
2526,SP2,2025-11-29,Almeria,Huesca,0,0,D,24.0,5.0,6.0,1.0
2526,SP2,2025-11-29,Ceuta,Burgos,1,0,H,14.0,9.0,5.0,1.0
2526,SP2,2025-11-29,Cultural Leonesa,Granada,0,1,A,10.0,8.0,4.0,3.0
2526,SP2,2025-11-29,Valladolid,Malaga,1,1,D,21.0,5.0,6.0,3.0
2526,D2,2025-11-30,Bielefeld,Preußen Münster,1,2,A,17.0,12.0,2.0,6.0
2526,D2,2025-11-30,Dresden,Fortuna Dusseldorf,2,1,H,16.0,13.0,4.0,2.0
2526,D2,2025-11-30,Elversberg,Darmstadt,0,0,D,14.0,11.0,3.0,2.0
2526,I2,2025-11-30,Juve Stabia,Monza,2,2,D,9.0,11.0,4.0,5.0
2526,I2,2025-11-30,Spezia,Sampdoria,1,0,H,10.0,9.0,4.0,2.0
2526,SP2,2025-11-30,Castellon,Las Palmas,1,0,H,18.0,10.0,5.0,1.0
2526,SP2,2025-11-30,Cordoba,Cadiz,1,2,A,20.0,8.0,6.0,4.0
2526,SP2,2025-11-30,Mirandes,Sociedad B,1,0,H,16.0,16.0,5.0,6.0
2526,SP2,2025-11-30,Santander,Eibar,4,0,H,11.0,13.0,8.0,6.0
2526,SP2,2025-11-30,Zaragoza,Leganes,3,2,H,20.0,5.0,11.0,2.0
2526,E1,2025-12-01,Birmingham,Watford,2,1,H,13.0,12.0,5.0,4.0
2526,E1,2025-12-02,Blackburn,Ipswich,1,1,D,14.0,11.0,3.0,2.0
2526,I2,2025-12-04,Juve Stabia,Bari,0,0,D,17.0,3.0,1.0,0.0
2526,D2,2025-12-05,Fortuna Dusseldorf,Schalke 04,0,2,A,14.0,14.0,1.0,7.0
2526,D2,2025-12-05,Preußen Münster,Hannover,2,2,D,19.0,5.0,4.0,2.0
2526,E1,2025-12-05,Hull,Middlesbrough,1,4,A,5.0,10.0,2.0,5.0
2526,F2,2025-12-05,Clermont,Boulogne,1,1,D,11.0,17.0,2.0,5.0
2526,F2,2025-12-05,Grenoble,Nancy,1,0,H,15.0,9.0,5.0,0.0
2526,F2,2025-12-05,Guingamp,Annecy,0,3,A,10.0,15.0,2.0,6.0
2526,F2,2025-12-05,Le Mans,Amiens,1,0,H,14.0,3.0,3.0,1.0
2526,D2,2025-12-06,Bochum,Bielefeld,1,0,H,13.0,15.0,6.0,6.0
2526,D2,2025-12-06,Darmstadt,Karlsruhe,3,2,H,25.0,10.0,10.0,3.0
2526,D2,2025-12-06,Kaiserslautern,Dresden,3,1,H,12.0,9.0,3.0,2.0
2526,D2,2025-12-06,Paderborn,Elversberg,1,2,A,9.0,16.0,3.0,5.0
2526,E1,2025-12-06,Bristol City,Millwall,0,1,A,13.0,12.0,3.0,6.0
2526,E1,2025-12-06,Derby,Leicester,1,3,A,18.0,5.0,5.0,4.0
2526,E1,2025-12-06,Ipswich,Coventry,3,0,H,10.0,11.0,6.0,5.0
2526,E1,2025-12-06,Preston,Wrexham,1,1,D,24.0,9.0,7.0,3.0
2526,E1,2025-12-06,QPR,West Brom,3,1,H,9.0,13.0,4.0,5.0
2526,E1,2025-12-06,Sheffield United,Stoke,4,0,H,19.0,7.0,8.0,1.0
2526,E1,2025-12-06,Southampton,Birmingham,3,1,H,18.0,22.0,8.0,4.0
2526,E1,2025-12-06,Swansea,Oxford,2,0,H,15.0,12.0,4.0,4.0
2526,E1,2025-12-06,Watford,Norwich,3,2,H,13.0,15.0,6.0,4.0
2526,F2,2025-12-06,Dunkerque,St Etienne,1,0,H,6.0,13.0,2.0,5.0
2526,F2,2025-12-06,Montpellier,Pau FC,0,1,A,13.0,8.0,5.0,4.0
2526,F2,2025-12-06,Troyes,Rodez,1,1,D,19.0,8.0,6.0,1.0
2526,SP2,2025-12-06,Andorra,Almeria,1,2,A,19.0,17.0,6.0,8.0
2526,SP2,2025-12-06,Huesca,Valladolid,1,4,A,12.0,12.0,6.0,6.0
2526,SP2,2025-12-06,Sociedad B,Sp Gijon,0,1,A,8.0,9.0,1.0,2.0
2526,D2,2025-12-07,Braunschweig,Holstein Kiel,1,1,D,20.0,11.0,3.0,2.0
2526,D2,2025-12-07,Hertha,Magdeburg,0,2,A,19.0,18.0,5.0,5.0
2526,D2,2025-12-07,Nurnberg,Greuther Furth,2,2,D,13.0,9.0,3.0,5.0
2526,I2,2025-12-07,Empoli,Palermo,1,3,A,18.0,15.0,6.0,3.0
2526,I2,2025-12-07,Sampdoria,Carrarese,3,2,H,15.0,7.0,7.0,3.0
2526,SP2,2025-12-07,Cadiz,Santander,2,3,A,15.0,14.0,5.0,8.0
2526,SP2,2025-12-07,Eibar,Cultural Leonesa,1,2,A,22.0,12.0,5.0,3.0
2526,SP2,2025-12-07,Granada,Ceuta,1,1,D,15.0,9.0,3.0,3.0
2526,SP2,2025-12-07,La Coruna,Castellon,1,3,A,6.0,17.0,3.0,5.0
2526,SP2,2025-12-07,Leganes,Cordoba,0,0,D,6.0,15.0,2.0,3.0
2526,F2,2025-12-08,Reims,Laval,4,0,H,11.0,3.0,5.0,0.0
2526,I2,2025-12-08,Avellino,Venezia,1,1,D,2.0,26.0,2.0,10.0
2526,I2,2025-12-08,Bari,Pescara,1,1,D,13.0,15.0,5.0,5.0
2526,I2,2025-12-08,Frosinone,Juve Stabia,3,0,H,18.0,10.0,8.0,0.0
2526,I2,2025-12-08,Mantova,Reggiana,0,1,A,18.0,8.0,5.0,3.0
2526,I2,2025-12-08,Modena,Catanzaro,1,2,A,19.0,8.0,6.0,3.0
2526,I2,2025-12-08,Monza,Sudtirol,1,1,D,11.0,13.0,5.0,3.0
2526,I2,2025-12-08,Padova,Cesena,1,1,D,8.0,16.0,3.0,4.0
2526,I2,2025-12-08,Virtus Entella,Spezia,0,1,A,6.0,14.0,3.0,3.0
2526,SP2,2025-12-08,Burgos,Albacete,0,1,A,13.0,9.0,3.0,2.0
2526,SP2,2025-12-08,Las Palmas,Mirandes,0,0,D,10.0,15.0,3.0,4.0
2526,SP2,2025-12-08,Malaga,Zaragoza,1,1,D,19.0,15.0,7.0,5.0
2526,E1,2025-12-09,Blackburn,Oxford,1,1,D,16.0,6.0,5.0,1.0
2526,E1,2025-12-09,Charlton,Middlesbrough,1,2,A,6.0,13.0,3.0,7.0
2526,E1,2025-12-09,Preston,Coventry,1,1,D,6.0,21.0,2.0,5.0
2526,E1,2025-12-09,QPR,Birmingham,2,1,H,16.0,3.0,3.0,1.0
2526,E1,2025-12-09,Sheffield United,Norwich,1,1,D,17.0,13.0,4.0,6.0
2526,E1,2025-12-09,Southampton,West Brom,3,2,H,8.0,18.0,4.0,7.0
2526,E1,2025-12-09,Swansea,Portsmouth,1,0,H,15.0,10.0,6.0,3.0
2526,E1,2025-12-09,Watford,Sheffield Weds,1,1,D,23.0,4.0,9.0,1.0
2526,E1,2025-12-10,Bristol City,Leicester,2,2,D,21.0,12.0,11.0,5.0
2526,E1,2025-12-10,Derby,Millwall,1,1,D,13.0,12.0,4.0,2.0
2526,E1,2025-12-10,Hull,Wrexham,2,0,H,19.0,8.0,6.0,1.0
2526,E1,2025-12-10,Ipswich,Stoke,1,0,H,16.0,6.0,6.0,1.0
2526,D2,2025-12-12,Dresden,Braunschweig,2,3,A,10.0,17.0,8.0,5.0
2526,D2,2025-12-12,Greuther Furth,Hertha,3,3,D,14.0,17.0,6.0,7.0
2526,E1,2025-12-12,West Brom,Sheffield United,2,0,H,16.0,11.0,5.0,3.0
2526,F2,2025-12-12,Annecy,Le Mans,1,2,A,7.0,7.0,2.0,3.0
2526,F2,2025-12-12,Laval,Dunkerque,1,2,A,4.0,10.0,3.0,5.0
2526,F2,2025-12-12,Nancy,Clermont,1,0,H,20.0,16.0,6.0,3.0
2526,F2,2025-12-12,Pau FC,Amiens,1,2,A,16.0,9.0,4.0,6.0
2526,F2,2025-12-12,Rodez,Guingamp,2,1,H,16.0,13.0,5.0,3.0
2526,I2,2025-12-12,Palermo,Sampdoria,1,0,H,15.0,7.0,5.0,1.0
2526,SP2,2025-12-12,Cultural Leonesa,Huesca,0,2,A,17.0,8.0,7.0,4.0
2526,D2,2025-12-13,Bielefeld,Kaiserslautern,0,0,D,16.0,4.0,3.0,1.0
2526,D2,2025-12-13,Hannover,Bochum,0,0,D,20.0,8.0,7.0,3.0
2526,D2,2025-12-13,Karlsruhe,Paderborn,0,4,A,6.0,27.0,1.0,11.0
2526,D2,2025-12-13,Magdeburg,Holstein Kiel,3,3,D,18.0,14.0,8.0,6.0
2526,E1,2025-12-13,Birmingham,Charlton,1,1,D,24.0,7.0,5.0,1.0
2526,E1,2025-12-13,Coventry,Bristol City,1,0,H,21.0,15.0,4.0,8.0
2526,E1,2025-12-13,Leicester,Ipswich,3,1,H,11.0,13.0,4.0,2.0
2526,E1,2025-12-13,Middlesbrough,QPR,3,1,H,18.0,13.0,7.0,5.0
2526,E1,2025-12-13,Millwall,Hull,1,3,A,11.0,10.0,6.0,6.0
2526,E1,2025-12-13,Norwich,Southampton,2,1,H,16.0,12.0,5.0,4.0
2526,E1,2025-12-13,Oxford,Preston,1,2,A,24.0,8.0,8.0,2.0
2526,E1,2025-12-13,Portsmouth,Blackburn,2,1,H,18.0,11.0,7.0,2.0
2526,E1,2025-12-13,Stoke,Swansea,2,1,H,8.0,14.0,5.0,6.0
2526,E1,2025-12-13,Wrexham,Watford,2,2,D,16.0,12.0,3.0,3.0
2526,F2,2025-12-13,Grenoble,Montpellier,1,1,D,14.0,11.0,5.0,5.0
2526,F2,2025-12-13,Red Star,Reims,0,0,D,5.0,13.0,2.0,4.0
2526,F2,2025-12-13,St Etienne,Bastia,2,2,D,16.0,6.0,10.0,2.0
2526,I2,2025-12-13,Catanzaro,Avellino,1,0,H,14.0,6.0,3.0,2.0
2526,I2,2025-12-13,Cesena,Mantova,3,2,H,20.0,15.0,8.0,7.0
2526,I2,2025-12-13,Juve Stabia,Empoli,2,0,H,8.0,10.0,5.0,1.0
2526,I2,2025-12-13,Reggiana,Padova,1,2,A,13.0,10.0,4.0,5.0
2526,I2,2025-12-13,Spezia,Modena,0,2,A,7.0,28.0,3.0,10.0
2526,I2,2025-12-13,Sudtirol,Bari,0,0,D,8.0,14.0,3.0,3.0
2526,I2,2025-12-13,Venezia,Monza,2,0,H,15.0,10.0,5.0,1.0
2526,SP2,2025-12-13,Cordoba,Eibar,0,0,D,13.0,0.0,2.0,0.0
2526,SP2,2025-12-13,La Coruna,Sociedad B,0,3,A,17.0,10.0,9.0,3.0
2526,SP2,2025-12-13,Santander,Leganes,1,1,D,17.0,15.0,7.0,4.0
2526,SP2,2025-12-13,Sp Gijon,Granada,1,0,H,15.0,7.0,5.0,2.0
2526,SP2,2025-12-13,Valladolid,Andorra,0,1,A,17.0,9.0,5.0,2.0
2526,SP2,2025-12-13,Zaragoza,Cadiz,1,2,A,15.0,9.0,1.0,6.0
2526,D2,2025-12-14,Darmstadt,Preußen Münster,1,0,H,15.0,15.0,4.0,1.0
2526,D2,2025-12-14,Elversberg,Fortuna Dusseldorf,1,0,H,15.0,17.0,3.0,5.0
2526,D2,2025-12-14,Schalke 04,Nurnberg,1,0,H,7.0,5.0,3.0,3.0
2526,I2,2025-12-14,Carrarese,Virtus Entella,3,1,H,15.0,10.0,5.0,2.0
2526,I2,2025-12-14,Pescara,Frosinone,1,2,A,20.0,12.0,9.0,8.0
2526,SP2,2025-12-14,Albacete,Malaga,1,3,A,11.0,12.0,5.0,5.0
2526,SP2,2025-12-14,Almeria,Burgos,1,2,A,10.0,7.0,4.0,2.0
2526,SP2,2025-12-14,Ceuta,Las Palmas,1,1,D,15.0,8.0,4.0,2.0
2526,E1,2025-12-15,Sheffield Weds,Derby,0,3,A,3.0,15.0,1.0,7.0
2526,F2,2025-12-15,Boulogne,Troyes,1,2,A,8.0,11.0,2.0,2.0
2526,SP2,2025-12-15,Castellon,Mirandes,3,1,H,17.0,10.0,6.0,2.0
2526,D2,2025-12-19,Hertha,Bielefeld,1,1,D,10.0,11.0,2.0,6.0
2526,D2,2025-12-19,Paderborn,Darmstadt,2,2,D,18.0,9.0,7.0,2.0
2526,E1,2025-12-19,Swansea,Wrexham,2,1,H,22.0,5.0,5.0,1.0
2526,I2,2025-12-19,Bari,Catanzaro,1,2,A,9.0,12.0,3.0,4.0
2526,SP2,2025-12-19,Eibar,Valladolid,3,0,H,9.0,6.0,4.0,2.0
2526,D2,2025-12-20,Bochum,Karlsruhe,2,2,D,11.0,11.0,4.0,6.0
2526,D2,2025-12-20,Fortuna Dusseldorf,Greuther Furth,2,1,H,15.0,10.0,7.0,3.0
2526,D2,2025-12-20,Holstein Kiel,Dresden,2,1,H,12.0,19.0,4.0,8.0
2526,D2,2025-12-20,Kaiserslautern,Magdeburg,2,3,A,15.0,20.0,4.0,10.0
2526,E1,2025-12-20,Blackburn,Millwall,2,0,H,11.0,10.0,5.0,3.0
2526,E1,2025-12-20,Bristol City,Middlesbrough,2,0,H,13.0,28.0,8.0,3.0
2526,E1,2025-12-20,Charlton,Oxford,1,0,H,13.0,12.0,4.0,1.0
2526,E1,2025-12-20,Derby,Portsmouth,1,1,D,12.0,4.0,6.0,1.0
2526,E1,2025-12-20,Hull,West Brom,1,0,H,10.0,13.0,1.0,1.0
2526,E1,2025-12-20,Ipswich,Sheffield Weds,3,1,H,20.0,11.0,8.0,3.0
2526,E1,2025-12-20,Preston,Norwich,1,1,D,11.0,8.0,4.0,1.0
2526,E1,2025-12-20,QPR,Leicester,4,1,H,12.0,9.0,6.0,2.0
2526,E1,2025-12-20,Sheffield United,Birmingham,3,0,H,20.0,7.0,9.0,1.0
2526,E1,2025-12-20,Southampton,Coventry,1,1,D,23.0,8.0,7.0,4.0
2526,E1,2025-12-20,Watford,Stoke,1,0,H,10.0,7.0,5.0,1.0
2526,I2,2025-12-20,Avellino,Palermo,2,2,D,12.0,14.0,9.0,3.0
2526,I2,2025-12-20,Cesena,Juve Stabia,1,1,D,8.0,9.0,4.0,4.0
2526,I2,2025-12-20,Frosinone,Spezia,2,1,H,22.0,16.0,8.0,6.0
2526,I2,2025-12-20,Modena,Venezia,1,2,A,10.0,18.0,2.0,8.0
2526,I2,2025-12-20,Monza,Carrarese,4,1,H,15.0,9.0,12.0,4.0
2526,I2,2025-12-20,Padova,Sampdoria,1,1,D,12.0,12.0,2.0,5.0
2526,I2,2025-12-20,Pescara,Reggiana,2,1,H,19.0,8.0,10.0,4.0
2526,SP2,2025-12-20,Andorra,La Coruna,1,0,H,12.0,10.0,4.0,1.0
2526,SP2,2025-12-20,Huesca,Santander,1,1,D,15.0,10.0,3.0,3.0
2526,SP2,2025-12-20,Las Palmas,Cultural Leonesa,4,0,H,10.0,13.0,4.0,3.0
2526,SP2,2025-12-20,Leganes,Sp Gijon,0,1,A,11.0,11.0,4.0,5.0
2526,D2,2025-12-21,Braunschweig,Schalke 04,2,1,H,13.0,10.0,5.0,3.0
2526,D2,2025-12-21,Nurnberg,Hannover,2,1,H,10.0,15.0,5.0,8.0
2526,D2,2025-12-21,Preußen Münster,Elversberg,1,1,D,19.0,10.0,7.0,5.0
2526,I2,2025-12-21,Mantova,Empoli,0,1,A,15.0,6.0,3.0,2.0
2526,I2,2025-12-21,Virtus Entella,Sudtirol,1,1,D,9.0,8.0,4.0,2.0
2526,SP2,2025-12-21,Burgos,Zaragoza,1,1,D,9.0,17.0,4.0,6.0
2526,SP2,2025-12-21,Cadiz,Castellon,2,0,H,10.0,18.0,4.0,2.0
2526,SP2,2025-12-21,Granada,Albacete,1,1,D,18.0,13.0,5.0,4.0
2526,SP2,2025-12-21,Malaga,Almeria,2,1,H,15.0,14.0,7.0,5.0
2526,SP2,2025-12-21,Mirandes,Cordoba,1,2,A,9.0,16.0,2.0,6.0
2526,SP2,2025-12-21,Sociedad B,Ceuta,1,3,A,8.0,19.0,5.0,7.0
2526,E1,2025-12-26,Birmingham,Derby,1,1,D,25.0,5.0,9.0,1.0
2526,E1,2025-12-26,Coventry,Swansea,1,0,H,16.0,11.0,7.0,2.0
2526,E1,2025-12-26,Leicester,Watford,1,2,A,9.0,13.0,2.0,3.0
2526,E1,2025-12-26,Middlesbrough,Blackburn,0,0,D,10.0,13.0,2.0,2.0
2526,E1,2025-12-26,Millwall,Ipswich,0,0,D,11.0,16.0,6.0,4.0
2526,E1,2025-12-26,Norwich,Charlton,1,0,H,14.0,4.0,5.0,0.0
2526,E1,2025-12-26,Oxford,Southampton,2,1,H,17.0,19.0,6.0,5.0
2526,E1,2025-12-26,Portsmouth,QPR,1,1,D,8.0,8.0,2.0,3.0
2526,E1,2025-12-26,Sheffield Weds,Hull,2,2,D,12.0,14.0,3.0,6.0
2526,E1,2025-12-26,Stoke,Preston,0,0,D,14.0,8.0,3.0,4.0
2526,E1,2025-12-26,West Brom,Bristol City,1,2,A,16.0,6.0,4.0,3.0
2526,E1,2025-12-26,Wrexham,Sheffield United,5,3,H,18.0,13.0,8.0,7.0
2526,I2,2025-12-26,Modena,Monza,1,2,A,12.0,14.0,7.0,6.0
2526,I2,2025-12-27,Bari,Avellino,1,1,D,10.0,11.0,4.0,4.0
2526,I2,2025-12-27,Carrarese,Mantova,0,0,D,18.0,7.0,4.0,1.0
2526,I2,2025-12-27,Catanzaro,Cesena,2,0,H,14.0,9.0,6.0,1.0
2526,I2,2025-12-27,Empoli,Frosinone,1,1,D,13.0,15.0,6.0,3.0
2526,I2,2025-12-27,Juve Stabia,Sudtirol,1,0,H,10.0,14.0,3.0,4.0
2526,I2,2025-12-27,Palermo,Padova,1,0,H,11.0,11.0,3.0,6.0
2526,I2,2025-12-27,Sampdoria,Reggiana,2,1,H,15.0,6.0,4.0,3.0
2526,I2,2025-12-27,Spezia,Pescara,2,1,H,12.0,13.0,6.0,5.0
2526,I2,2025-12-27,Venezia,Virtus Entella,1,0,H,14.0,8.0,4.0,3.0
2526,E1,2025-12-29,Birmingham,Southampton,1,1,D,20.0,13.0,4.0,5.0
2526,E1,2025-12-29,Coventry,Ipswich,0,2,A,10.0,18.0,3.0,7.0
2526,E1,2025-12-29,Leicester,Derby,2,1,H,8.0,9.0,2.0,2.0
2526,E1,2025-12-29,Middlesbrough,Hull,0,1,A,23.0,4.0,5.0,1.0
2526,E1,2025-12-29,Millwall,Bristol City,2,1,H,8.0,16.0,2.0,3.0
2526,E1,2025-12-29,Norwich,Watford,0,1,A,9.0,8.0,1.0,2.0
2526,E1,2025-12-29,Oxford,Swansea,0,1,A,11.0,10.0,2.0,5.0
2526,E1,2025-12-29,Portsmouth,Charlton,2,1,H,15.0,16.0,5.0,4.0
2526,E1,2025-12-29,Sheffield Weds,Blackburn,0,0,D,5.0,14.0,0.0,2.0
2526,E1,2025-12-29,Stoke,Sheffield United,1,2,A,7.0,15.0,3.0,4.0
2526,E1,2025-12-29,West Brom,QPR,2,1,H,12.0,3.0,4.0,0.0
2526,E1,2025-12-29,Wrexham,Preston,2,1,H,14.0,13.0,6.0,4.0
2526,E1,2026-01-01,Blackburn,Wrexham,0,2,A,12.0,7.0,1.0,3.0
2526,E1,2026-01-01,Bristol City,Portsmouth,5,0,H,14.0,5.0,7.0,2.0
2526,E1,2026-01-01,Charlton,Coventry,1,1,D,15.0,20.0,3.0,7.0
2526,E1,2026-01-01,Derby,Middlesbrough,1,0,H,7.0,19.0,3.0,5.0
2526,E1,2026-01-01,Hull,Stoke,0,1,A,15.0,12.0,1.0,6.0
2526,E1,2026-01-01,Ipswich,Oxford,2,1,H,19.0,8.0,6.0,1.0
2526,E1,2026-01-01,Preston,Sheffield Weds,3,0,H,12.0,6.0,7.0,1.0
2526,E1,2026-01-01,QPR,Norwich,1,2,A,10.0,11.0,2.0,5.0
2526,E1,2026-01-01,Sheffield United,Leicester,3,1,H,13.0,6.0,5.0,1.0
2526,E1,2026-01-01,Southampton,Millwall,0,0,D,12.0,12.0,2.0,3.0
2526,E1,2026-01-01,Swansea,West Brom,1,0,H,13.0,12.0,3.0,7.0
2526,E1,2026-01-01,Watford,Birmingham,3,0,H,13.0,6.0,6.0,2.0
2526,SP2,2026-01-02,Eibar,Mirandes,2,1,H,14.0,10.0,4.0,2.0
2526,F2,2026-01-03,Amiens,Nancy,1,2,A,14.0,9.0,5.0,6.0
2526,F2,2026-01-03,Bastia,Grenoble,1,0,H,11.0,17.0,4.0,6.0
2526,F2,2026-01-03,Clermont,Laval,4,1,H,13.0,8.0,7.0,1.0
2526,F2,2026-01-03,Guingamp,Boulogne,3,0,H,18.0,8.0,7.0,2.0
2526,F2,2026-01-03,Le Mans,St Etienne,0,0,D,10.0,13.0,4.0,3.0
2526,F2,2026-01-03,Pau FC,Rodez,3,3,D,24.0,5.0,12.0,3.0
2526,F2,2026-01-03,Reims,Annecy,2,1,H,7.0,10.0,4.0,1.0
2526,F2,2026-01-03,Troyes,Red Star,1,0,H,18.0,14.0,6.0,1.0
2526,SP2,2026-01-03,Almeria,Granada,3,2,H,12.0,18.0,7.0,5.0
2526,SP2,2026-01-03,Castellon,Huesca,4,1,H,13.0,12.0,8.0,6.0
2526,SP2,2026-01-03,Cordoba,Burgos,2,0,H,14.0,14.0,6.0,4.0
2526,SP2,2026-01-03,Cultural Leonesa,Sociedad B,1,1,D,9.0,15.0,1.0,4.0
2526,SP2,2026-01-03,Valladolid,Santander,1,1,D,8.0,5.0,1.0,2.0
2526,E1,2026-01-04,Birmingham,Coventry,3,2,H,9.0,17.0,4.0,6.0
2526,E1,2026-01-04,Blackburn,Charlton,2,2,D,17.0,11.0,5.0,4.0
2526,E1,2026-01-04,Bristol City,Preston,0,2,A,11.0,12.0,2.0,3.0
2526,E1,2026-01-04,Derby,Wrexham,1,2,A,13.0,11.0,5.0,3.0
2526,E1,2026-01-04,Middlesbrough,Southampton,4,0,H,22.0,16.0,5.0,5.0
2526,E1,2026-01-04,Millwall,Swansea,2,1,H,17.0,13.0,9.0,7.0
2526,E1,2026-01-04,Norwich,Stoke,0,2,A,7.0,14.0,1.0,4.0
2526,E1,2026-01-04,QPR,Sheffield Weds,3,0,H,13.0,4.0,7.0,2.0
2526,SP2,2026-01-04,Albacete,Leganes,1,3,A,15.0,12.0,4.0,5.0
2526,SP2,2026-01-04,Ceuta,Andorra,2,1,H,8.0,12.0,5.0,8.0
2526,SP2,2026-01-04,La Coruna,Cadiz,2,2,D,19.0,12.0,5.0,2.0
2526,SP2,2026-01-04,Sp Gijon,Malaga,1,3,A,14.0,13.0,3.0,7.0
2526,SP2,2026-01-04,Zaragoza,Las Palmas,1,2,A,8.0,12.0,2.0,5.0
2526,E1,2026-01-05,Leicester,West Brom,2,1,H,11.0,16.0,3.0,8.0
2526,F2,2026-01-05,Montpellier,Dunkerque,1,3,A,10.0,16.0,4.0,11.0
2526,SP2,2026-01-09,Cadiz,Sp Gijon,3,2,H,10.0,26.0,5.0,10.0
2526,I2,2026-01-10,Avellino,Sampdoria,2,1,H,7.0,21.0,3.0,5.0
2526,I2,2026-01-10,Carrarese,Bari,1,0,H,16.0,11.0,6.0,4.0
2526,I2,2026-01-10,Cesena,Empoli,0,1,A,17.0,11.0,6.0,4.0
2526,I2,2026-01-10,Frosinone,Catanzaro,2,0,H,17.0,13.0,5.0,4.0
2526,I2,2026-01-10,Juve Stabia,Pescara,2,2,D,18.0,15.0,5.0,7.0
2526,I2,2026-01-10,Reggiana,Venezia,1,3,A,13.0,12.0,6.0,5.0
2526,I2,2026-01-10,Sudtirol,Spezia,2,1,H,10.0,12.0,4.0,3.0
2526,I2,2026-01-10,Virtus Entella,Monza,1,0,H,12.0,16.0,4.0,5.0
2526,SP2,2026-01-10,Andorra,Cultural Leonesa,1,1,D,18.0,2.0,5.0,2.0
2526,SP2,2026-01-10,Burgos,Eibar,1,0,H,11.0,9.0,4.0,2.0
2526,SP2,2026-01-10,Las Palmas,La Coruna,1,1,D,14.0,7.0,6.0,3.0
2526,SP2,2026-01-10,Mirandes,Almeria,2,2,D,9.0,18.0,3.0,7.0
2526,SP2,2026-01-10,Santander,Zaragoza,2,3,A,24.0,9.0,6.0,8.0
2526,SP2,2026-01-10,Sociedad B,Albacete,0,0,D,13.0,20.0,3.0,6.0
2526,I2,2026-01-11,Mantova,Palermo,1,1,D,7.0,18.0,2.0,6.0
2526,I2,2026-01-11,Padova,Modena,2,0,H,8.0,32.0,6.0,6.0
2526,SP2,2026-01-11,Granada,Castellon,0,0,D,11.0,8.0,4.0,3.0
2526,SP2,2026-01-11,Leganes,Valladolid,3,0,H,12.0,12.0,4.0,2.0
2526,SP2,2026-01-11,Malaga,Ceuta,2,1,H,18.0,3.0,8.0,2.0
2526,SP2,2026-01-12,Huesca,Cordoba,1,2,A,11.0,14.0,1.0,5.0
2526,D2,2026-01-16,Braunschweig,Magdeburg,0,3,A,6.0,21.0,2.0,8.0
2526,D2,2026-01-16,Fortuna Dusseldorf,Bielefeld,1,0,H,12.0,6.0,3.0,1.0
2526,E1,2026-01-16,West Brom,Middlesbrough,2,3,A,12.0,9.0,6.0,5.0
2526,F2,2026-01-16,Annecy,Amiens,2,0,H,10.0,11.0,2.0,5.0
2526,F2,2026-01-16,Boulogne,Montpellier,1,0,H,6.0,7.0,1.0,2.0
2526,F2,2026-01-16,Dunkerque,Pau FC,3,1,H,7.0,15.0,3.0,3.0
2526,F2,2026-01-16,Laval,Bastia,0,2,A,4.0,11.0,2.0,5.0
2526,F2,2026-01-16,Rodez,Le Mans,1,1,D,5.0,10.0,1.0,4.0
2526,I2,2026-01-16,Sampdoria,Virtus Entella,1,1,D,10.0,7.0,4.0,2.0
2526,SP2,2026-01-16,Castellon,Leganes,2,0,H,14.0,6.0,4.0,1.0
2526,D2,2026-01-17,Dresden,Greuther Furth,2,0,H,12.0,9.0,4.0,0.0
2526,D2,2026-01-17,Hertha,Schalke 04,0,0,D,11.0,6.0,6.0,0.0
2526,D2,2026-01-17,Nurnberg,Elversberg,3,2,H,27.0,13.0,12.0,7.0
2526,D2,2026-01-17,Preußen Münster,Karlsruhe,0,2,A,16.0,14.0,7.0,2.0
2526,E1,2026-01-17,Charlton,Sheffield United,1,0,H,12.0,11.0,4.0,2.0
2526,E1,2026-01-17,Coventry,Leicester,2,1,H,19.0,14.0,6.0,6.0
2526,E1,2026-01-17,Ipswich,Blackburn,3,0,H,17.0,10.0,7.0,0.0
2526,E1,2026-01-17,Oxford,Bristol City,0,0,D,9.0,6.0,3.0,1.0
2526,E1,2026-01-17,Preston,Derby,0,1,A,13.0,18.0,2.0,4.0
2526,E1,2026-01-17,Sheffield Weds,Portsmouth,0,1,A,7.0,12.0,1.0,3.0
2526,E1,2026-01-17,Southampton,Hull,1,2,A,22.0,9.0,7.0,3.0
2526,E1,2026-01-17,Stoke,QPR,0,0,D,12.0,7.0,3.0,2.0
2526,E1,2026-01-17,Swansea,Birmingham,1,1,D,19.0,12.0,4.0,1.0
2526,E1,2026-01-17,Watford,Millwall,0,2,A,9.0,13.0,3.0,4.0
2526,E1,2026-01-17,Wrexham,Norwich,1,2,A,17.0,7.0,3.0,3.0
2526,F2,2026-01-17,Grenoble,Red Star,0,3,A,6.0,6.0,3.0,5.0
2526,F2,2026-01-17,St Etienne,Clermont,1,0,H,17.0,12.0,6.0,5.0
2526,F2,2026-01-17,Troyes,Reims,2,1,H,12.0,15.0,3.0,4.0
2526,I2,2026-01-17,Avellino,Carrarese,1,2,A,13.0,12.0,5.0,6.0
2526,I2,2026-01-17,Bari,Juve Stabia,0,1,A,6.0,17.0,0.0,6.0
2526,I2,2026-01-17,Empoli,Sudtirol,0,1,A,9.0,6.0,3.0,2.0
2526,I2,2026-01-17,Monza,Frosinone,2,2,D,18.0,9.0,3.0,4.0
2526,I2,2026-01-17,Padova,Mantova,1,2,A,20.0,16.0,7.0,5.0
2526,I2,2026-01-17,Reggiana,Cesena,1,2,A,18.0,9.0,5.0,5.0
2526,I2,2026-01-17,Venezia,Catanzaro,3,1,H,23.0,5.0,6.0,3.0
2526,SP2,2026-01-17,Almeria,La Coruna,1,2,A,12.0,21.0,3.0,6.0
2526,SP2,2026-01-17,Ceuta,Valladolid,0,3,A,21.0,12.0,6.0,6.0
2526,SP2,2026-01-17,Cultural Leonesa,Sp Gijon,2,4,A,17.0,6.0,8.0,5.0
2526,SP2,2026-01-17,Zaragoza,Sociedad B,1,1,D,16.0,27.0,1.0,7.0
2526,D2,2026-01-18,Bochum,Darmstadt,3,3,D,20.0,8.0,6.0,3.0
2526,D2,2026-01-18,Holstein Kiel,Paderborn,2,0,H,7.0,18.0,3.0,6.0
2526,D2,2026-01-18,Kaiserslautern,Hannover,3,1,H,16.0,11.0,8.0,2.0
2526,I2,2026-01-18,Palermo,Spezia,1,0,H,15.0,14.0,4.0,3.0
2526,I2,2026-01-18,Pescara,Modena,0,2,A,13.0,11.0,2.0,6.0
2526,SP2,2026-01-18,Albacete,Cadiz,1,0,H,14.0,9.0,2.0,3.0
2526,SP2,2026-01-18,Burgos,Huesca,1,0,H,13.0,13.0,4.0,1.0
2526,SP2,2026-01-18,Cordoba,Malaga,0,1,A,19.0,8.0,7.0,5.0
2526,SP2,2026-01-18,Mirandes,Andorra,1,2,A,16.0,14.0,5.0,3.0
2526,SP2,2026-01-18,Santander,Las Palmas,4,1,H,17.0,13.0,7.0,5.0
2526,F2,2026-01-19,Nancy,Guingamp,0,3,A,6.0,6.0,0.0,4.0
2526,SP2,2026-01-19,Granada,Eibar,0,0,D,16.0,4.0,3.0,0.0
2526,E1,2026-01-20,Charlton,Derby,1,2,A,11.0,15.0,4.0,5.0
2526,E1,2026-01-20,Coventry,Millwall,2,1,H,15.0,14.0,4.0,4.0
2526,E1,2026-01-20,Ipswich,Bristol City,2,0,H,11.0,8.0,3.0,3.0
2526,E1,2026-01-20,Oxford,QPR,0,0,D,9.0,14.0,1.0,2.0
2526,E1,2026-01-20,Preston,Hull,0,3,A,17.0,17.0,5.0,9.0
2526,E1,2026-01-20,Sheffield Weds,Birmingham,0,2,A,7.0,22.0,1.0,7.0
2526,E1,2026-01-20,Swansea,Blackburn,3,1,H,14.0,5.0,4.0,2.0
2526,E1,2026-01-20,West Brom,Norwich,0,5,A,13.0,9.0,2.0,7.0
2526,E1,2026-01-20,Wrexham,Leicester,1,1,D,16.0,5.0,3.0,4.0
2526,E1,2026-01-21,Southampton,Sheffield United,1,0,H,15.0,16.0,3.0,4.0
2526,E1,2026-01-21,Stoke,Middlesbrough,1,2,A,10.0,16.0,4.0,7.0
2526,E1,2026-01-21,Watford,Portsmouth,1,1,D,15.0,10.0,4.0,2.0
2526,D2,2026-01-23,Bielefeld,Holstein Kiel,2,2,D,14.0,8.0,5.0,1.0
2526,D2,2026-01-23,Darmstadt,Nurnberg,2,0,H,10.0,18.0,5.0,5.0
2526,E1,2026-01-23,Derby,West Brom,1,1,D,5.0,12.0,1.0,4.0
2526,F2,2026-01-23,Amiens,Laval,0,0,D,8.0,11.0,3.0,2.0
2526,F2,2026-01-23,Annecy,Clermont,2,1,H,11.0,8.0,7.0,1.0
2526,F2,2026-01-23,Bastia,Montpellier,0,2,A,15.0,9.0,4.0,5.0
2526,F2,2026-01-23,Nancy,Rodez,1,3,A,21.0,8.0,7.0,4.0
2526,F2,2026-01-23,Pau FC,Grenoble,2,2,D,19.0,11.0,5.0,5.0
2526,I2,2026-01-23,Carrarese,Empoli,3,0,H,11.0,11.0,6.0,4.0
2526,SP2,2026-01-23,Malaga,Burgos,3,0,H,12.0,14.0,7.0,2.0
2526,D2,2026-01-24,Greuther Furth,Braunschweig,0,0,D,4.0,19.0,0.0,2.0
2526,D2,2026-01-24,Hannover,Fortuna Dusseldorf,2,1,H,10.0,7.0,4.0,2.0
2526,D2,2026-01-24,Karlsruhe,Hertha,2,2,D,14.0,18.0,6.0,6.0
2526,D2,2026-01-24,Magdeburg,Dresden,1,2,A,21.0,13.0,5.0,3.0
2526,E1,2026-01-24,Birmingham,Stoke,1,1,D,18.0,7.0,5.0,1.0
2526,E1,2026-01-24,Blackburn,Watford,1,1,D,7.0,14.0,3.0,4.0
2526,E1,2026-01-24,Bristol City,Sheffield Weds,2,0,H,16.0,3.0,7.0,0.0
2526,E1,2026-01-24,Hull,Swansea,2,1,H,10.0,16.0,7.0,4.0
2526,E1,2026-01-24,Leicester,Oxford,1,2,A,13.0,8.0,4.0,2.0
2526,E1,2026-01-24,Middlesbrough,Preston,4,0,H,16.0,4.0,8.0,1.0
2526,E1,2026-01-24,Millwall,Charlton,4,0,H,23.0,3.0,6.0,1.0
2526,E1,2026-01-24,QPR,Wrexham,2,3,A,13.0,11.0,3.0,7.0
2526,E1,2026-01-24,Sheffield United,Ipswich,3,1,H,15.0,11.0,8.0,5.0
2526,F2,2026-01-24,Guingamp,Troyes,1,0,H,13.0,9.0,1.0,0.0
2526,F2,2026-01-24,Red Star,Boulogne,2,2,D,9.0,12.0,5.0,5.0
2526,F2,2026-01-24,Reims,St Etienne,1,0,H,12.0,15.0,3.0,5.0
2526,I2,2026-01-24,Cesena,Bari,1,2,A,16.0,6.0,8.0,4.0
2526,I2,2026-01-24,Frosinone,Reggiana,1,0,H,15.0,11.0,3.0,3.0
2526,I2,2026-01-24,Juve Stabia,Virtus Entella,1,0,H,14.0,9.0,8.0,2.0
2526,I2,2026-01-24,Mantova,Venezia,2,5,A,8.0,21.0,4.0,11.0
2526,I2,2026-01-24,Modena,Palermo,0,0,D,9.0,3.0,1.0,2.0
2526,I2,2026-01-24,Monza,Pescara,3,0,H,9.0,20.0,5.0,5.0
2526,I2,2026-01-24,Spezia,Avellino,1,0,H,12.0,11.0,1.0,1.0
2526,SP2,2026-01-24,Cadiz,Granada,1,2,A,17.0,13.0,5.0,2.0
2526,SP2,2026-01-24,Las Palmas,Cordoba,1,2,A,14.0,14.0,6.0,8.0
2526,SP2,2026-01-24,Leganes,Sociedad B,2,0,H,20.0,9.0,7.0,4.0
2526,SP2,2026-01-24,Sp Gijon,Mirandes,3,0,H,16.0,11.0,6.0,2.0
2526,SP2,2026-01-24,Valladolid,Albacete,0,1,A,7.0,13.0,0.0,3.0
2526,D2,2026-01-25,Elversberg,Bochum,1,1,D,22.0,7.0,6.0,3.0
2526,D2,2026-01-25,Paderborn,Preußen Münster,2,1,H,28.0,8.0,8.0,2.0
2526,D2,2026-01-25,Schalke 04,Kaiserslautern,2,2,D,17.0,8.0,5.0,3.0
2526,E1,2026-01-25,Portsmouth,Southampton,1,1,D,14.0,6.0,3.0,4.0
2526,I2,2026-01-25,Catanzaro,Sampdoria,0,0,D,13.0,14.0,3.0,6.0
2526,I2,2026-01-25,Sudtirol,Padova,3,0,H,22.0,13.0,7.0,4.0
2526,SP2,2026-01-25,Andorra,Huesca,1,1,D,19.0,6.0,5.0,1.0
2526,SP2,2026-01-25,Eibar,Almeria,1,0,H,17.0,15.0,6.0,4.0
2526,SP2,2026-01-25,La Coruna,Santander,0,1,A,9.0,9.0,1.0,1.0
2526,SP2,2026-01-25,Zaragoza,Castellon,0,0,D,6.0,14.0,0.0,3.0
2526,E1,2026-01-26,Norwich,Coventry,2,1,H,16.0,16.0,5.0,5.0
2526,F2,2026-01-26,Le Mans,Dunkerque,1,0,H,10.0,14.0,4.0,3.0
2526,SP2,2026-01-26,Ceuta,Cultural Leonesa,3,1,H,18.0,14.0,10.0,6.0
2526,D2,2026-01-30,Magdeburg,Hannover,1,2,A,13.0,12.0,4.0,3.0
2526,D2,2026-01-30,Nurnberg,Preußen Münster,1,1,D,17.0,10.0,5.0,4.0
2526,E1,2026-01-30,Bristol City,Derby,0,5,A,7.0,17.0,1.0,7.0
2526,F2,2026-01-30,Bastia,Nancy,0,0,D,12.0,8.0,2.0,1.0
2526,F2,2026-01-30,Clermont,Reims,0,1,A,8.0,10.0,1.0,6.0
2526,F2,2026-01-30,Grenoble,Amiens,2,1,H,19.0,14.0,7.0,3.0
2526,F2,2026-01-30,Laval,Pau FC,0,1,A,9.0,6.0,1.0,2.0
2526,F2,2026-01-30,Montpellier,Guingamp,3,1,H,12.0,9.0,7.0,2.0
2526,F2,2026-01-30,Rodez,Red Star,1,1,D,8.0,10.0,4.0,4.0
2526,I2,2026-01-30,Bari,Palermo,0,3,A,7.0,22.0,1.0,5.0
2526,SP2,2026-01-30,Sociedad B,Las Palmas,1,1,D,12.0,11.0,5.0,4.0
2526,D2,2026-01-31,Bochum,Schalke 04,2,0,H,10.0,12.0,6.0,2.0
2526,D2,2026-01-31,Braunschweig,Karlsruhe,1,0,H,14.0,9.0,5.0,0.0
2526,D2,2026-01-31,Holstein Kiel,Greuther Furth,1,2,A,13.0,5.0,3.0,2.0
2526,D2,2026-01-31,Kaiserslautern,Elversberg,1,3,A,6.0,18.0,1.0,9.0
2526,E1,2026-01-31,Blackburn,Hull,0,1,A,9.0,12.0,3.0,4.0
2526,E1,2026-01-31,Ipswich,Preston,1,1,D,16.0,11.0,5.0,4.0
2526,E1,2026-01-31,Leicester,Charlton,0,2,A,21.0,9.0,1.0,5.0
2526,E1,2026-01-31,Middlesbrough,Norwich,1,0,H,9.0,8.0,5.0,3.0
2526,E1,2026-01-31,Millwall,Sheffield United,1,1,D,14.0,12.0,6.0,6.0
2526,E1,2026-01-31,Oxford,Birmingham,0,2,A,10.0,11.0,4.0,2.0
2526,E1,2026-01-31,Portsmouth,West Brom,3,0,H,20.0,4.0,6.0,1.0
2526,E1,2026-01-31,QPR,Coventry,2,1,H,15.0,9.0,8.0,2.0
2526,E1,2026-01-31,Sheffield Weds,Wrexham,0,1,A,5.0,12.0,2.0,4.0
2526,E1,2026-01-31,Stoke,Southampton,0,2,A,10.0,11.0,3.0,4.0
2526,E1,2026-01-31,Watford,Swansea,0,2,A,17.0,14.0,5.0,7.0
2526,F2,2026-01-31,Dunkerque,Annecy,0,1,A,8.0,8.0,2.0,3.0
2526,F2,2026-01-31,St Etienne,Boulogne,0,1,A,4.0,18.0,0.0,6.0
2526,F2,2026-01-31,Troyes,Le Mans,0,2,A,12.0,5.0,2.0,3.0
2526,I2,2026-01-31,Avellino,Cesena,3,1,H,11.0,11.0,5.0,5.0
2526,I2,2026-01-31,Empoli,Modena,0,0,D,9.0,13.0,3.0,3.0
2526,I2,2026-01-31,Pescara,Mantova,2,2,D,12.0,14.0,4.0,6.0
2526,I2,2026-01-31,Sampdoria,Spezia,1,0,H,10.0,11.0,4.0,3.0
2526,I2,2026-01-31,Sudtirol,Catanzaro,2,1,H,8.0,21.0,4.0,7.0
2526,I2,2026-01-31,Venezia,Carrarese,2,1,H,17.0,7.0,5.0,3.0
2526,I2,2026-01-31,Virtus Entella,Frosinone,1,1,D,16.0,11.0,5.0,3.0
2526,SP2,2026-01-31,Albacete,Zaragoza,2,0,H,10.0,8.0,4.0,3.0
2526,SP2,2026-01-31,Burgos,Leganes,2,1,H,8.0,11.0,4.0,4.0
2526,SP2,2026-01-31,Cordoba,Valladolid,3,1,H,19.0,9.0,9.0,4.0
2526,SP2,2026-01-31,Cultural Leonesa,La Coruna,0,1,A,13.0,16.0,2.0,5.0
2526,D2,2026-02-01,Dresden,Bielefeld,1,1,D,12.0,17.0,5.0,6.0
2526,D2,2026-02-01,Fortuna Dusseldorf,Paderborn,2,1,H,8.0,10.0,5.0,4.0
2526,D2,2026-02-01,Hertha,Darmstadt,2,2,D,13.0,15.0,6.0,4.0
2526,I2,2026-02-01,Padova,Monza,1,2,A,19.0,19.0,1.0,8.0
2526,I2,2026-02-01,Reggiana,Juve Stabia,1,1,D,10.0,11.0,3.0,5.0
2526,SP2,2026-02-01,Almeria,Ceuta,4,2,H,16.0,16.0,9.0,4.0
2526,SP2,2026-02-01,Castellon,Andorra,2,0,H,18.0,10.0,6.0,5.0
2526,SP2,2026-02-01,Eibar,Sp Gijon,1,0,H,10.0,9.0,5.0,3.0
2526,SP2,2026-02-01,Granada,Santander,1,0,H,13.0,6.0,6.0,2.0
2526,SP2,2026-02-01,Huesca,Cadiz,1,0,H,12.0,11.0,4.0,1.0
2526,SP2,2026-02-02,Mirandes,Malaga,2,1,H,21.0,16.0,5.0,3.0
2526,E1,2026-02-03,Blackburn,Sheffield Weds,1,0,H,9.0,2.0,6.0,1.0
2526,E1,2026-02-03,Hull,Watford,0,0,D,6.0,16.0,3.0,2.0
2526,E1,2026-02-03,Sheffield United,Oxford,3,1,H,11.0,6.0,3.0,2.0
2526,D2,2026-02-06,Greuther Furth,Magdeburg,4,5,A,14.0,13.0,5.0,7.0
2526,D2,2026-02-06,Preußen Münster,Bochum,1,1,D,9.0,15.0,3.0,7.0
2526,E1,2026-02-06,Charlton,QPR,0,0,D,16.0,18.0,5.0,4.0
2526,F2,2026-02-06,Annecy,Grenoble,1,1,D,14.0,6.0,2.0,3.0
2526,F2,2026-02-06,Boulogne,Rodez,1,2,A,10.0,8.0,4.0,2.0
2526,F2,2026-02-06,Dunkerque,Guingamp,0,0,D,14.0,17.0,2.0,5.0
2526,F2,2026-02-06,Red Star,Pau FC,0,3,A,18.0,9.0,2.0,4.0
2526,F2,2026-02-06,Reims,Bastia,0,0,D,13.0,5.0,1.0,1.0
2526,I2,2026-02-06,Cesena,Pescara,2,0,H,15.0,20.0,5.0,4.0
2526,SP2,2026-02-06,Leganes,Granada,1,0,H,12.0,6.0,2.0,1.0
2526,D2,2026-02-07,Darmstadt,Kaiserslautern,4,0,H,15.0,16.0,9.0,2.0
2526,D2,2026-02-07,Elversberg,Hertha,0,3,A,20.0,6.0,4.0,5.0
2526,D2,2026-02-07,Paderborn,Nurnberg,2,1,H,15.0,7.0,7.0,3.0
2526,D2,2026-02-07,Schalke 04,Dresden,2,2,D,16.0,9.0,5.0,2.0
2526,E1,2026-02-07,Birmingham,Leicester,2,1,H,22.0,7.0,6.0,2.0
2526,E1,2026-02-07,Coventry,Oxford,0,0,D,24.0,4.0,5.0,0.0
2526,E1,2026-02-07,Derby,Ipswich,1,2,A,9.0,13.0,1.0,5.0
2526,E1,2026-02-07,Hull,Bristol City,2,3,A,10.0,11.0,5.0,6.0
2526,E1,2026-02-07,Norwich,Blackburn,2,0,H,12.0,6.0,3.0,0.0
2526,E1,2026-02-07,Preston,Portsmouth,1,0,H,7.0,12.0,3.0,4.0
2526,E1,2026-02-07,Southampton,Watford,1,0,H,6.0,11.0,4.0,2.0
2526,E1,2026-02-07,West Brom,Stoke,0,0,D,10.0,8.0,2.0,3.0
2526,E1,2026-02-07,Wrexham,Millwall,0,2,A,16.0,7.0,5.0,1.0
2526,F2,2026-02-07,Le Mans,Laval,1,1,D,9.0,8.0,5.0,3.0
2526,F2,2026-02-07,Nancy,Troyes,2,1,H,10.0,12.0,4.0,7.0
2526,F2,2026-02-07,St Etienne,Montpellier,1,0,H,10.0,5.0,2.0,1.0
2526,I2,2026-02-07,Carrarese,Sudtirol,0,0,D,15.0,10.0,5.0,1.0
2526,I2,2026-02-07,Catanzaro,Reggiana,2,0,H,14.0,15.0,5.0,6.0
2526,I2,2026-02-07,Frosinone,Venezia,1,2,A,20.0,14.0,11.0,5.0
2526,I2,2026-02-07,Juve Stabia,Padova,3,3,D,13.0,8.0,4.0,6.0
2526,I2,2026-02-07,Mantova,Bari,2,1,H,16.0,3.0,7.0,2.0
2526,I2,2026-02-07,Modena,Sampdoria,1,2,A,19.0,9.0,5.0,4.0
2526,I2,2026-02-07,Palermo,Empoli,3,2,H,12.0,17.0,3.0,8.0
2526,I2,2026-02-07,Spezia,Virtus Entella,1,1,D,11.0,11.0,4.0,3.0
2526,SP2,2026-02-07,Andorra,Sociedad B,1,2,A,14.0,7.0,3.0,2.0
2526,SP2,2026-02-07,Las Palmas,Burgos,0,0,D,16.0,5.0,6.0,1.0
2526,SP2,2026-02-07,Zaragoza,Eibar,1,1,D,12.0,4.0,3.0,2.0
2526,D2,2026-02-08,Bielefeld,Braunschweig,3,2,H,20.0,10.0,8.0,4.0
2526,D2,2026-02-08,Hannover,Holstein Kiel,3,1,H,20.0,8.0,8.0,4.0
2526,D2,2026-02-08,Karlsruhe,Fortuna Dusseldorf,1,1,D,6.0,19.0,2.0,5.0
2526,E1,2026-02-08,Swansea,Sheffield Weds,4,0,H,22.0,3.0,6.0,0.0
2526,I2,2026-02-08,Monza,Avellino,2,1,H,33.0,3.0,9.0,2.0
2526,SP2,2026-02-08,Cadiz,Almeria,1,2,A,19.0,14.0,6.0,6.0
2526,SP2,2026-02-08,La Coruna,Albacete,2,1,H,12.0,16.0,1.0,4.0
2526,SP2,2026-02-08,Malaga,Cultural Leonesa,2,1,H,18.0,4.0,8.0,3.0
2526,SP2,2026-02-08,Sp Gijon,Huesca,2,1,H,12.0,9.0,5.0,4.0
2526,SP2,2026-02-08,Valladolid,Castellon,0,4,A,9.0,12.0,3.0,4.0
2526,E1,2026-02-09,Sheffield United,Middlesbrough,1,2,A,13.0,19.0,5.0,9.0
2526,F2,2026-02-09,Amiens,Clermont,4,3,H,9.0,20.0,6.0,6.0
2526,SP2,2026-02-09,Santander,Mirandes,1,0,H,19.0,8.0,7.0,2.0
2526,E1,2026-02-10,Birmingham,West Brom,0,0,D,16.0,9.0,5.0,1.0
2526,E1,2026-02-10,Leicester,Southampton,3,4,A,8.0,16.0,3.0,7.0
2526,E1,2026-02-10,Oxford,Norwich,0,3,A,7.0,8.0,1.0,4.0
2526,I2,2026-02-10,Padova,Carrarese,1,0,H,13.0,22.0,2.0,1.0
2526,I2,2026-02-10,Pescara,Catanzaro,0,2,A,20.0,14.0,2.0,6.0
2526,I2,2026-02-10,Reggiana,Mantova,1,0,H,11.0,11.0,3.0,1.0
2526,I2,2026-02-10,Sampdoria,Palermo,3,3,D,13.0,15.0,5.0,3.0
2526,I2,2026-02-10,Venezia,Modena,0,2,A,17.0,13.0,5.0,7.0
2526,I2,2026-02-10,Virtus Entella,Cesena,3,1,H,11.0,17.0,5.0,2.0
2526,E1,2026-02-11,Charlton,Stoke,1,0,H,17.0,6.0,4.0,2.0
2526,I2,2026-02-11,Avellino,Frosinone,1,3,A,15.0,16.0,6.0,5.0
2526,I2,2026-02-11,Bari,Spezia,0,0,D,21.0,18.0,7.0,6.0
2526,I2,2026-02-11,Empoli,Juve Stabia,1,2,A,12.0,9.0,2.0,3.0
2526,I2,2026-02-11,Sudtirol,Monza,0,0,D,10.0,7.0,2.0,1.0
2526,D2,2026-02-13,Fortuna Dusseldorf,Preußen Münster,0,0,D,12.0,6.0,3.0,2.0
2526,D2,2026-02-13,Nurnberg,Karlsruhe,5,1,H,12.0,12.0,8.0,2.0
2526,F2,2026-02-13,Amiens,Dunkerque,1,4,A,14.0,13.0,3.0,8.0
2526,F2,2026-02-13,Clermont,Rodez,1,2,A,15.0,7.0,7.0,2.0
2526,F2,2026-02-13,Laval,Annecy,2,2,D,9.0,12.0,3.0,4.0
2526,F2,2026-02-13,Pau FC,Boulogne,1,2,A,10.0,9.0,4.0,4.0
2526,F2,2026-02-13,Red Star,Nancy,2,1,H,16.0,4.0,3.0,1.0
2526,SP2,2026-02-13,Almeria,Andorra,3,2,H,15.0,15.0,6.0,7.0
2526,D2,2026-02-14,Braunschweig,Darmstadt,2,2,D,15.0,12.0,6.0,5.0
2526,D2,2026-02-14,Dresden,Elversberg,1,2,A,14.0,12.0,4.0,5.0
2526,D2,2026-02-14,Hertha,Hannover,2,3,A,15.0,12.0,7.0,7.0
2526,D2,2026-02-14,Kaiserslautern,Greuther Furth,1,0,H,13.0,14.0,3.0,2.0
2526,E1,2026-02-14,Derby,Swansea,2,0,H,11.0,15.0,6.0,2.0
2526,E1,2026-02-14,Portsmouth,Sheffield United,0,1,A,23.0,11.0,7.0,2.0
2526,E1,2026-02-14,Preston,Watford,2,2,D,8.0,20.0,3.0,5.0
2526,E1,2026-02-14,QPR,Blackburn,1,3,A,21.0,7.0,4.0,4.0
2526,E1,2026-02-14,Sheffield Weds,Millwall,1,2,A,11.0,20.0,3.0,6.0
2526,F2,2026-02-14,Grenoble,Reims,0,0,D,10.0,25.0,2.0,8.0
2526,F2,2026-02-14,Guingamp,St Etienne,1,2,A,12.0,12.0,4.0,6.0
2526,F2,2026-02-14,Montpellier,Le Mans,4,2,H,7.0,13.0,4.0,8.0
2526,I2,2026-02-14,Catanzaro,Mantova,2,0,H,4.0,18.0,3.0,3.0
2526,I2,2026-02-14,Cesena,Venezia,0,4,A,11.0,14.0,4.0,7.0
2526,I2,2026-02-14,Modena,Carrarese,2,0,H,13.0,13.0,6.0,4.0
2526,I2,2026-02-14,Palermo,Virtus Entella,3,0,H,8.0,21.0,3.0,5.0
2526,I2,2026-02-14,Sampdoria,Padova,1,0,H,12.0,5.0,3.0,1.0
2526,SP2,2026-02-14,Burgos,Cadiz,1,1,D,21.0,5.0,6.0,3.0
2526,SP2,2026-02-14,Cordoba,Leganes,2,1,H,22.0,17.0,6.0,4.0
2526,SP2,2026-02-14,Cultural Leonesa,Zaragoza,0,0,D,13.0,12.0,2.0,3.0
2526,SP2,2026-02-14,Granada,Valladolid,5,1,H,22.0,8.0,9.0,2.0
2526,D2,2026-02-15,Bochum,Paderborn,0,0,D,22.0,7.0,9.0,3.0
2526,D2,2026-02-15,Holstein Kiel,Schalke 04,1,2,A,10.0,21.0,4.0,8.0
2526,D2,2026-02-15,Magdeburg,Bielefeld,0,2,A,19.0,14.0,3.0,4.0
2526,I2,2026-02-15,Avellino,Pescara,0,1,A,11.0,16.0,2.0,3.0
2526,I2,2026-02-15,Bari,Sudtirol,1,2,A,12.0,18.0,1.0,5.0
2526,I2,2026-02-15,Empoli,Reggiana,1,1,D,19.0,5.0,4.0,1.0
2526,I2,2026-02-15,Monza,Juve Stabia,2,1,H,13.0,14.0,7.0,5.0
2526,I2,2026-02-15,Spezia,Frosinone,0,2,A,6.0,15.0,2.0,6.0
2526,SP2,2026-02-15,Albacete,Sp Gijon,1,1,D,9.0,9.0,2.0,2.0
2526,SP2,2026-02-15,Castellon,La Coruna,2,0,H,8.0,12.0,3.0,1.0
2526,SP2,2026-02-15,Eibar,Santander,2,1,H,15.0,11.0,4.0,3.0
2526,SP2,2026-02-15,Huesca,Ceuta,2,0,H,10.0,11.0,3.0,4.0
2526,SP2,2026-02-15,Mirandes,Las Palmas,1,1,D,6.0,17.0,2.0,7.0
2526,E1,2026-02-16,Coventry,Middlesbrough,3,1,H,9.0,18.0,4.0,4.0
2526,F2,2026-02-16,Bastia,Troyes,0,0,D,16.0,3.0,5.0,0.0
2526,SP2,2026-02-16,Sociedad B,Malaga,2,1,H,13.0,17.0,8.0,4.0
2526,E1,2026-02-17,Bristol City,Wrexham,2,2,D,8.0,9.0,5.0,3.0
2526,E1,2026-02-17,Charlton,Portsmouth,1,3,A,12.0,12.0,4.0,6.0
2526,D2,2026-02-20,Bochum,Nurnberg,1,1,D,8.0,9.0,3.0,4.0
2526,D2,2026-02-20,Greuther Furth,Bielefeld,2,1,H,5.0,15.0,3.0,3.0
2526,E1,2026-02-20,Blackburn,Preston,1,0,H,13.0,3.0,3.0,2.0
2526,F2,2026-02-20,Annecy,Red Star,2,1,H,16.0,11.0,8.0,4.0
2526,F2,2026-02-20,Boulogne,Clermont,0,2,A,6.0,9.0,1.0,5.0
2526,F2,2026-02-20,Dunkerque,Bastia,1,1,D,8.0,13.0,2.0,5.0
2526,F2,2026-02-20,Nancy,Grenoble,0,0,D,16.0,9.0,2.0,2.0
2526,F2,2026-02-20,Rodez,Montpellier,1,0,H,14.0,12.0,8.0,3.0
2526,I2,2026-02-20,Frosinone,Empoli,2,2,D,28.0,13.0,8.0,5.0
2526,SP2,2026-02-20,Ceuta,Granada,2,1,H,10.0,11.0,4.0,3.0
2526,D2,2026-02-21,Darmstadt,Fortuna Dusseldorf,2,1,H,14.0,18.0,4.0,9.0
2526,D2,2026-02-21,Elversberg,Braunschweig,3,1,H,12.0,7.0,4.0,4.0
2526,D2,2026-02-21,Karlsruhe,Holstein Kiel,3,1,H,14.0,15.0,7.0,4.0
2526,D2,2026-02-21,Schalke 04,Magdeburg,5,3,H,22.0,15.0,13.0,4.0
2526,E1,2026-02-21,Hull,QPR,1,3,A,14.0,12.0,4.0,8.0
2526,E1,2026-02-21,Middlesbrough,Oxford,0,0,D,24.0,13.0,7.0,2.0
2526,E1,2026-02-21,Millwall,Portsmouth,1,3,A,6.0,15.0,3.0,8.0
2526,E1,2026-02-21,Norwich,Birmingham,1,2,A,18.0,9.0,9.0,5.0
2526,E1,2026-02-21,Southampton,Charlton,1,1,D,23.0,6.0,8.0,3.0
2526,E1,2026-02-21,Stoke,Leicester,2,2,D,11.0,15.0,3.0,5.0
2526,E1,2026-02-21,Swansea,Bristol City,1,0,H,8.0,12.0,3.0,2.0
2526,E1,2026-02-21,Watford,Derby,2,0,H,18.0,5.0,8.0,1.0
2526,E1,2026-02-21,West Brom,Coventry,0,2,A,11.0,10.0,1.0,3.0
2526,E1,2026-02-21,Wrexham,Ipswich,5,3,H,17.0,13.0,10.0,6.0
2526,F2,2026-02-21,Reims,Amiens,0,0,D,18.0,13.0,4.0,2.0
2526,F2,2026-02-21,St Etienne,Laval,2,1,H,19.0,6.0,4.0,2.0
2526,F2,2026-02-21,Troyes,Pau FC,4,3,H,22.0,11.0,8.0,5.0
2526,I2,2026-02-21,Carrarese,Monza,0,1,A,10.0,9.0,4.0,2.0
2526,I2,2026-02-21,Cesena,Spezia,2,3,A,22.0,9.0,8.0,6.0
2526,I2,2026-02-21,Mantova,Sampdoria,2,1,H,11.0,13.0,5.0,3.0
2526,I2,2026-02-21,Padova,Bari,1,1,D,9.0,17.0,5.0,4.0
2526,I2,2026-02-21,Palermo,Sudtirol,3,0,H,14.0,14.0,8.0,3.0
2526,I2,2026-02-21,Venezia,Pescara,3,2,H,18.0,16.0,10.0,4.0
2526,I2,2026-02-21,Virtus Entella,Catanzaro,1,3,A,16.0,12.0,3.0,5.0
2526,SP2,2026-02-21,Almeria,Cordoba,2,1,H,14.0,12.0,4.0,5.0
2526,SP2,2026-02-21,Huesca,Mirandes,1,2,A,20.0,12.0,7.0,6.0
2526,SP2,2026-02-21,La Coruna,Eibar,1,0,H,15.0,14.0,5.0,2.0
2526,SP2,2026-02-21,Las Palmas,Castellon,1,1,D,10.0,15.0,3.0,6.0
2526,SP2,2026-02-21,Leganes,Cultural Leonesa,1,1,D,11.0,11.0,1.0,2.0
2526,D2,2026-02-22,Hannover,Dresden,0,0,D,12.0,6.0,3.0,2.0
2526,D2,2026-02-22,Paderborn,Hertha,5,2,H,17.0,8.0,9.0,3.0
2526,D2,2026-02-22,Preußen Münster,Kaiserslautern,2,3,A,20.0,17.0,8.0,7.0
2526,E1,2026-02-22,Sheffield United,Sheffield Weds,2,1,H,10.0,6.0,4.0,2.0
2526,I2,2026-02-22,Juve Stabia,Modena,1,2,A,23.0,9.0,4.0,4.0
2526,I2,2026-02-22,Reggiana,Avellino,1,1,D,9.0,7.0,3.0,2.0
2526,SP2,2026-02-22,Andorra,Zaragoza,2,1,H,17.0,6.0,6.0,2.0
2526,SP2,2026-02-22,Malaga,Albacete,1,0,H,15.0,8.0,8.0,2.0
2526,SP2,2026-02-22,Santander,Burgos,1,0,H,8.0,10.0,3.0,1.0
2526,SP2,2026-02-22,Sp Gijon,Valladolid,2,2,D,17.0,12.0,4.0,4.0
2526,F2,2026-02-23,Le Mans,Guingamp,1,1,D,9.0,14.0,4.0,6.0
2526,SP2,2026-02-23,Cadiz,Sociedad B,0,2,A,14.0,17.0,2.0,10.0
2526,E1,2026-02-24,Blackburn,Bristol City,1,2,A,19.0,10.0,7.0,5.0
2526,E1,2026-02-24,Hull,Derby,4,2,H,9.0,18.0,3.0,6.0
2526,E1,2026-02-24,Middlesbrough,Leicester,1,1,D,17.0,11.0,4.0,6.0
2526,E1,2026-02-24,Southampton,QPR,5,0,H,14.0,5.0,9.0,1.0
2526,E1,2026-02-24,Swansea,Preston,1,1,D,12.0,14.0,2.0,3.0
2526,E1,2026-02-24,Watford,Ipswich,0,2,A,11.0,11.0,2.0,3.0
2526,E1,2026-02-24,West Brom,Charlton,1,1,D,18.0,3.0,2.0,2.0
2526,E1,2026-02-24,Wrexham,Portsmouth,2,1,H,10.0,9.0,5.0,1.0
2526,E1,2026-02-25,Millwall,Birmingham,3,0,H,11.0,5.0,5.0,2.0
2526,E1,2026-02-25,Norwich,Sheffield Weds,2,0,H,19.0,4.0,6.0,1.0
2526,E1,2026-02-25,Sheffield United,Coventry,1,2,A,22.0,11.0,4.0,5.0
2526,E1,2026-02-25,Stoke,Oxford,2,1,H,21.0,9.0,9.0,2.0
2526,SP2,2026-02-25,Ceuta,Cordoba,3,2,H,5.0,12.0,3.0,5.0
2526,D2,2026-02-27,Dresden,Darmstadt,3,1,H,19.0,17.0,7.0,7.0
2526,D2,2026-02-27,Fortuna Dusseldorf,Bochum,2,1,H,20.0,10.0,9.0,3.0
2526,E1,2026-02-27,Bristol City,Watford,1,2,A,11.0,11.0,4.0,4.0
2526,F2,2026-02-27,Bastia,Annecy,0,2,A,8.0,8.0,1.0,4.0
2526,F2,2026-02-27,Clermont,Dunkerque,2,1,H,10.0,9.0,5.0,2.0
2526,F2,2026-02-27,Grenoble,Boulogne,0,0,D,7.0,6.0,0.0,0.0
2526,F2,2026-02-27,Laval,Nancy,1,1,D,8.0,16.0,5.0,5.0
2526,F2,2026-02-27,Montpellier,Reims,0,0,D,10.0,15.0,2.0,4.0
2526,I2,2026-02-27,Monza,Virtus Entella,2,0,H,21.0,8.0,7.0,3.0
2526,I2,2026-02-27,Sampdoria,Bari,0,2,A,19.0,13.0,4.0,7.0
2526,SP2,2026-02-27,Albacete,Almeria,1,1,D,11.0,19.0,5.0,5.0
2526,D2,2026-02-28,Bielefeld,Hannover,0,1,A,22.0,6.0,7.0,1.0
2526,D2,2026-02-28,Greuther Furth,Schalke 04,1,1,D,6.0,16.0,1.0,4.0
2526,D2,2026-02-28,Holstein Kiel,Elversberg,1,1,D,10.0,7.0,3.0,3.0
2526,D2,2026-02-28,Kaiserslautern,Paderborn,1,2,A,10.0,15.0,2.0,5.0
2526,E1,2026-02-28,Charlton,Wrexham,0,1,A,12.0,8.0,1.0,2.0
2526,E1,2026-02-28,Coventry,Stoke,2,1,H,20.0,3.0,8.0,1.0
2526,E1,2026-02-28,Derby,Blackburn,3,1,H,14.0,11.0,6.0,3.0
2526,E1,2026-02-28,Ipswich,Swansea,3,0,H,11.0,10.0,6.0,3.0
2526,E1,2026-02-28,Leicester,Norwich,0,2,A,10.0,12.0,3.0,8.0
2526,E1,2026-02-28,Oxford,West Brom,2,1,H,9.0,16.0,3.0,3.0
2526,E1,2026-02-28,Portsmouth,Hull,0,1,A,22.0,2.0,6.0,2.0
2526,E1,2026-02-28,Preston,Millwall,0,2,A,6.0,16.0,2.0,5.0
2526,E1,2026-02-28,QPR,Sheffield United,0,2,A,12.0,12.0,2.0,3.0
2526,E1,2026-02-28,Sheffield Weds,Southampton,1,3,A,10.0,15.0,3.0,6.0
2526,F2,2026-02-28,Guingamp,Rodez,0,0,D,9.0,10.0,1.0,2.0
2526,F2,2026-02-28,Pau FC,St Etienne,0,3,A,9.0,10.0,4.0,6.0
2526,F2,2026-02-28,Red Star,Le Mans,0,0,D,7.0,6.0,0.0,2.0
2526,I2,2026-02-28,Avellino,Juve Stabia,0,0,D,11.0,5.0,3.0,2.0
2526,I2,2026-02-28,Empoli,Cesena,1,1,D,28.0,8.0,5.0,3.0
2526,I2,2026-02-28,Modena,Padova,1,2,A,12.0,6.0,5.0,3.0
2526,I2,2026-02-28,Spezia,Reggiana,0,1,A,22.0,7.0,5.0,1.0
2526,I2,2026-02-28,Sudtirol,Venezia,1,1,D,12.0,12.0,2.0,4.0
2526,SP2,2026-02-28,Castellon,Santander,1,3,A,15.0,12.0,3.0,7.0
2526,SP2,2026-02-28,Granada,Malaga,0,1,A,11.0,14.0,1.0,5.0
2526,SP2,2026-02-28,Valladolid,Huesca,1,0,H,16.0,9.0,7.0,4.0
2526,SP2,2026-02-28,Zaragoza,Burgos,0,1,A,16.0,8.0,7.0,3.0
2526,D2,2026-03-01,Braunschweig,Preußen Münster,1,2,A,11.0,8.0,3.0,3.0
2526,D2,2026-03-01,Hertha,Nurnberg,2,1,H,14.0,5.0,5.0,1.0
2526,D2,2026-03-01,Magdeburg,Karlsruhe,1,3,A,23.0,8.0,9.0,7.0
2526,I2,2026-03-01,Catanzaro,Frosinone,2,2,D,22.0,22.0,8.0,7.0
2526,I2,2026-03-01,Mantova,Carrarese,1,1,D,15.0,11.0,4.0,2.0
2526,I2,2026-03-01,Pescara,Palermo,2,1,H,14.0,12.0,8.0,5.0
2526,SP2,2026-03-01,Cultural Leonesa,Las Palmas,0,3,A,12.0,10.0,5.0,5.0
2526,SP2,2026-03-01,Eibar,Cadiz,3,1,H,14.0,6.0,7.0,1.0
2526,SP2,2026-03-01,Mirandes,Ceuta,0,1,A,20.0,8.0,10.0,4.0
2526,SP2,2026-03-01,Sociedad B,La Coruna,2,3,A,14.0,11.0,4.0,4.0
2526,E1,2026-03-02,Birmingham,Middlesbrough,1,3,A,11.0,10.0,7.0,3.0
2526,F2,2026-03-02,Amiens,Troyes,0,2,A,14.0,13.0,4.0,6.0
2526,SP2,2026-03-02,Cordoba,Andorra,1,4,A,13.0,13.0,4.0,8.0
2526,SP2,2026-03-02,Sp Gijon,Leganes,0,0,D,12.0,6.0,4.0,0.0
2526,E1,2026-03-03,Ipswich,Hull,1,0,H,15.0,6.0,7.0,0.0
2526,I2,2026-03-03,Cesena,Monza,1,3,A,15.0,11.0,5.0,5.0
2526,I2,2026-03-03,Padova,Spezia,2,2,D,19.0,13.0,5.0,10.0
2526,I2,2026-03-03,Reggiana,Sudtirol,0,4,A,6.0,16.0,1.0,8.0
2526,I2,2026-03-03,Venezia,Avellino,4,0,H,25.0,3.0,5.0,0.0
2526,I2,2026-03-03,Virtus Entella,Modena,2,1,H,7.0,18.0,4.0,5.0
2526,I2,2026-03-04,Bari,Empoli,2,1,H,13.0,11.0,5.0,4.0
2526,I2,2026-03-04,Carrarese,Catanzaro,3,3,D,22.0,9.0,9.0,3.0
2526,I2,2026-03-04,Frosinone,Pescara,2,2,D,19.0,13.0,6.0,6.0
2526,I2,2026-03-04,Juve Stabia,Sampdoria,1,1,D,15.0,4.0,5.0,1.0
2526,I2,2026-03-04,Palermo,Mantova,2,1,H,17.0,7.0,5.0,3.0
2526,D2,2026-03-06,Elversberg,Magdeburg,1,0,H,15.0,14.0,4.0,3.0
2526,D2,2026-03-06,Schalke 04,Bielefeld,1,0,H,24.0,12.0,8.0,3.0
2526,E1,2026-03-06,Preston,Oxford,1,3,A,13.0,15.0,4.0,7.0
2526,F2,2026-03-06,Boulogne,Amiens,4,2,H,13.0,13.0,6.0,6.0
2526,F2,2026-03-06,Laval,Guingamp,2,2,D,19.0,18.0,11.0,8.0
2526,F2,2026-03-06,Nancy,Montpellier,0,3,A,11.0,8.0,2.0,4.0
2526,F2,2026-03-06,Pau FC,Bastia,2,2,D,7.0,16.0,2.0,5.0
2526,F2,2026-03-06,Rodez,Grenoble,1,0,H,12.0,5.0,4.0,2.0
2526,SP2,2026-03-06,Cadiz,Zaragoza,0,1,A,12.0,10.0,4.0,3.0
2526,D2,2026-03-07,Bochum,Kaiserslautern,3,2,H,17.0,9.0,9.0,2.0
2526,D2,2026-03-07,Darmstadt,Holstein Kiel,2,0,H,15.0,7.0,3.0,1.0
2526,D2,2026-03-07,Nurnberg,Fortuna Dusseldorf,0,1,A,9.0,17.0,2.0,7.0
2526,D2,2026-03-07,Paderborn,Braunschweig,1,1,D,18.0,6.0,5.0,3.0
2526,E1,2026-03-07,Blackburn,Portsmouth,1,1,D,10.0,14.0,1.0,1.0
2526,E1,2026-03-07,Bristol City,Coventry,0,2,A,24.0,10.0,6.0,7.0
2526,E1,2026-03-07,Charlton,Birmingham,1,0,H,12.0,7.0,4.0,1.0
2526,E1,2026-03-07,Derby,Sheffield Weds,2,1,H,13.0,7.0,4.0,3.0
2526,E1,2026-03-07,Hull,Millwall,1,3,A,23.0,9.0,5.0,4.0
2526,E1,2026-03-07,Ipswich,Leicester,1,1,D,18.0,7.0,3.0,3.0
2526,E1,2026-03-07,Sheffield United,West Brom,1,1,D,13.0,12.0,2.0,3.0
2526,E1,2026-03-07,Swansea,Stoke,2,0,H,23.0,8.0,4.0,2.0
2526,F2,2026-03-07,Le Mans,Annecy,3,0,H,16.0,10.0,6.0,3.0
2526,F2,2026-03-07,St Etienne,Red Star,2,0,H,12.0,8.0,4.0,2.0
2526,F2,2026-03-07,Troyes,Clermont,2,1,H,13.0,5.0,5.0,2.0
2526,I2,2026-03-07,Avellino,Padova,1,0,H,19.0,6.0,5.0,1.0
2526,I2,2026-03-07,Modena,Cesena,0,0,D,17.0,3.0,4.0,1.0
2526,I2,2026-03-07,Spezia,Monza,4,2,H,18.0,8.0,5.0,5.0
2526,I2,2026-03-07,Sudtirol,Virtus Entella,0,1,A,12.0,8.0,2.0,2.0
2526,I2,2026-03-07,Venezia,Reggiana,2,0,H,22.0,11.0,10.0,3.0
2526,SP2,2026-03-07,Burgos,Mirandes,2,0,H,14.0,12.0,4.0,6.0
2526,SP2,2026-03-07,Huesca,Albacete,0,0,D,9.0,14.0,4.0,6.0
2526,SP2,2026-03-07,Malaga,Valladolid,3,3,D,10.0,17.0,6.0,6.0
2526,SP2,2026-03-07,Sociedad B,Castellon,4,2,H,17.0,23.0,8.0,8.0
2526,D2,2026-03-08,Hannover,Greuther Furth,1,2,A,24.0,14.0,9.0,7.0
2526,D2,2026-03-08,Karlsruhe,Dresden,3,3,D,22.0,12.0,6.0,6.0
2526,D2,2026-03-08,Preußen Münster,Hertha,1,2,A,11.0,15.0,4.0,5.0
2526,E1,2026-03-08,QPR,Middlesbrough,0,4,A,9.0,16.0,3.0,7.0
2526,I2,2026-03-08,Carrarese,Palermo,0,1,A,13.0,13.0,3.0,6.0
2526,I2,2026-03-08,Catanzaro,Empoli,3,2,H,16.0,5.0,6.0,2.0
2526,I2,2026-03-08,Frosinone,Sampdoria,3,0,H,24.0,9.0,10.0,1.0
2526,I2,2026-03-08,Mantova,Juve Stabia,2,0,H,16.0,3.0,4.0,1.0
2526,I2,2026-03-08,Pescara,Bari,4,0,H,27.0,12.0,17.0,2.0
2526,SP2,2026-03-08,Andorra,Sp Gijon,1,0,H,22.0,4.0,3.0,0.0
2526,SP2,2026-03-08,La Coruna,Granada,0,2,A,13.0,12.0,3.0,5.0
2526,SP2,2026-03-08,Las Palmas,Ceuta,4,0,H,15.0,4.0,9.0,2.0
2526,SP2,2026-03-08,Leganes,Eibar,0,1,A,20.0,8.0,3.0,6.0
2526,SP2,2026-03-08,Santander,Cordoba,4,3,H,15.0,19.0,8.0,9.0
2526,F2,2026-03-09,Dunkerque,Reims,1,1,D,7.0,13.0,4.0,3.0
2526,SP2,2026-03-09,Almeria,Cultural Leonesa,3,0,H,10.0,7.0,4.0,2.0
2526,E1,2026-03-10,Leicester,Bristol City,2,0,H,17.0,9.0,5.0,1.0
2526,E1,2026-03-10,Millwall,Derby,1,0,H,15.0,14.0,4.0,1.0
2526,E1,2026-03-10,Portsmouth,Swansea,1,2,A,9.0,8.0,4.0,3.0
2526,E1,2026-03-10,Sheffield Weds,Watford,1,1,D,11.0,19.0,4.0,5.0
2526,E1,2026-03-10,Stoke,Ipswich,3,3,D,15.0,17.0,6.0,5.0
2526,E1,2026-03-10,Wrexham,Hull,1,2,A,10.0,12.0,2.0,5.0
2526,E1,2026-03-11,Birmingham,QPR,1,0,H,21.0,10.0,6.0,1.0
2526,E1,2026-03-11,Coventry,Preston,3,0,H,25.0,5.0,9.0,2.0
2526,E1,2026-03-11,Middlesbrough,Charlton,0,1,A,34.0,5.0,7.0,2.0
2526,E1,2026-03-11,Norwich,Sheffield United,2,1,H,19.0,6.0,7.0,2.0
2526,E1,2026-03-11,Oxford,Blackburn,1,0,H,14.0,10.0,7.0,2.0
2526,E1,2026-03-11,West Brom,Southampton,1,1,D,13.0,12.0,6.0,4.0
2526,D2,2026-03-13,Greuther Furth,Elversberg,2,0,H,8.0,13.0,4.0,4.0
2526,D2,2026-03-13,Magdeburg,Darmstadt,1,1,D,17.0,10.0,4.0,3.0
2526,E1,2026-03-13,Wrexham,Swansea,2,0,H,11.0,10.0,2.0,3.0
2526,F2,2026-03-13,Bastia,Boulogne,0,1,A,13.0,4.0,4.0,1.0
2526,F2,2026-03-13,Clermont,Pau FC,0,1,A,10.0,8.0,3.0,3.0
2526,F2,2026-03-13,Guingamp,Amiens,1,0,H,13.0,8.0,5.0,3.0
2526,F2,2026-03-13,Montpellier,Laval,2,0,H,17.0,7.0,7.0,1.0
2526,F2,2026-03-13,Nancy,Le Mans,2,4,A,8.0,11.0,4.0,5.0
2526,I2,2026-03-13,Modena,Spezia,3,0,H,9.0,6.0,3.0,1.0
2526,SP2,2026-03-13,Mirandes,Cadiz,0,2,A,22.0,9.0,6.0,6.0
2526,D2,2026-03-14,Bielefeld,Paderborn,2,2,D,26.0,7.0,9.0,4.0
2526,D2,2026-03-14,Braunschweig,Fortuna Dusseldorf,1,0,H,16.0,9.0,5.0,2.0
2526,D2,2026-03-14,Hertha,Bochum,1,1,D,11.0,8.0,2.0,2.0
2526,D2,2026-03-14,Holstein Kiel,Nurnberg,2,3,A,21.0,9.0,7.0,5.0
2526,E1,2026-03-14,Birmingham,Sheffield United,1,1,D,18.0,5.0,7.0,3.0
2526,E1,2026-03-14,Coventry,Southampton,1,2,A,20.0,8.0,6.0,3.0
2526,E1,2026-03-14,Leicester,QPR,1,3,A,9.0,14.0,2.0,3.0
2526,E1,2026-03-14,Middlesbrough,Bristol City,1,1,D,19.0,4.0,7.0,1.0
2526,E1,2026-03-14,Millwall,Blackburn,1,2,A,9.0,20.0,3.0,4.0
2526,E1,2026-03-14,Norwich,Preston,2,0,H,9.0,15.0,4.0,4.0
2526,E1,2026-03-14,Oxford,Charlton,1,1,D,8.0,5.0,2.0,1.0
2526,E1,2026-03-14,Sheffield Weds,Ipswich,0,2,A,5.0,16.0,2.0,6.0
2526,E1,2026-03-14,Stoke,Watford,3,1,H,19.0,15.0,12.0,4.0
2526,E1,2026-03-14,West Brom,Hull,3,0,H,26.0,6.0,8.0,2.0
2526,F2,2026-03-14,Grenoble,St Etienne,0,0,D,15.0,6.0,4.0,2.0
2526,F2,2026-03-14,Red Star,Dunkerque,1,0,H,11.0,7.0,3.0,1.0
2526,F2,2026-03-14,Reims,Rodez,1,2,A,18.0,13.0,8.0,5.0
2526,I2,2026-03-14,Bari,Reggiana,4,1,H,11.0,12.0,5.0,2.0
2526,I2,2026-03-14,Cesena,Frosinone,2,2,D,15.0,24.0,6.0,7.0
2526,I2,2026-03-14,Empoli,Mantova,2,2,D,18.0,13.0,8.0,5.0
2526,I2,2026-03-14,Juve Stabia,Carrarese,1,1,D,15.0,10.0,4.0,5.0
2526,I2,2026-03-14,Monza,Palermo,3,0,H,7.0,19.0,3.0,4.0
2526,I2,2026-03-14,Padova,Catanzaro,1,3,A,13.0,13.0,1.0,5.0
2526,I2,2026-03-14,Sampdoria,Venezia,0,0,D,9.0,15.0,1.0,5.0
2526,SP2,2026-03-14,Ceuta,La Coruna,1,2,A,18.0,11.0,5.0,5.0
2526,SP2,2026-03-14,Cultural Leonesa,Santander,1,2,A,20.0,15.0,6.0,3.0
2526,SP2,2026-03-14,Valladolid,Leganes,3,2,H,14.0,13.0,8.0,4.0
2526,SP2,2026-03-14,Zaragoza,Almeria,2,0,H,10.0,11.0,4.0,1.0
2526,D2,2026-03-15,Dresden,Preußen Münster,6,0,H,18.0,13.0,8.0,3.0
2526,D2,2026-03-15,Kaiserslautern,Karlsruhe,3,0,H,18.0,13.0,8.0,2.0
2526,D2,2026-03-15,Schalke 04,Hannover,2,2,D,10.0,10.0,4.0,6.0
2526,I2,2026-03-15,Sudtirol,Pescara,0,0,D,4.0,17.0,1.0,3.0
2526,I2,2026-03-15,Virtus Entella,Avellino,1,2,A,19.0,6.0,5.0,3.0
2526,SP2,2026-03-15,Cordoba,Sociedad B,0,2,A,27.0,9.0,6.0,5.0
2526,SP2,2026-03-15,Eibar,Burgos,0,0,D,6.0,6.0,3.0,2.0
2526,SP2,2026-03-15,Granada,Andorra,1,1,D,11.0,12.0,5.0,4.0
2526,SP2,2026-03-15,Malaga,Huesca,5,3,H,16.0,15.0,10.0,5.0
2526,SP2,2026-03-15,Sp Gijon,Castellon,4,1,H,12.0,15.0,6.0,5.0
2526,E1,2026-03-16,Portsmouth,Derby,0,1,A,27.0,10.0,9.0,4.0
2526,F2,2026-03-16,Annecy,Troyes,1,2,A,7.0,9.0,2.0,3.0
2526,SP2,2026-03-16,Albacete,Las Palmas,2,1,H,19.0,9.0,4.0,4.0
2526,E1,2026-03-17,Watford,Wrexham,3,1,H,13.0,8.0,6.0,1.0
2526,I2,2026-03-17,Mantova,Cesena,3,0,H,20.0,13.0,4.0,3.0
2526,I2,2026-03-17,Palermo,Juve Stabia,2,2,D,21.0,7.0,6.0,6.0
2526,I2,2026-03-17,Reggiana,Monza,0,0,D,10.0,19.0,0.0,6.0
2526,I2,2026-03-17,Spezia,Empoli,1,1,D,17.0,10.0,4.0,4.0
2526,I2,2026-03-17,Venezia,Padova,3,1,H,30.0,8.0,9.0,3.0
2526,E1,2026-03-18,Southampton,Norwich,1,0,H,9.0,14.0,4.0,7.0
2526,I2,2026-03-18,Avellino,Sudtirol,3,2,H,8.0,10.0,3.0,3.0
2526,I2,2026-03-18,Carrarese,Sampdoria,2,0,H,7.0,8.0,3.0,1.0
2526,I2,2026-03-18,Frosinone,Bari,2,1,H,27.0,6.0,10.0,3.0
2526,I2,2026-03-18,Pescara,Virtus Entella,3,0,H,6.0,11.0,3.0,4.0
2526,D2,2026-03-20,Hannover,Braunschweig,1,0,H,10.0,16.0,3.0,4.0
2526,D2,2026-03-20,Karlsruhe,Greuther Furth,3,1,H,12.0,10.0,4.0,2.0
2526,E1,2026-03-20,Preston,Stoke,3,1,H,13.0,13.0,3.0,2.0
2526,F2,2026-03-20,Amiens,Le Mans,3,4,A,9.0,18.0,5.0,8.0
2526,F2,2026-03-20,Boulogne,Nancy,0,0,D,4.0,12.0,1.0,3.0
2526,F2,2026-03-20,Clermont,Red Star,0,1,A,9.0,9.0,3.0,4.0
2526,F2,2026-03-20,Laval,Grenoble,3,2,H,12.0,11.0,5.0,6.0
2526,F2,2026-03-20,Pau FC,Montpellier,0,0,D,18.0,4.0,2.0,1.0
2526,F2,2026-03-20,Rodez,Bastia,1,1,D,12.0,13.0,3.0,6.0
2526,SP2,2026-03-20,Huesca,Almeria,1,3,A,14.0,12.0,4.0,8.0
2526,D2,2026-03-21,Darmstadt,Schalke 04,1,1,D,10.0,16.0,4.0,7.0
2526,D2,2026-03-21,Elversberg,Bielefeld,3,1,H,28.0,4.0,10.0,2.0
2526,D2,2026-03-21,Nurnberg,Kaiserslautern,3,0,H,21.0,6.0,5.0,2.0
2526,D2,2026-03-21,Paderborn,Dresden,2,1,H,22.0,16.0,4.0,8.0
2526,E1,2026-03-21,Blackburn,Middlesbrough,0,0,D,5.0,12.0,1.0,3.0
2526,E1,2026-03-21,Bristol City,West Brom,0,1,A,4.0,19.0,1.0,6.0
2526,E1,2026-03-21,Charlton,Norwich,0,1,A,13.0,17.0,2.0,5.0
2526,E1,2026-03-21,Derby,Birmingham,1,0,H,17.0,3.0,6.0,0.0
2526,E1,2026-03-21,Hull,Sheffield Weds,3,1,H,9.0,7.0,5.0,3.0
2526,E1,2026-03-21,Ipswich,Millwall,1,1,D,17.0,13.0,4.0,3.0
2526,E1,2026-03-21,QPR,Portsmouth,6,1,H,9.0,20.0,8.0,7.0
2526,E1,2026-03-21,Sheffield United,Wrexham,1,2,A,20.0,10.0,7.0,4.0
2526,E1,2026-03-21,Southampton,Oxford,2,0,H,20.0,9.0,7.0,1.0
2526,E1,2026-03-21,Swansea,Coventry,0,3,A,11.0,14.0,2.0,7.0
2526,E1,2026-03-21,Watford,Leicester,0,0,D,6.0,15.0,2.0,5.0
2526,F2,2026-03-21,Guingamp,Reims,0,2,A,16.0,11.0,5.0,4.0
2526,F2,2026-03-21,St Etienne,Annecy,4,0,H,16.0,3.0,6.0,2.0
2526,F2,2026-03-21,Troyes,Dunkerque,5,1,H,18.0,8.0,8.0,3.0
2526,I2,2026-03-21,Cesena,Catanzaro,3,1,H,18.0,16.0,6.0,3.0
2526,I2,2026-03-21,Juve Stabia,Spezia,3,1,H,20.0,8.0,8.0,2.0
2526,I2,2026-03-21,Modena,Mantova,2,1,H,9.0,8.0,4.0,2.0
2526,I2,2026-03-21,Monza,Venezia,1,1,D,18.0,8.0,2.0,2.0
2526,I2,2026-03-21,Padova,Palermo,0,1,A,14.0,11.0,2.0,1.0
2526,SP2,2026-03-21,Andorra,Eibar,0,1,A,14.0,5.0,3.0,2.0
2526,SP2,2026-03-21,Cadiz,Malaga,0,3,A,7.0,20.0,1.0,6.0
2526,SP2,2026-03-21,La Coruna,Zaragoza,2,1,H,15.0,10.0,4.0,4.0
2526,SP2,2026-03-21,Leganes,Ceuta,5,2,H,21.0,14.0,8.0,5.0
2526,SP2,2026-03-21,Santander,Albacete,0,4,A,17.0,12.0,5.0,5.0
2526,D2,2026-03-22,Bochum,Holstein Kiel,2,3,A,20.0,10.0,10.0,4.0
2526,D2,2026-03-22,Fortuna Dusseldorf,Hertha,2,5,A,16.0,12.0,5.0,9.0
2526,D2,2026-03-22,Preußen Münster,Magdeburg,1,3,A,14.0,8.0,2.0,6.0
2526,I2,2026-03-22,Bari,Carrarese,0,3,A,12.0,14.0,3.0,4.0
2526,I2,2026-03-22,Empoli,Pescara,4,2,H,24.0,13.0,9.0,6.0
2526,I2,2026-03-22,Sampdoria,Avellino,2,1,H,10.0,3.0,5.0,2.0
2526,I2,2026-03-22,Sudtirol,Frosinone,1,3,A,16.0,7.0,6.0,5.0
2526,I2,2026-03-22,Virtus Entella,Reggiana,3,0,H,19.0,11.0,9.0,3.0
2526,SP2,2026-03-22,Burgos,Cordoba,4,0,H,9.0,14.0,6.0,2.0
2526,SP2,2026-03-22,Las Palmas,Sp Gijon,1,0,H,19.0,9.0,5.0,4.0
2526,SP2,2026-03-22,Mirandes,Valladolid,2,1,H,15.0,14.0,7.0,4.0
2526,SP2,2026-03-22,Sociedad B,Granada,0,2,A,18.0,9.0,5.0,4.0
2526,SP2,2026-03-23,Castellon,Cultural Leonesa,1,1,D,13.0,14.0,4.0,5.0
2526,SP2,2026-03-27,Cordoba,Mirandes,2,2,D,20.0,13.0,10.0,3.0
2526,SP2,2026-03-28,Albacete,Castellon,1,1,D,11.0,13.0,4.0,6.0
2526,SP2,2026-03-28,Ceuta,Cadiz,2,1,H,8.0,4.0,3.0,1.0
2526,SP2,2026-03-28,Granada,Huesca,4,2,H,7.0,14.0,4.0,3.0
2526,SP2,2026-03-28,Malaga,Leganes,0,0,D,20.0,10.0,6.0,3.0
2526,SP2,2026-03-28,Sp Gijon,La Coruna,1,1,D,8.0,17.0,2.0,2.0
2526,SP2,2026-03-28,Valladolid,Burgos,0,1,A,11.0,7.0,4.0,2.0
2526,SP2,2026-03-29,Almeria,Sociedad B,5,1,H,29.0,18.0,10.0,6.0
2526,SP2,2026-03-29,Cultural Leonesa,Andorra,0,4,A,10.0,11.0,6.0,7.0
2526,SP2,2026-03-29,Eibar,Las Palmas,3,1,H,9.0,21.0,7.0,4.0
2526,SP2,2026-03-29,Zaragoza,Santander,2,0,H,14.0,7.0,7.0,2.0
2526,SP2,2026-03-31,La Coruna,Cordoba,2,0,H,11.0,13.0,4.0,2.0
2526,SP2,2026-03-31,Mirandes,Albacete,1,1,D,13.0,9.0,5.0,3.0
2526,SP2,2026-03-31,Valladolid,Cadiz,3,0,H,13.0,8.0,6.0,1.0
2526,SP2,2026-04-01,Andorra,Malaga,3,3,D,19.0,12.0,8.0,6.0
2526,SP2,2026-04-01,Burgos,Ceuta,1,1,D,8.0,5.0,3.0,1.0
2526,SP2,2026-04-01,Huesca,Cultural Leonesa,1,1,D,9.0,18.0,2.0,6.0
2526,SP2,2026-04-01,Santander,Sp Gijon,3,1,H,10.0,15.0,7.0,5.0
2526,SP2,2026-04-02,Castellon,Almeria,2,0,H,19.0,7.0,6.0,3.0
2526,SP2,2026-04-02,Las Palmas,Granada,2,0,H,8.0,10.0,4.0,3.0
2526,SP2,2026-04-02,Leganes,Zaragoza,1,1,D,9.0,22.0,5.0,8.0
2526,SP2,2026-04-02,Sociedad B,Eibar,0,1,A,12.0,11.0,2.0,5.0
2526,E1,2026-04-03,Birmingham,Blackburn,0,1,A,12.0,16.0,5.0,4.0
2526,E1,2026-04-03,Charlton,Bristol City,1,2,A,13.0,17.0,4.0,8.0
2526,E1,2026-04-03,Coventry,Derby,3,2,H,13.0,8.0,7.0,3.0
2526,E1,2026-04-03,Leicester,Preston,2,2,D,28.0,8.0,10.0,3.0
2526,E1,2026-04-03,Middlesbrough,Millwall,1,2,A,32.0,11.0,5.0,5.0
2526,E1,2026-04-03,Norwich,Portsmouth,1,1,D,6.0,5.0,2.0,1.0
2526,E1,2026-04-03,Oxford,Hull,1,1,D,16.0,9.0,4.0,2.0
2526,E1,2026-04-03,QPR,Watford,2,1,H,15.0,7.0,8.0,3.0
2526,E1,2026-04-03,Sheffield United,Swansea,3,3,D,13.0,8.0,4.0,6.0
2526,E1,2026-04-03,Stoke,Sheffield Weds,2,0,H,12.0,16.0,6.0,2.0
2526,E1,2026-04-03,West Brom,Wrexham,2,2,D,9.0,13.0,4.0,3.0
2526,F2,2026-04-03,Annecy,Guingamp,1,0,H,12.0,13.0,6.0,2.0
2526,F2,2026-04-03,Bastia,Amiens,1,1,D,18.0,9.0,9.0,3.0
2526,F2,2026-04-03,Dunkerque,Rodez,1,1,D,13.0,6.0,3.0,2.0
2526,F2,2026-04-03,Grenoble,Clermont,2,2,D,9.0,14.0,2.0,6.0
2526,F2,2026-04-03,Red Star,Laval,0,0,D,20.0,3.0,5.0,2.0
2526,D2,2026-04-04,Bielefeld,Darmstadt,2,1,H,25.0,7.0,8.0,2.0
2526,D2,2026-04-04,Dresden,Hertha,0,1,A,13.0,10.0,5.0,5.0
2526,D2,2026-04-04,Kaiserslautern,Fortuna Dusseldorf,3,0,H,23.0,9.0,9.0,0.0
2526,D2,2026-04-04,Magdeburg,Bochum,4,1,H,12.0,18.0,6.0,6.0
2526,F2,2026-04-04,Montpellier,Troyes,2,2,D,14.0,15.0,5.0,4.0
2526,F2,2026-04-04,Nancy,St Etienne,1,1,D,6.0,14.0,2.0,5.0
2526,F2,2026-04-04,Reims,Boulogne,0,0,D,18.0,10.0,5.0,1.0
2526,SP2,2026-04-04,Albacete,Burgos,2,3,A,7.0,7.0,1.0,4.0
2526,SP2,2026-04-04,Cadiz,Cordoba,1,3,A,10.0,13.0,2.0,9.0
2526,SP2,2026-04-04,Cultural Leonesa,Valladolid,1,0,H,7.0,4.0,3.0,2.0
2526,SP2,2026-04-04,La Coruna,Malaga,1,1,D,19.0,13.0,6.0,1.0
2526,D2,2026-04-05,Braunschweig,Nurnberg,1,1,D,16.0,10.0,5.0,1.0
2526,D2,2026-04-05,Greuther Furth,Paderborn,0,2,A,16.0,15.0,4.0,4.0
2526,D2,2026-04-05,Hannover,Elversberg,1,1,D,11.0,12.0,6.0,4.0
2526,D2,2026-04-05,Holstein Kiel,Preußen Münster,0,0,D,13.0,6.0,0.0,1.0
2526,D2,2026-04-05,Schalke 04,Karlsruhe,1,0,H,24.0,4.0,5.0,1.0
2526,I2,2026-04-05,Frosinone,Padova,2,0,H,24.0,11.0,8.0,2.0
2526,I2,2026-04-05,Palermo,Avellino,2,0,H,10.0,5.0,3.0,1.0
2526,SP2,2026-04-05,Almeria,Leganes,2,1,H,18.0,8.0,7.0,3.0
2526,SP2,2026-04-05,Andorra,Santander,6,2,H,21.0,9.0,9.0,3.0
2526,SP2,2026-04-05,Eibar,Ceuta,3,0,H,13.0,6.0,6.0,1.0
2526,SP2,2026-04-05,Las Palmas,Huesca,2,1,H,13.0,6.0,4.0,4.0
2526,SP2,2026-04-05,Zaragoza,Mirandes,1,2,A,26.0,15.0,4.0,3.0
2526,E1,2026-04-06,Blackburn,West Brom,0,0,D,11.0,6.0,0.0,3.0
2526,E1,2026-04-06,Bristol City,Sheffield United,1,0,H,5.0,21.0,1.0,7.0
2526,E1,2026-04-06,Derby,Stoke,2,0,H,20.0,7.0,3.0,0.0
2526,E1,2026-04-06,Hull,Coventry,0,0,D,13.0,6.0,5.0,1.0
2526,E1,2026-04-06,Ipswich,Birmingham,2,1,H,11.0,9.0,5.0,4.0
2526,E1,2026-04-06,Millwall,Norwich,1,2,A,10.0,12.0,2.0,5.0
2526,E1,2026-04-06,Portsmouth,Oxford,2,2,D,9.0,9.0,3.0,3.0
2526,E1,2026-04-06,Preston,QPR,1,1,D,8.0,18.0,2.0,5.0
2526,E1,2026-04-06,Sheffield Weds,Leicester,1,1,D,6.0,24.0,1.0,12.0
2526,E1,2026-04-06,Swansea,Middlesbrough,2,2,D,12.0,29.0,3.0,6.0
2526,E1,2026-04-06,Watford,Charlton,1,1,D,31.0,14.0,10.0,4.0
2526,F2,2026-04-06,Le Mans,Pau FC,4,0,H,16.0,5.0,9.0,2.0
2526,I2,2026-04-06,Bari,Modena,3,1,H,12.0,19.0,8.0,6.0
2526,I2,2026-04-06,Carrarese,Spezia,3,1,H,12.0,16.0,4.0,4.0
2526,I2,2026-04-06,Catanzaro,Monza,1,1,D,13.0,10.0,3.0,2.0
2526,I2,2026-04-06,Cesena,Sudtirol,1,1,D,11.0,10.0,3.0,1.0
2526,I2,2026-04-06,Mantova,Virtus Entella,1,0,H,12.0,10.0,6.0,1.0
2526,I2,2026-04-06,Reggiana,Pescara,1,3,A,10.0,20.0,3.0,9.0
2526,I2,2026-04-06,Sampdoria,Empoli,1,0,H,13.0,10.0,3.0,0.0
2526,I2,2026-04-06,Venezia,Juve Stabia,3,1,H,19.0,12.0,10.0,4.0
2526,SP2,2026-04-06,Castellon,Granada,3,2,H,11.0,12.0,3.0,6.0
2526,SP2,2026-04-06,Sp Gijon,Sociedad B,1,0,H,21.0,11.0,11.0,2.0
2526,E1,2026-04-07,Wrexham,Southampton,1,5,A,11.0,16.0,2.0,9.0
2526,D2,2026-04-10,Fortuna Dusseldorf,Holstein Kiel,1,2,A,14.0,11.0,5.0,3.0
2526,D2,2026-04-10,Karlsruhe,Bielefeld,4,1,H,12.0,22.0,6.0,5.0
2526,E1,2026-04-10,West Brom,Millwall,0,0,D,16.0,11.0,1.0,3.0
2526,F2,2026-04-10,Amiens,Pau FC,0,1,A,4.0,10.0,1.0,4.0
2526,F2,2026-04-10,Annecy,Montpellier,0,0,D,9.0,4.0,3.0,0.0
2526,F2,2026-04-10,Clermont,Nancy,2,2,D,16.0,5.0,6.0,2.0
2526,F2,2026-04-10,Guingamp,Grenoble,1,1,D,22.0,6.0,4.0,2.0
2526,F2,2026-04-10,Laval,Reims,2,2,D,12.0,12.0,4.0,6.0
2526,I2,2026-04-10,Frosinone,Palermo,1,1,D,14.0,13.0,5.0,7.0
2526,SP2,2026-04-10,Ceuta,Sociedad B,0,0,D,15.0,16.0,4.0,3.0
2526,D2,2026-04-11,Darmstadt,Hannover,0,2,A,16.0,11.0,3.0,6.0
2526,D2,2026-04-11,Hertha,Kaiserslautern,0,1,A,19.0,11.0,6.0,4.0
2526,D2,2026-04-11,Nurnberg,Dresden,0,2,A,16.0,9.0,2.0,2.0
2526,D2,2026-04-11,Preußen Münster,Greuther Furth,0,0,D,12.0,6.0,3.0,5.0
2526,E1,2026-04-11,Charlton,Preston,1,2,A,17.0,14.0,6.0,5.0
2526,E1,2026-04-11,Coventry,Sheffield Weds,0,0,D,20.0,8.0,3.0,0.0
2526,E1,2026-04-11,Leicester,Swansea,0,1,A,19.0,8.0,6.0,1.0
2526,E1,2026-04-11,Middlesbrough,Portsmouth,0,1,A,20.0,3.0,8.0,1.0
2526,E1,2026-04-11,Norwich,Ipswich,0,2,A,15.0,9.0,3.0,5.0
2526,E1,2026-04-11,Oxford,Watford,2,0,H,15.0,12.0,6.0,3.0
2526,E1,2026-04-11,QPR,Bristol City,0,0,D,10.0,13.0,2.0,6.0
2526,E1,2026-04-11,Sheffield United,Hull,2,1,H,15.0,18.0,7.0,4.0
2526,E1,2026-04-11,Southampton,Derby,2,1,H,15.0,9.0,5.0,4.0
2526,E1,2026-04-11,Stoke,Blackburn,1,1,D,10.0,11.0,3.0,3.0
2526,F2,2026-04-11,Boulogne,Le Mans,0,0,D,2.0,13.0,2.0,3.0
2526,F2,2026-04-11,Red Star,Bastia,4,3,H,18.0,12.0,8.0,7.0
2526,F2,2026-04-11,St Etienne,Dunkerque,2,1,H,20.0,6.0,7.0,2.0
2526,I2,2026-04-11,Avellino,Catanzaro,1,1,D,19.0,7.0,5.0,2.0
2526,I2,2026-04-11,Juve Stabia,Cesena,2,0,H,7.0,16.0,3.0,2.0
2526,I2,2026-04-11,Monza,Bari,2,0,H,18.0,7.0,8.0,0.0
2526,I2,2026-04-11,Pescara,Sampdoria,1,2,A,12.0,14.0,2.0,2.0
2526,I2,2026-04-11,Sudtirol,Modena,1,1,D,18.0,17.0,5.0,3.0
2526,I2,2026-04-11,Virtus Entella,Venezia,1,1,D,9.0,10.0,4.0,2.0
2526,SP2,2026-04-11,Burgos,Sp Gijon,1,0,H,10.0,11.0,4.0,0.0
2526,SP2,2026-04-11,Cordoba,Zaragoza,1,0,H,13.0,10.0,4.0,2.0
2526,SP2,2026-04-11,Leganes,Albacete,2,1,H,20.0,9.0,5.0,3.0
2526,SP2,2026-04-11,Malaga,Las Palmas,2,0,H,17.0,11.0,5.0,3.0
2526,D2,2026-04-12,Bochum,Braunschweig,4,1,H,15.0,15.0,6.0,2.0
2526,D2,2026-04-12,Elversberg,Schalke 04,1,2,A,11.0,9.0,5.0,3.0
2526,D2,2026-04-12,Paderborn,Magdeburg,4,3,H,10.0,16.0,5.0,9.0
2526,E1,2026-04-12,Birmingham,Wrexham,2,0,H,15.0,4.0,8.0,0.0
2526,I2,2026-04-12,Padova,Empoli,1,0,H,16.0,11.0,7.0,1.0
2526,I2,2026-04-12,Reggiana,Carrarese,2,0,H,10.0,19.0,4.0,1.0
2526,I2,2026-04-12,Spezia,Mantova,0,2,A,12.0,13.0,3.0,5.0
2526,SP2,2026-04-12,Cadiz,Andorra,0,1,A,11.0,7.0,5.0,3.0
2526,SP2,2026-04-12,Granada,Cultural Leonesa,1,0,H,11.0,9.0,5.0,3.0
2526,SP2,2026-04-12,Huesca,La Coruna,1,1,D,9.0,17.0,2.0,3.0
2526,SP2,2026-04-12,Mirandes,Castellon,2,2,D,10.0,19.0,7.0,6.0
2526,SP2,2026-04-12,Santander,Almeria,5,1,H,26.0,10.0,13.0,3.0
2526,F2,2026-04-13,Rodez,Troyes,2,1,H,20.0,14.0,7.0,7.0
2526,SP2,2026-04-13,Valladolid,Eibar,0,0,D,9.0,0.0,2.0,0.0
2526,E1,2026-04-14,Portsmouth,Ipswich,2,0,H,11.0,11.0,4.0,2.0
2526,E1,2026-04-14,Southampton,Blackburn,3,0,H,16.0,8.0,7.0,3.0
2526,I2,2026-04-14,Catanzaro,Modena,2,2,D,8.0,8.0,4.0,3.0
2526,D2,2026-04-17,Elversberg,Karlsruhe,3,0,H,15.0,10.0,10.0,2.0
2526,D2,2026-04-17,Holstein Kiel,Kaiserslautern,3,0,H,15.0,6.0,5.0,2.0
2526,E1,2026-04-17,Blackburn,Coventry,1,1,D,7.0,12.0,2.0,2.0
2526,F2,2026-04-17,Le Mans,Clermont,1,0,H,13.0,10.0,6.0,1.0
2526,F2,2026-04-17,Montpellier,Grenoble,2,1,H,11.0,12.0,6.0,4.0
2526,F2,2026-04-17,Nancy,Annecy,1,5,A,8.0,16.0,1.0,8.0
2526,F2,2026-04-17,Pau FC,Guingamp,2,1,H,9.0,5.0,3.0,1.0
2526,F2,2026-04-17,Rodez,Amiens,3,2,H,13.0,13.0,6.0,4.0
2526,I2,2026-04-17,Sampdoria,Monza,0,3,A,19.0,15.0,8.0,4.0
2526,SP2,2026-04-17,Las Palmas,Leganes,2,0,H,12.0,11.0,5.0,1.0
2526,SP2,2026-04-17,Sociedad B,Santander,1,3,A,17.0,11.0,3.0,7.0
2526,D2,2026-04-18,Bielefeld,Nurnberg,1,1,D,10.0,9.0,2.0,3.0
2526,D2,2026-04-18,Dresden,Bochum,2,0,H,9.0,13.0,6.0,5.0
2526,D2,2026-04-18,Hannover,Paderborn,1,1,D,5.0,16.0,2.0,6.0
2526,D2,2026-04-18,Magdeburg,Fortuna Dusseldorf,2,0,H,11.0,11.0,5.0,4.0
2526,E1,2026-04-18,Bristol City,Norwich,2,4,A,9.0,19.0,6.0,9.0
2526,E1,2026-04-18,Derby,Oxford,1,0,H,15.0,11.0,2.0,0.0
2526,E1,2026-04-18,Hull,Birmingham,1,1,D,14.0,11.0,3.0,5.0
2526,E1,2026-04-18,Millwall,QPR,2,0,H,11.0,5.0,4.0,1.0
2526,E1,2026-04-18,Portsmouth,Leicester,1,0,H,11.0,14.0,2.0,3.0
2526,E1,2026-04-18,Preston,West Brom,0,2,A,9.0,8.0,1.0,3.0
2526,E1,2026-04-18,Sheffield Weds,Charlton,1,1,D,9.0,12.0,2.0,3.0
2526,E1,2026-04-18,Swansea,Southampton,1,2,A,10.0,16.0,3.0,6.0
2526,E1,2026-04-18,Watford,Sheffield United,0,2,A,14.0,11.0,3.0,5.0
2526,E1,2026-04-18,Wrexham,Stoke,2,0,H,9.0,6.0,4.0,0.0
2526,F2,2026-04-18,Bastia,St Etienne,2,0,H,10.0,10.0,4.0,2.0
2526,F2,2026-04-18,Reims,Red Star,3,2,H,11.0,12.0,6.0,4.0
2526,F2,2026-04-18,Troyes,Boulogne,1,0,H,11.0,5.0,5.0,1.0
2526,I2,2026-04-18,Bari,Venezia,0,3,A,6.0,17.0,2.0,7.0
2526,I2,2026-04-18,Juve Stabia,Catanzaro,1,1,D,7.0,14.0,3.0,5.0
2526,I2,2026-04-18,Mantova,Avellino,0,2,A,12.0,6.0,3.0,3.0
2526,I2,2026-04-18,Modena,Frosinone,1,2,A,19.0,20.0,7.0,9.0
2526,I2,2026-04-18,Palermo,Cesena,2,0,H,17.0,14.0,3.0,3.0
2526,I2,2026-04-18,Spezia,Sudtirol,6,1,H,19.0,5.0,9.0,1.0
2526,SP2,2026-04-18,Castellon,Burgos,3,1,H,14.0,7.0,6.0,2.0
2526,SP2,2026-04-18,Cultural Leonesa,Cordoba,1,2,A,17.0,17.0,10.0,5.0
2526,SP2,2026-04-18,Zaragoza,Ceuta,2,2,D,25.0,8.0,8.0,3.0
2526,D2,2026-04-19,Braunschweig,Hertha,1,1,D,16.0,10.0,4.0,2.0
2526,D2,2026-04-19,Greuther Furth,Darmstadt,3,2,H,20.0,12.0,7.0,3.0
2526,D2,2026-04-19,Schalke 04,Preußen Münster,4,1,H,24.0,4.0,9.0,2.0
2526,E1,2026-04-19,Ipswich,Middlesbrough,2,2,D,17.0,15.0,5.0,9.0
2526,I2,2026-04-19,Carrarese,Pescara,2,2,D,14.0,14.0,5.0,4.0
2526,I2,2026-04-19,Empoli,Virtus Entella,1,1,D,15.0,9.0,2.0,1.0
2526,I2,2026-04-19,Padova,Reggiana,1,0,H,10.0,12.0,2.0,3.0
2526,SP2,2026-04-19,Albacete,Granada,4,1,H,12.0,15.0,6.0,4.0
2526,SP2,2026-04-19,Almeria,Malaga,3,2,H,19.0,13.0,6.0,4.0
2526,SP2,2026-04-19,Andorra,Valladolid,1,0,H,11.0,4.0,1.0,0.0
2526,SP2,2026-04-19,Eibar,Huesca,2,1,H,13.0,6.0,4.0,2.0
2526,SP2,2026-04-19,Sp Gijon,Cadiz,3,0,H,15.0,11.0,6.0,2.0
2526,F2,2026-04-20,Dunkerque,Laval,0,2,A,14.0,11.0,3.0,7.0
2526,SP2,2026-04-20,La Coruna,Mirandes,3,1,H,12.0,12.0,4.0,6.0
2526,E1,2026-04-21,Coventry,Portsmouth,5,1,H,15.0,4.0,6.0,2.0
2526,E1,2026-04-21,Leicester,Hull,2,2,D,20.0,13.0,4.0,4.0
2526,E1,2026-04-21,Norwich,Derby,2,1,H,14.0,11.0,6.0,8.0
2526,E1,2026-04-21,Oxford,Wrexham,0,1,A,19.0,11.0,4.0,4.0
2526,E1,2026-04-21,QPR,Swansea,1,2,A,12.0,17.0,5.0,11.0
2526,E1,2026-04-21,Southampton,Bristol City,2,2,D,10.0,8.0,4.0,5.0
2526,E1,2026-04-21,Stoke,Millwall,1,3,A,12.0,14.0,4.0,6.0
2526,E1,2026-04-21,West Brom,Watford,3,0,H,14.0,8.0,6.0,3.0
2526,E1,2026-04-22,Birmingham,Preston,2,1,H,18.0,16.0,5.0,6.0
2526,E1,2026-04-22,Charlton,Ipswich,1,2,A,6.0,13.0,3.0,5.0
2526,E1,2026-04-22,Middlesbrough,Sheffield Weds,1,0,H,18.0,8.0,4.0,1.0
2526,E1,2026-04-22,Sheffield United,Blackburn,1,3,A,13.0,8.0,4.0,5.0
2526,D2,2026-04-24,Fortuna Dusseldorf,Dresden,3,1,H,9.0,17.0,6.0,5.0
2526,D2,2026-04-24,Kaiserslautern,Braunschweig,0,2,A,13.0,8.0,3.0,3.0
2526,E1,2026-04-24,Leicester,Millwall,1,1,D,10.0,22.0,3.0,4.0
2526,F2,2026-04-24,Amiens,Montpellier,0,2,A,22.0,15.0,5.0,9.0
2526,F2,2026-04-24,Annecy,Pau FC,5,1,H,12.0,6.0,6.0,4.0
2526,F2,2026-04-24,Clermont,Bastia,1,1,D,9.0,15.0,2.0,3.0
2526,F2,2026-04-24,Laval,Rodez,0,0,D,5.0,12.0,3.0,1.0
2526,F2,2026-04-24,Red Star,Guingamp,3,2,H,8.0,13.0,5.0,6.0
2526,I2,2026-04-24,Avellino,Bari,2,0,H,18.0,9.0,6.0,0.0
2526,I2,2026-04-24,Monza,Modena,1,0,H,10.0,15.0,4.0,5.0
2526,SP2,2026-04-24,Albacete,Eibar,0,3,A,25.0,11.0,5.0,4.0
2526,D2,2026-04-25,Darmstadt,Elversberg,3,3,D,13.0,17.0,4.0,4.0
2526,D2,2026-04-25,Hertha,Holstein Kiel,0,1,A,23.0,6.0,3.0,1.0
2526,D2,2026-04-25,Karlsruhe,Hannover,1,3,A,8.0,10.0,2.0,6.0
2526,D2,2026-04-25,Preußen Münster,Bielefeld,2,3,A,17.0,12.0,5.0,4.0
2526,E1,2026-04-25,Birmingham,Bristol City,2,1,H,11.0,9.0,6.0,2.0
2526,E1,2026-04-25,Charlton,Hull,2,1,H,12.0,14.0,7.0,4.0
2526,E1,2026-04-25,Middlesbrough,Watford,5,1,H,20.0,12.0,9.0,3.0
2526,E1,2026-04-25,Norwich,Swansea,1,1,D,16.0,8.0,8.0,2.0
2526,E1,2026-04-25,Oxford,Sheffield Weds,4,1,H,20.0,9.0,10.0,3.0
2526,E1,2026-04-25,QPR,Derby,2,3,A,23.0,12.0,12.0,3.0
2526,E1,2026-04-25,Sheffield United,Preston,2,3,A,17.0,12.0,3.0,6.0
2526,E1,2026-04-25,Stoke,Portsmouth,1,3,A,13.0,8.0,3.0,4.0
2526,E1,2026-04-25,West Brom,Ipswich,0,0,D,12.0,13.0,6.0,3.0
2526,F2,2026-04-25,Grenoble,Le Mans,1,1,D,6.0,9.0,2.0,4.0
2526,F2,2026-04-25,Reims,Nancy,1,1,D,12.0,7.0,4.0,1.0
2526,F2,2026-04-25,St Etienne,Troyes,0,3,A,13.0,16.0,3.0,4.0
2526,I2,2026-04-25,Catanzaro,Spezia,4,2,H,14.0,12.0,8.0,4.0
2526,I2,2026-04-25,Cesena,Sampdoria,0,0,D,10.0,13.0,2.0,3.0
2526,I2,2026-04-25,Frosinone,Carrarese,3,0,H,20.0,15.0,4.0,3.0
2526,I2,2026-04-25,Pescara,Juve Stabia,1,1,D,8.0,13.0,4.0,7.0
2526,I2,2026-04-25,Reggiana,Palermo,1,1,D,3.0,20.0,1.0,10.0
2526,I2,2026-04-25,Sudtirol,Mantova,0,3,A,9.0,11.0,0.0,5.0
2526,I2,2026-04-25,Venezia,Empoli,2,0,H,18.0,9.0,6.0,3.0
2526,I2,2026-04-25,Virtus Entella,Padova,1,0,H,14.0,8.0,7.0,1.0
2526,SP2,2026-04-25,Burgos,La Coruna,1,1,D,12.0,7.0,4.0,4.0
2526,SP2,2026-04-25,Malaga,Castellon,2,3,A,12.0,13.0,7.0,8.0
2526,SP2,2026-04-25,Valladolid,Sociedad B,1,0,H,11.0,11.0,1.0,3.0
2526,D2,2026-04-26,Bochum,Greuther Furth,2,1,H,17.0,14.0,4.0,4.0
2526,D2,2026-04-26,Nurnberg,Magdeburg,1,0,H,14.0,6.0,6.0,1.0
2526,D2,2026-04-26,Paderborn,Schalke 04,2,3,A,14.0,11.0,4.0,7.0
2526,E1,2026-04-26,Coventry,Wrexham,3,1,H,15.0,13.0,6.0,2.0
2526,SP2,2026-04-26,Ceuta,Santander,0,0,D,6.0,19.0,0.0,9.0
2526,SP2,2026-04-26,Cordoba,Sp Gijon,3,2,H,16.0,8.0,3.0,3.0
2526,SP2,2026-04-26,Granada,Almeria,2,4,A,10.0,19.0,6.0,10.0
2526,SP2,2026-04-26,Huesca,Zaragoza,1,0,H,12.0,7.0,5.0,2.0
2526,SP2,2026-04-26,Leganes,Andorra,0,4,A,17.0,15.0,8.0,10.0
2526,SP2,2026-04-26,Mirandes,Cultural Leonesa,2,1,H,19.0,10.0,7.0,5.0
2526,F2,2026-04-27,Boulogne,Dunkerque,2,6,A,9.0,10.0,4.0,8.0
2526,SP2,2026-04-27,Cadiz,Las Palmas,1,2,A,11.0,14.0,4.0,4.0
2526,E1,2026-04-28,Southampton,Ipswich,2,2,D,18.0,19.0,4.0,9.0
2526,I2,2026-05-01,Bari,Virtus Entella,2,0,H,5.0,16.0,5.0,5.0
2526,I2,2026-05-01,Carrarese,Cesena,0,0,D,23.0,6.0,3.0,2.0
2526,I2,2026-05-01,Empoli,Avellino,1,0,H,17.0,5.0,9.0,2.0
2526,I2,2026-05-01,Juve Stabia,Frosinone,0,1,A,20.0,12.0,4.0,3.0
2526,I2,2026-05-01,Mantova,Monza,3,2,H,18.0,23.0,7.0,10.0
2526,I2,2026-05-01,Modena,Reggiana,2,1,H,9.0,16.0,3.0,5.0
2526,I2,2026-05-01,Padova,Pescara,1,0,H,11.0,10.0,4.0,5.0
2526,I2,2026-05-01,Palermo,Catanzaro,3,2,H,12.0,15.0,6.0,8.0
2526,I2,2026-05-01,Sampdoria,Sudtirol,1,0,H,8.0,8.0,3.0,3.0
2526,I2,2026-05-01,Spezia,Venezia,2,2,D,11.0,17.0,3.0,4.0
2526,SP2,2026-05-01,Andorra,Albacete,0,1,A,25.0,4.0,7.0,2.0
2526,SP2,2026-05-01,La Coruna,Leganes,2,1,H,16.0,14.0,6.0,6.0
2526,SP2,2026-05-01,Zaragoza,Granada,0,1,A,7.0,11.0,2.0,4.0
2526,D2,2026-05-02,Bielefeld,Bochum,1,1,D,8.0,6.0,3.0,2.0
2526,D2,2026-05-02,Dresden,Kaiserslautern,1,0,H,15.0,5.0,4.0,0.0
2526,D2,2026-05-02,Holstein Kiel,Braunschweig,2,0,H,12.0,9.0,4.0,3.0
2526,D2,2026-05-02,Schalke 04,Fortuna Dusseldorf,1,0,H,14.0,6.0,6.0,2.0
2526,E1,2026-05-02,Blackburn,Leicester,0,1,A,12.0,22.0,3.0,9.0
2526,E1,2026-05-02,Bristol City,Stoke,2,0,H,13.0,16.0,5.0,2.0
2526,E1,2026-05-02,Derby,Sheffield United,1,2,A,17.0,15.0,6.0,8.0
2526,E1,2026-05-02,Hull,Norwich,2,1,H,8.0,12.0,6.0,2.0
2526,E1,2026-05-02,Ipswich,QPR,3,0,H,14.0,13.0,7.0,4.0
2526,E1,2026-05-02,Millwall,Oxford,2,0,H,22.0,4.0,8.0,1.0
2526,E1,2026-05-02,Portsmouth,Birmingham,1,1,D,14.0,13.0,2.0,5.0
2526,E1,2026-05-02,Preston,Southampton,1,3,A,16.0,18.0,5.0,5.0
2526,E1,2026-05-02,Sheffield Weds,West Brom,2,1,H,11.0,13.0,5.0,5.0
2526,E1,2026-05-02,Swansea,Charlton,3,1,H,20.0,12.0,8.0,3.0
2526,E1,2026-05-02,Watford,Coventry,0,4,A,13.0,18.0,4.0,7.0
2526,E1,2026-05-02,Wrexham,Middlesbrough,2,2,D,20.0,11.0,8.0,5.0
2526,F2,2026-05-02,Amiens,Red Star,1,3,A,11.0,16.0,4.0,8.0
2526,F2,2026-05-02,Boulogne,Annecy,1,2,A,7.0,11.0,3.0,3.0
2526,F2,2026-05-02,Dunkerque,Grenoble,0,1,A,14.0,6.0,7.0,2.0
2526,F2,2026-05-02,Guingamp,Bastia,0,1,A,9.0,12.0,0.0,6.0
2526,F2,2026-05-02,Le Mans,Reims,1,1,D,17.0,8.0,8.0,3.0
2526,F2,2026-05-02,Montpellier,Clermont,1,2,A,15.0,7.0,6.0,3.0
2526,F2,2026-05-02,Pau FC,Nancy,1,3,A,16.0,9.0,4.0,6.0
2526,F2,2026-05-02,Rodez,St Etienne,2,1,H,17.0,11.0,5.0,6.0
2526,F2,2026-05-02,Troyes,Laval,4,0,H,18.0,6.0,9.0,1.0
2526,SP2,2026-05-02,Castellon,Cordoba,1,2,A,24.0,12.0,10.0,7.0
2526,SP2,2026-05-02,Cultural Leonesa,Cadiz,2,2,D,15.0,9.0,5.0,3.0
2526,SP2,2026-05-02,Eibar,Malaga,2,4,A,13.0,19.0,5.0,8.0
2526,D2,2026-05-03,Elversberg,Paderborn,5,1,H,8.0,11.0,5.0,6.0
2526,D2,2026-05-03,Greuther Furth,Nurnberg,1,1,D,13.0,20.0,6.0,6.0
2526,D2,2026-05-03,Hannover,Preußen Münster,3,3,D,19.0,16.0,7.0,8.0
2526,D2,2026-05-03,Karlsruhe,Darmstadt,2,1,H,22.0,14.0,8.0,3.0
2526,D2,2026-05-03,Magdeburg,Hertha,1,0,H,7.0,14.0,1.0,2.0
2526,SP2,2026-05-03,Las Palmas,Valladolid,2,1,H,12.0,8.0,4.0,2.0
2526,SP2,2026-05-03,Santander,Huesca,4,2,H,25.0,9.0,15.0,4.0
2526,SP2,2026-05-03,Sociedad B,Burgos,0,0,D,15.0,7.0,4.0,2.0
2526,SP2,2026-05-03,Sp Gijon,Ceuta,1,2,A,9.0,17.0,3.0,8.0
2526,SP2,2026-05-04,Almeria,Mirandes,4,2,H,9.0,12.0,3.0,5.0
2526,D2,2026-05-08,Kaiserslautern,Bielefeld,2,0,H,12.0,19.0,6.0,5.0
2526,D2,2026-05-08,Paderborn,Karlsruhe,2,2,D,19.0,8.0,6.0,4.0
2526,I2,2026-05-08,Avellino,Modena,1,0,H,17.0,4.0,8.0,1.0
2526,I2,2026-05-08,Catanzaro,Bari,2,3,A,9.0,8.0,6.0,3.0
2526,I2,2026-05-08,Cesena,Padova,3,4,A,30.0,15.0,11.0,7.0
2526,I2,2026-05-08,Frosinone,Mantova,5,0,H,15.0,16.0,8.0,5.0
2526,I2,2026-05-08,Monza,Empoli,2,2,D,20.0,10.0,8.0,5.0
2526,I2,2026-05-08,Pescara,Spezia,1,1,D,11.0,7.0,6.0,1.0
2526,I2,2026-05-08,Reggiana,Sampdoria,1,0,H,14.0,14.0,2.0,6.0
2526,I2,2026-05-08,Sudtirol,Juve Stabia,1,1,D,23.0,6.0,5.0,1.0
2526,I2,2026-05-08,Venezia,Palermo,2,0,H,21.0,13.0,9.0,2.0
2526,I2,2026-05-08,Virtus Entella,Carrarese,2,1,H,19.0,10.0,6.0,2.0
2526,SP2,2026-05-08,Cadiz,La Coruna,0,1,A,7.0,19.0,1.0,8.0
2526,D2,2026-05-09,Bochum,Hannover,1,1,D,10.0,10.0,2.0,1.0
2526,D2,2026-05-09,Braunschweig,Dresden,2,1,H,9.0,14.0,2.0,4.0
2526,D2,2026-05-09,Holstein Kiel,Magdeburg,1,3,A,13.0,14.0,5.0,7.0
2526,D2,2026-05-09,Nurnberg,Schalke 04,3,0,H,15.0,16.0,5.0,2.0
2526,F2,2026-05-09,Annecy,Rodez,1,2,A,7.0,12.0,2.0,2.0
2526,F2,2026-05-09,Bastia,Le Mans,0,2,A,8.0,8.0,2.0,5.0
2526,F2,2026-05-09,Clermont,Guingamp,1,0,H,19.0,17.0,6.0,5.0
2526,F2,2026-05-09,Grenoble,Troyes,1,0,H,7.0,11.0,3.0,3.0
2526,F2,2026-05-09,Laval,Boulogne,2,1,H,14.0,7.0,6.0,4.0
2526,F2,2026-05-09,Nancy,Dunkerque,3,2,H,20.0,22.0,7.0,7.0
2526,F2,2026-05-09,Red Star,Montpellier,1,1,D,17.0,8.0,5.0,5.0
2526,F2,2026-05-09,Reims,Pau FC,5,3,H,13.0,11.0,9.0,5.0
2526,F2,2026-05-09,St Etienne,Amiens,5,0,H,19.0,14.0,9.0,1.0
2526,SP2,2026-05-09,Albacete,Cultural Leonesa,2,1,H,17.0,12.0,9.0,4.0
2526,SP2,2026-05-09,Burgos,Almeria,0,0,D,20.0,20.0,5.0,4.0
2526,SP2,2026-05-09,Ceuta,Castellon,1,1,D,8.0,18.0,4.0,5.0
2526,SP2,2026-05-09,Malaga,Sp Gijon,2,1,H,24.0,5.0,7.0,2.0
2526,SP2,2026-05-09,Valladolid,Zaragoza,2,0,H,6.0,8.0,3.0,5.0
2526,D2,2026-05-10,Fortuna Dusseldorf,Elversberg,3,1,H,9.0,16.0,2.0,2.0
2526,D2,2026-05-10,Hertha,Greuther Furth,2,1,H,8.0,29.0,5.0,3.0
2526,D2,2026-05-10,Preußen Münster,Darmstadt,1,1,D,10.0,22.0,4.0,7.0
2526,SP2,2026-05-10,Andorra,Las Palmas,5,1,H,19.0,8.0,9.0,4.0
2526,SP2,2026-05-10,Cordoba,Granada,1,0,H,19.0,6.0,4.0,2.0
2526,SP2,2026-05-10,Leganes,Santander,1,2,A,10.0,13.0,4.0,5.0
2526,SP2,2026-05-10,Mirandes,Eibar,0,1,A,19.0,8.0,2.0,2.0
2526,SP2,2026-05-11,Huesca,Sociedad B,1,2,A,19.0,16.0,5.0,5.0
2526,SP2,2026-05-15,Castellon,Cadiz,1,1,D,19.0,4.0,2.0,4.0
2526,SP2,2026-05-15,Cordoba,Albacete,1,2,A,31.0,12.0,10.0,3.0
2526,SP2,2026-05-16,Almeria,Las Palmas,1,2,A,18.0,14.0,5.0,6.0
2526,SP2,2026-05-16,Ceuta,Malaga,1,4,A,14.0,11.0,6.0,8.0
2526,SP2,2026-05-16,Cultural Leonesa,Eibar,2,1,H,8.0,14.0,3.0,3.0
2526,SP2,2026-05-16,Granada,Burgos,0,1,A,8.0,8.0,1.0,2.0
2526,SP2,2026-05-16,Santander,Valladolid,4,1,H,11.0,11.0,8.0,2.0
2526,SP2,2026-05-16,Sociedad B,Mirandes,2,2,D,17.0,3.0,6.0,3.0
2526,D2,2026-05-17,Bielefeld,Hertha,6,1,H,27.0,9.0,12.0,3.0
2526,D2,2026-05-17,Darmstadt,Paderborn,0,2,A,23.0,7.0,8.0,5.0
2526,D2,2026-05-17,Dresden,Holstein Kiel,2,1,H,10.0,9.0,2.0,3.0
2526,D2,2026-05-17,Elversberg,Preußen Münster,3,0,H,11.0,5.0,5.0,2.0
2526,D2,2026-05-17,Greuther Furth,Fortuna Dusseldorf,3,0,H,13.0,12.0,8.0,0.0
2526,D2,2026-05-17,Hannover,Nurnberg,3,3,D,23.0,18.0,9.0,6.0
2526,D2,2026-05-17,Karlsruhe,Bochum,1,2,A,16.0,11.0,6.0,4.0
2526,D2,2026-05-17,Magdeburg,Kaiserslautern,0,1,A,13.0,8.0,4.0,4.0
2526,D2,2026-05-17,Schalke 04,Braunschweig,1,0,H,13.0,6.0,4.0,1.0
2526,SP2,2026-05-17,La Coruna,Andorra,2,1,H,14.0,11.0,7.0,4.0
2526,SP2,2026-05-17,Zaragoza,Sp Gijon,1,3,A,16.0,10.0,2.0,7.0
2526,SP2,2026-05-18,Leganes,Huesca,0,0,D,13.0,10.0,2.0,2.0
2526,SP2,2026-05-24,Albacete,Sociedad B,3,1,H,20.0,12.0,7.0,4.0
2526,SP2,2026-05-24,Andorra,Ceuta,0,2,A,11.0,4.0,2.0,1.0
2526,SP2,2026-05-24,Cadiz,Leganes,3,0,H,12.0,12.0,3.0,5.0
2526,SP2,2026-05-24,Cultural Leonesa,Burgos,0,2,A,16.0,9.0,4.0,4.0
2526,SP2,2026-05-24,Eibar,Cordoba,2,0,H,9.0,20.0,2.0,5.0
2526,SP2,2026-05-24,Huesca,Castellon,0,1,A,7.0,16.0,2.0,9.0
2526,SP2,2026-05-24,Las Palmas,Zaragoza,1,1,D,13.0,8.0,6.0,1.0
2526,SP2,2026-05-24,Malaga,Santander,1,1,D,17.0,21.0,6.0,8.0
2526,SP2,2026-05-24,Mirandes,Granada,3,1,H,18.0,10.0,8.0,4.0
2526,SP2,2026-05-24,Sp Gijon,Almeria,3,1,H,13.0,20.0,8.0,7.0
2526,SP2,2026-05-24,Valladolid,La Coruna,0,2,A,15.0,9.0,2.0,3.0
2526,SP2,2026-05-30,Ceuta,Albacete,1,0,H,8.0,11.0,4.0,4.0
2526,SP2,2026-05-30,Granada,Sp Gijon,1,2,A,10.0,8.0,3.0,2.0
2526,SP2,2026-05-30,Sociedad B,Cultural Leonesa,1,1,D,12.0,11.0,4.0,3.0
2526,SP2,2026-05-31,Almeria,Valladolid,1,0,H,25.0,8.0,9.0,4.0
2526,SP2,2026-05-31,Burgos,Andorra,1,0,H,11.0,13.0,5.0,3.0
2526,SP2,2026-05-31,Castellon,Eibar,2,1,H,21.0,12.0,9.0,2.0
2526,SP2,2026-05-31,Cordoba,Huesca,1,1,D,22.0,13.0,4.0,6.0
2526,SP2,2026-05-31,La Coruna,Las Palmas,1,2,A,6.0,5.0,3.0,2.0
2526,SP2,2026-05-31,Leganes,Mirandes,1,0,H,7.0,12.0,2.0,5.0
2526,SP2,2026-05-31,Santander,Cadiz,4,1,H,21.0,12.0,8.0,3.0
2526,SP2,2026-05-31,Zaragoza,Malaga,0,2,A,5.0,17.0,2.0,7.0
